Administrative,Administrative_Duration,Informational,Informational_Duration,ProductRelated,ProductRelated_Duration,BounceRates,ExitRates,PageValues,SpecialDay,Month,OperatingSystems,Browser,Region,TrafficType,VisitorType,Weekend,Total_Pages_Viewed,Total_Browsing_Duration,Product_Page_Share,Avg_Duration_Per_Page,Product_Duration_Share,Actual,Predicted,Prediction_Probability
0,0.0,0,0.0,12,482.5,0.02,0.04,0.0,0.0,Nov,1,2,1,10,Returning_Visitor,False,12,482.5,1.0,40.208333333333336,1.0,False,False,0.13446108139764995
2,287.2,0,0.0,16,473.2833333,0.0,0.002222222,0.0,0.0,Oct,2,2,1,2,New_Visitor,True,18,760.4833332999999,0.8888888888888888,42.24907407222221,0.6223454381916038,False,False,0.07810605109415901
2,187.9,4,100.1,29,2107.033333,0.0,0.024242424,0.0,0.0,Oct,1,1,3,1,Returning_Visitor,False,35,2395.033333,0.8285714285714286,68.4295238,0.8797511516721759,False,False,0.03147127275427242
7,280.2666667,0,0.0,11,329.6833333,0.0,0.023076923,0.0,0.0,Dec,2,2,7,2,Returning_Visitor,False,18,609.95,0.6111111111111112,33.88611111111111,0.5405087848184277,False,False,0.06255564113441531
0,0.0,0,0.0,5,0.0,0.2,0.2,0.0,0.0,May,3,2,5,6,Returning_Visitor,False,5,0.0,1.0,0.0,0.0,False,False,0.008396239505207861
11,250.25,0,0.0,169,8276.292565,0.002406417,0.016051967,8.174728678,0.0,Nov,4,1,1,8,Returning_Visitor,True,180,8526.542565,0.9388888888888888,47.36968091666667,0.9706504719712262,False,True,0.8785892984503073
0,0.0,0,0.0,5,1377.25,0.18,0.186666667,0.0,0.0,Nov,3,2,6,1,Returning_Visitor,False,5,1377.25,1.0,275.45,1.0,False,False,0.059679413622777296
10,519.0,0,0.0,89,2577.960349,0.012852234,0.03729051,0.0,0.0,Jul,3,2,7,1,Returning_Visitor,False,99,3096.960349,0.898989898989899,31.28242776767677,0.8324163239068968,False,False,0.024669641918975582
0,0.0,0,0.0,2,180.1470588,0.033333333,0.055555556,0.0,0.0,Nov,6,2,3,8,Returning_Visitor,False,2,180.1470588,1.0,90.0735294,1.0,False,False,0.11937610989652642
0,0.0,0,0.0,6,161.6666667,0.0,0.05,0.0,0.0,Dec,2,2,9,3,New_Visitor,False,6,161.6666667,1.0,26.94444445,1.0,False,False,0.0290194775121552
0,0.0,0,0.0,51,6505.333333,0.036,0.050333333,0.0,0.0,Dec,2,2,6,1,Returning_Visitor,True,51,6505.333333,1.0,127.5555555490196,1.0,False,False,0.024914958404171902
0,0.0,0,0.0,43,3747.833333,0.020930233,0.051162791,0.0,0.0,Jul,2,2,3,13,Returning_Visitor,False,43,3747.833333,1.0,87.15891472093023,1.0,False,False,0.027056717199269803
0,0.0,0,0.0,8,122.75,0.0,0.028571429,0.0,0.0,Nov,3,2,1,2,New_Visitor,False,8,122.75,1.0,15.34375,1.0,False,False,0.26521768670792256
1,6.0,0,0.0,44,2011.305556,0.0,0.012301587,0.0,0.0,Nov,2,2,1,3,Returning_Visitor,False,45,2017.305556,0.9777777777777776,44.82901235555556,0.9970257356491412,False,False,0.1785274745046601
4,196.5,3,72.5,245,7569.248612,0.007646236,0.016468484,4.770910365,0.0,Nov,3,2,1,13,Returning_Visitor,True,252,7838.248612,0.9722222222222222,31.10416115873016,0.9656811089676112,False,True,0.6376490158434341
0,0.0,0,0.0,2,0.0,0.2,0.2,0.0,0.0,May,1,1,1,1,Returning_Visitor,False,2,0.0,1.0,0.0,0.0,False,False,0.00850370567747696
0,0.0,1,0.0,46,4053.092208,0.014184397,0.029684228,0.0,0.0,Mar,1,1,1,2,Returning_Visitor,False,47,4053.092208,0.9787234042553192,86.23600442553192,1.0,False,False,0.047684145119126276
0,0.0,0,0.0,33,663.2333333,0.026470588,0.059803922,0.0,0.8,May,3,2,3,13,Returning_Visitor,False,33,663.2333333,1.0,20.097979796969696,1.0,False,False,0.007355693325158569
0,0.0,0,0.0,14,158.5,0.0,0.028571429,0.0,0.0,May,2,2,6,6,Returning_Visitor,True,14,158.5,1.0,11.321428571428571,1.0,False,False,0.0184899667999633
9,551.7944444,4,124.2,94,5579.315873,0.0,0.007335491,0.0,0.0,June,2,2,5,2,New_Visitor,False,107,6255.3103174,0.8785046728971962,58.46084408785047,0.8919327083550709,False,False,0.04290430811599225
3,31.6,0,0.0,17,372.8,0.013333333,0.026428571,2.3976,0.0,Mar,3,2,7,1,Returning_Visitor,False,20,404.4,0.85,20.22,0.9218595450049456,False,True,0.5166952344036642
0,0.0,0,0.0,6,285.5,0.0,0.04,18.1695357,0.0,Nov,1,1,1,8,New_Visitor,False,6,285.5,1.0,47.583333333333336,1.0,True,True,0.9419948231497666
6,192.5,0,0.0,14,327.0,0.0,0.00625,0.0,0.0,Mar,1,1,1,9,Returning_Visitor,True,20,519.5,0.7,25.975,0.629451395572666,False,False,0.051780905544334004
0,0.0,0,0.0,12,168.2857143,0.0,0.069444444,0.0,0.8,May,2,2,2,2,Returning_Visitor,False,12,168.2857143,1.0,14.023809525,1.0,False,False,0.017063656212075333
5,199.125,0,0.0,9,430.6071429,0.0,0.008333333,0.0,0.0,Nov,3,2,1,11,Returning_Visitor,False,14,629.7321429,0.6428571428571429,44.98086735,0.6837941301788996,False,False,0.10786824023354911
0,0.0,2,84.5,42,2762.408333,0.004545455,0.025151515,0.0,0.0,Nov,2,2,1,2,New_Visitor,False,44,2846.908333,0.9545454545454546,64.70246211363636,0.970318679031384,False,False,0.48257458453238106
10,471.06,0,0.0,171,5830.91,0.001098901,0.005494505,0.0,0.0,Oct,2,10,4,2,Returning_Visitor,False,181,6301.97,0.9447513812154696,34.8175138121547,0.9252519450267138,True,False,0.03357801180439602
3,44.0,0,0.0,14,469.8761905,0.0,0.005357143,0.0,0.0,Mar,2,4,1,10,Returning_Visitor,False,17,513.8761905,0.8235294117647058,30.22801120588236,0.9143762625834286,False,False,0.0577494920063442
0,0.0,0,0.0,1,0.0,0.2,0.2,0.0,0.0,Nov,3,2,4,3,Returning_Visitor,False,1,0.0,1.0,0.0,0.0,False,False,0.03862108874166632
0,0.0,0,0.0,26,955.375,0.0,0.008333333,0.0,0.0,Dec,2,2,7,2,New_Visitor,True,26,955.375,1.0,36.74519230769231,1.0,False,False,0.055823677137292055
5,87.8,0,0.0,38,842.4235931,0.0,0.011382114,52.28594057,0.0,Oct,1,1,1,2,Returning_Visitor,True,43,930.2235931,0.8837209302325582,21.633106816279067,0.9056140903635828,True,True,0.8491296481248012
0,0.0,0,0.0,10,122.1666667,0.0,0.02,0.0,0.0,Nov,1,1,1,5,New_Visitor,True,10,122.1666667,1.0,12.21666667,1.0,False,False,0.1527051660177308
0,0.0,0,0.0,18,103.8333333,0.033333333,0.055555556,0.0,0.0,May,2,2,3,3,Returning_Visitor,False,18,103.8333333,1.0,5.768518516666667,1.0,False,False,0.011028611375729044
1,5.0,0,0.0,47,1480.233333,0.010416667,0.027824074,15.15643787,0.0,Nov,2,2,1,3,Returning_Visitor,True,48,1485.233333,0.9791666666666666,30.942361104166665,0.9966335255956716,True,True,0.8896910319997073
6,148.2083333,2,139.5,98,3714.352664,0.005,0.013429932,0.0,0.0,Nov,2,2,1,2,Returning_Visitor,False,106,4002.0609973,0.9245283018867924,37.75529242735849,0.92810995797063,False,False,0.45631399744299095
4,539.5,0,0.0,1,0.0,0.0,0.05,0.0,0.0,Mar,3,2,8,8,New_Visitor,False,5,539.5,0.2,107.9,0.0,False,False,0.15645048174248385
2,71.1,0,0.0,11,529.8,0.0,0.004545455,0.0,0.0,Oct,2,2,2,2,Returning_Visitor,False,13,600.9,0.8461538461538461,46.22307692307693,0.8816774837743384,False,False,0.0535185413579349
0,0.0,0,0.0,10,22.5,0.1,0.106666667,0.0,0.4,May,2,5,1,4,Returning_Visitor,False,10,22.5,1.0,2.25,1.0,False,False,0.01154654806194768
0,0.0,0,0.0,32,707.7,0.025,0.084375,0.0,0.0,June,2,2,6,13,Returning_Visitor,False,32,707.7,1.0,22.115625,1.0,False,False,0.01846764175641158
0,0.0,0,0.0,6,279.0,0.0,0.033333333,0.0,0.0,Dec,1,2,3,10,Returning_Visitor,True,6,279.0,1.0,46.5,1.0,False,False,0.03375303836208434
9,433.8,2,6.0,28,728.7,0.0,0.009803922,0.0,0.0,Oct,2,10,1,3,Returning_Visitor,False,39,1168.5,0.717948717948718,29.96153846153846,0.623620025673941,False,False,0.05233884070874476
5,187.875,1,32.5,34,2719.525974,0.016447876,0.029992691,3.222261703,0.0,Nov,3,2,3,2,Returning_Visitor,False,40,2939.900974,0.85,73.49752435,0.9250399921803624,False,True,0.610248538083537
0,0.0,0,0.0,16,641.5,0.0,0.0375,0.0,0.0,May,4,1,7,1,Returning_Visitor,False,16,641.5,1.0,40.09375,1.0,False,False,0.011653853220642251
0,0.0,0,0.0,7,197.0,0.028571429,0.042857143,0.0,0.0,Dec,3,2,9,2,Returning_Visitor,False,7,197.0,1.0,28.142857142857142,1.0,False,False,0.031261172576161816
0,0.0,0,0.0,38,1185.986275,0.0,0.009501385,0.0,0.0,Nov,1,1,4,3,Returning_Visitor,False,38,1185.986275,1.0,31.210165131578947,1.0,False,False,0.08539092805599438
2,25.65,0,0.0,13,343.625,0.0,0.005128205,0.0,0.0,Dec,2,2,2,2,New_Visitor,False,15,369.275,0.8666666666666667,24.61833333333333,0.9305395707805836,False,False,0.06708444519747099
0,0.0,0,0.0,74,1146.469048,0.021621622,0.031306306,0.408238132,0.0,Nov,2,2,1,1,Returning_Visitor,False,74,1146.469048,1.0,15.492824972972972,1.0,False,True,0.7444795997223185
0,0.0,0,0.0,22,681.58,0.00952381,0.025396825,14.63523974,0.0,Nov,1,1,1,3,Returning_Visitor,True,22,681.58,1.0,30.98090909090909,1.0,True,True,0.8901774758727872
7,66.0,0,0.0,6,146.5,0.0,0.018181818,0.0,0.0,Nov,2,4,1,2,New_Visitor,False,13,212.5,0.4615384615384615,16.346153846153847,0.6894117647058824,False,False,0.24126732063527317
12,217.6491228,4,1009.733333,38,1639.069361,0.02173913,0.031621722,5.287005762,0.0,Sep,3,2,6,1,Returning_Visitor,True,54,2866.4518168000004,0.7037037037037037,53.08244105185186,0.5718112376400577,False,False,0.16692196612020108
0,0.0,0,0.0,2,0.0,0.2,0.2,0.0,0.0,Nov,3,2,1,13,Returning_Visitor,True,2,0.0,1.0,0.0,0.0,False,False,0.050390708624441755
0,0.0,0,0.0,6,2017.166667,0.0,0.011111111,0.0,0.8,Feb,2,2,4,3,Returning_Visitor,False,6,2017.166667,1.0,336.1944445,1.0,False,False,0.01873222282899951
0,0.0,0,0.0,8,191.0,0.0,0.025,0.0,0.0,May,2,2,2,13,Returning_Visitor,True,8,191.0,1.0,23.875,1.0,False,False,0.012684176262315374
1,28.2,0,0.0,2,0.0,0.066666667,0.133333333,0.0,0.0,June,1,8,2,3,New_Visitor,True,3,28.2,0.6666666666666666,9.4,0.0,False,False,0.05017331517777656
0,0.0,0,0.0,5,73.0,0.04,0.08,0.0,0.4,May,2,2,1,3,Returning_Visitor,False,5,73.0,1.0,14.6,1.0,False,False,0.011938244735822213
0,0.0,0,0.0,6,161.0,0.0,0.066666667,0.0,0.2,May,2,2,1,4,Returning_Visitor,False,6,161.0,1.0,26.83333333333333,1.0,False,False,0.016126205196225922
0,0.0,0,0.0,8,194.4,0.0,0.025,0.0,0.0,Aug,2,10,6,4,Returning_Visitor,False,8,194.4,1.0,24.3,1.0,False,False,0.035895737502676286
0,0.0,0,0.0,21,331.0833333,0.00952381,0.042857143,0.0,0.0,Dec,2,2,1,2,Returning_Visitor,False,21,331.0833333,1.0,15.765873014285711,1.0,False,False,0.05312961886150061
1,5.0,1,25.0,81,1421.668627,0.0,0.000833333,0.0,0.6,May,2,4,3,4,Returning_Visitor,False,83,1451.668627,0.9759036144578314,17.489983457831325,0.9793341266443172,False,False,0.01997106458413571
4,100.6,2,5.0,93,2002.76,0.008163265,0.026598639,0.0,0.0,Sep,2,2,3,13,Returning_Visitor,False,99,2108.36,0.9393939393939394,21.29656565656565,0.9499136769811608,False,False,0.028611805943188427
1,37.2,0,0.0,14,387.7666667,0.013333333,0.031111111,0.0,0.0,Oct,1,8,3,1,Returning_Visitor,False,15,424.9666667,0.9333333333333332,28.33111111333333,0.9124637226517794,False,False,0.031495194242069674
2,50.5,0,0.0,29,2147.375,0.0,0.006896552,0.0,0.0,Dec,2,2,7,2,New_Visitor,False,31,2197.875,0.935483870967742,70.8991935483871,0.977023261104476,False,False,0.06539845694413424
8,217.4,2,67.4,24,428.3,0.0,0.007142857,0.0,0.0,Sep,2,4,4,5,New_Visitor,False,34,713.1,0.7058823529411765,20.973529411764705,0.6006170242602721,False,False,0.1172366407185177
0,0.0,1,0.0,124,4093.430519,0.005816216,0.043499683,0.0,0.0,May,2,2,8,13,Returning_Visitor,False,125,4093.430519,0.992,32.747444152,1.0,False,False,0.013411689677025669
3,283.375,4,590.0,110,5442.085417,0.005409357,0.02942233,9.294011981,0.0,Nov,2,2,4,2,Returning_Visitor,True,117,6315.460417,0.9401709401709402,53.97829416239316,0.8617084199199407,True,True,0.701413133091878
11,102.1666667,1,20.0,25,1222.625,0.0,0.035,0.0,0.0,Dec,2,2,1,2,Returning_Visitor,False,37,1344.7916667,0.6756756756756757,36.34572072162162,0.9091556932385028,False,False,0.1099741805715777
0,0.0,0,0.0,12,440.75,0.0,0.041666667,0.0,0.0,Dec,2,2,6,1,Returning_Visitor,True,12,440.75,1.0,36.72916666666666,1.0,False,False,0.025269221777593873
14,416.2,0,0.0,90,8024.509197,0.008247423,0.032048254,10.31930868,0.0,Sep,3,2,8,2,Returning_Visitor,False,104,8440.709197,0.8653846153846154,81.16066535576923,0.9506913471029276,False,False,0.31271477872133097
1,28.25,0,0.0,30,1862.333333,0.0,0.026436782,0.0,0.0,Nov,3,2,1,13,Returning_Visitor,False,31,1890.583333,0.967741935483871,60.98655912903226,0.9850575219262234,False,False,0.12274796545930268
2,53.0,0,0.0,4,46.0,0.026666667,0.056,0.0,0.4,May,3,2,1,2,Returning_Visitor,False,6,99.0,0.6666666666666666,16.5,0.4646464646464646,False,False,0.03317584901723801
0,0.0,0,0.0,20,301.0,0.005555556,0.066666667,0.0,0.0,Dec,1,1,1,2,Returning_Visitor,False,20,301.0,1.0,15.05,1.0,False,False,0.05015634614663304
4,164.0,0,0.0,30,2136.0,0.0,0.008333333,0.0,0.2,May,2,2,1,2,New_Visitor,False,34,2300.0,0.8823529411764706,67.6470588235294,0.928695652173913,False,False,0.04179645832052242
4,133.5833333,2,64.0,67,1222.470924,0.014414414,0.025810811,6.094324324,0.0,May,3,2,2,4,Returning_Visitor,False,73,1420.0542573,0.9178082191780822,19.45279804520548,0.8608621239052708,True,False,0.24806541505624663
4,50.33333333,0,0.0,3,28.33333333,0.0,0.016666667,0.0,0.0,Dec,2,2,9,10,Returning_Visitor,False,7,78.66666666,0.4285714285714285,11.238095237142858,0.3601694915135736,False,False,0.10340000164940827
2,146.9,0,0.0,45,6707.54,0.011363636,0.019859307,4.023323663,0.0,Oct,2,2,8,2,Returning_Visitor,False,47,6854.44,0.9574468085106383,145.8391489361702,0.9785686358039462,False,True,0.7087178644683991
5,49.8,0,0.0,32,955.3333333,0.01875,0.0390625,0.0,0.0,Aug,2,2,1,13,Returning_Visitor,False,37,1005.1333333,0.8648648648648649,27.165765764864865,0.950454334415018,False,False,0.0316810300862139
0,0.0,0,0.0,1,0.0,0.2,0.2,0.0,0.0,May,2,2,6,4,Returning_Visitor,False,1,0.0,1.0,0.0,0.0,False,False,0.01201596337152895
5,471.25,0,0.0,21,883.0,0.0,0.010666667,44.98081787,0.0,Nov,1,1,2,8,New_Visitor,True,26,1354.25,0.8076923076923077,52.08653846153846,0.6520214140668267,True,True,0.9340683550769453
0,0.0,1,56.0,17,1385.833333,0.005882353,0.017647059,39.85866667,0.0,Mar,2,2,1,2,Returning_Visitor,False,18,1441.833333,0.9444444444444444,80.10185183333334,0.961160559463914,True,True,0.8893332034574549
9,266.7433333,4,1312.4,26,743.4766667,0.0,0.021969697,9.284545518,0.0,Nov,2,7,1,2,Returning_Visitor,True,39,2322.62,0.6666666666666666,59.55435897435897,0.3201025853131378,True,True,0.7976843491785812
7,98.0,3,61.0,83,2355.682738,0.002873563,0.022487296,0.0,0.0,Dec,1,1,1,2,Returning_Visitor,False,93,2514.682738,0.8924731182795699,27.03959933333333,0.9367713478931908,False,False,0.06051527658951307
0,0.0,0,0.0,40,4175.75,0.048333333,0.106,0.0,1.0,May,2,2,1,3,Returning_Visitor,True,40,4175.75,1.0,104.39375,1.0,False,False,0.012303359959148974
0,0.0,0,0.0,10,130.1666667,0.055555556,0.083333333,26.66133333,0.0,Mar,3,2,1,8,Returning_Visitor,False,10,130.1666667,1.0,13.01666667,1.0,False,True,0.7928675677844654
0,0.0,0,0.0,6,529.5,0.0,0.04,44.443614,0.0,Dec,2,2,2,1,Returning_Visitor,False,6,529.5,1.0,88.25,1.0,True,True,0.8817466111848709
12,271.3,3,627.75,40,1358.874152,0.016571429,0.019758242,10.0674357,0.0,Dec,1,2,2,2,Returning_Visitor,False,55,2257.924152,0.7272727272727273,41.0531664,0.6018245346267947,False,False,0.41067980829303774
0,0.0,2,18.0,1,46.0,0.0,0.066666667,0.0,0.0,Mar,2,2,7,10,Returning_Visitor,False,3,64.0,0.3333333333333333,21.33333333333333,0.71875,False,False,0.08940096580767824
3,68.28571429,0,0.0,26,741.0555556,0.014285714,0.039707071,13.24667166,0.0,Nov,3,2,4,10,Returning_Visitor,False,29,809.34126989,0.896551724137931,27.908319651379312,0.915628033772106,True,True,0.7194137980928734
4,699.0,0,0.0,9,261.7,0.0,0.020512821,0.0,0.0,May,3,2,3,11,New_Visitor,False,13,960.7,0.6923076923076923,73.9,0.2724055376288123,False,False,0.029151927166143444
3,72.5,4,148.0,24,377.5,0.006666667,0.02,0.0,0.6,May,1,1,1,3,Returning_Visitor,False,31,598.0,0.7741935483870968,19.29032258064516,0.6312709030100334,False,False,0.019262733083604572
2,191.0,1,100.0,46,2452.582143,0.007246377,0.022253906,0.0,0.0,Mar,3,2,9,3,Returning_Visitor,True,49,2743.582143,0.9387755102040816,55.99147230612245,0.8939342856045116,False,False,0.022416004110614014
10,302.0833333,0,0.0,81,1778.663263,0.0,0.002857143,16.43784656,0.0,Nov,1,1,1,8,New_Visitor,True,91,2080.7465963,0.8901098901098901,22.86534721208791,0.8548197393007072,False,True,0.8979862102785814
0,0.0,0,0.0,2,0.0,0.2,0.2,0.0,0.0,Mar,3,2,1,10,Returning_Visitor,False,2,0.0,1.0,0.0,0.0,False,False,0.01951436155834389
3,227.0,0,0.0,2,62.0,0.0,0.025,0.0,0.0,Mar,3,2,1,10,Returning_Visitor,True,5,289.0,0.4,57.8,0.2145328719723183,False,False,0.09254919908027
4,95.75,12,886.25,154,7838.556598,0.00376506,0.014926307,0.0,0.0,Nov,3,2,6,2,Returning_Visitor,True,170,8820.556598,0.9058823529411764,51.88562704705882,0.8886691572023175,False,False,0.28278416821555397
0,0.0,0,0.0,29,1131.315476,0.021428571,0.046071429,0.0,0.0,May,2,2,2,6,Returning_Visitor,True,29,1131.315476,1.0,39.01087848275862,1.0,False,False,0.014259784706226413
0,0.0,0,0.0,9,246.5,0.125925926,0.138888889,0.0,0.0,Nov,1,1,3,1,Returning_Visitor,False,9,246.5,1.0,27.38888888888889,1.0,False,False,0.0685063478158321
0,0.0,0,0.0,18,346.5666667,0.02962963,0.062962963,0.0,0.0,Nov,2,2,3,2,Returning_Visitor,False,18,346.5666667,1.0,19.253703705555555,1.0,False,False,0.2008222775933683
0,0.0,0,0.0,19,154.2166667,0.015789474,0.024561404,0.0,0.0,Feb,2,2,1,3,Returning_Visitor,False,19,154.2166667,1.0,8.116666668421052,1.0,False,False,0.024827859784121106
17,446.9333333,8,597.5833333,62,2350.667857,0.007452575,0.033986814,79.48403933,0.0,Dec,1,1,7,10,Returning_Visitor,False,87,3395.1845236,0.7126436781609196,39.02510946666666,0.6923534908516629,False,False,0.29414087502077474
7,51.70833333,2,280.5,149,7569.182143,8.01e-05,0.016297591,11.37726052,0.0,Nov,2,2,2,2,Returning_Visitor,False,158,7901.39047633,0.9430379746835444,50.00880048310126,0.9579557124375528,True,True,0.8243264394908326
5,33.66666667,0,0.0,4,21.66666667,0.0,0.02,0.0,0.0,May,2,2,1,5,New_Visitor,False,9,55.33333334,0.4444444444444444,6.148148148888889,0.3915662650733053,False,False,0.05126350270248141
0,0.0,0,0.0,25,610.3095238,0.0,0.039,0.0,0.0,Nov,2,2,3,2,Returning_Visitor,False,25,610.3095238,1.0,24.412380952,1.0,False,False,0.2375022882840649
0,0.0,0,0.0,26,781.5,0.007692308,0.030769231,0.0,0.2,May,2,2,2,3,Returning_Visitor,False,26,781.5,1.0,30.057692307692307,1.0,False,False,0.015780299558680825
7,159.5,0,0.0,14,249.0,0.011764706,0.041176471,0.0,0.0,Mar,1,1,3,2,Returning_Visitor,True,21,408.5,0.6666666666666666,19.45238095238096,0.609547123623011,False,False,0.05468893250662948
0,0.0,2,485.8333333,89,3747.814286,0.013636364,0.030211039,0.0,0.0,Nov,1,1,1,2,Returning_Visitor,True,91,4233.6476193,0.978021978021978,46.52360021208791,0.8852447400002722,True,False,0.30834883258535184
0,0.0,0,0.0,21,304.5416667,0.00952381,0.023809524,0.0,0.0,Dec,2,2,3,10,Returning_Visitor,False,21,304.5416667,1.0,14.50198412857143,1.0,False,False,0.04384258757989711
2,14.75,0,0.0,32,839.4305556,0.012903226,0.028602151,13.91276554,0.0,Nov,2,2,6,1,Returning_Visitor,False,34,854.1805556,0.9411764705882352,25.12295751764706,0.982731988098653,True,True,0.7471883750410683
0,0.0,0,0.0,1,0.0,0.2,0.2,0.0,0.0,Mar,2,2,5,3,Returning_Visitor,True,1,0.0,1.0,0.0,0.0,False,False,0.010936834310124046
9,181.375,0,0.0,116,4426.650649,0.0,0.008064516,84.30663844,0.0,May,2,2,2,6,Returning_Visitor,True,125,4608.025649,0.928,36.864205192,0.9606393249917432,True,False,0.3878204122460804
0,0.0,0,0.0,18,286.0,0.011111111,0.061111111,0.0,0.8,May,2,2,9,3,Returning_Visitor,False,18,286.0,1.0,15.88888888888889,1.0,False,False,0.014647240688813873
0,0.0,0,0.0,4,57.0,0.0,0.025,0.0,0.0,Mar,2,2,6,2,Returning_Visitor,False,4,57.0,1.0,14.25,1.0,False,False,0.03403885348203142
0,0.0,0,0.0,39,1346.966667,0.0,0.005128205,67.02771302,0.0,Dec,1,1,4,2,New_Visitor,False,39,1346.966667,1.0,34.53760684615384,1.0,True,True,0.9350200902891167
0,0.0,0,0.0,88,5093.3,0.004924242,0.023393841,0.0,0.0,Nov,2,2,1,2,Returning_Visitor,False,88,5093.3,1.0,57.878409090909095,1.0,False,False,0.4490444545873795
5,119.15,0,0.0,17,457.2333333,0.0,0.007407407,0.0,0.0,May,3,2,3,2,Returning_Visitor,False,22,576.3833333,0.7727272727272727,26.19924242272728,0.7932799352163364,False,False,0.020901692602617074
0,0.0,0,0.0,58,2498.029762,0.020689655,0.046264368,0.0,0.4,May,2,6,3,20,Returning_Visitor,False,58,2498.029762,1.0,43.06947865517242,1.0,False,False,0.06686806648471746
0,0.0,0,0.0,10,190.0,0.0,0.04,0.0,0.0,Dec,2,6,7,20,Returning_Visitor,False,10,190.0,1.0,19.0,1.0,False,False,0.0999827169081602
3,120.6666667,0,0.0,8,261.6,0.0,0.01,0.0,0.0,May,2,7,1,2,New_Visitor,False,11,382.2666667,0.7272727272727273,34.75151515454546,0.6843390302856349,False,False,0.06519904993776729
8,111.0,0,0.0,32,1206.833333,0.005263158,0.014473684,19.27621155,0.0,Nov,2,2,1,2,Returning_Visitor,False,40,1317.833333,0.8,32.945833325,0.9157708359468244,True,True,0.8684479117690725
11,362.3,0,0.0,41,1081.713333,0.01,0.028830409,27.5128393,0.0,Sep,2,2,1,1,Returning_Visitor,True,52,1444.013333,0.7884615384615384,27.76948717307692,0.749102039627774,False,False,0.38825704998638383
3,62.0,2,193.0,4,139.0,0.0,0.0125,0.0,0.0,Mar,3,2,1,10,Returning_Visitor,False,9,394.0,0.4444444444444444,43.77777777777778,0.3527918781725888,False,False,0.07068733558550395
4,120.0,4,64.0,52,1859.083333,0.010344828,0.018390805,17.24870115,0.0,May,2,2,2,13,Returning_Visitor,False,60,2043.083333,0.8666666666666667,34.05138888333333,0.9099400415890916,True,True,0.5662915650137754
10,130.55,1,23.2,7,128.2333333,0.006666667,0.015238095,0.0,0.0,Oct,2,2,6,5,New_Visitor,False,18,281.9833333,0.3888888888888889,15.665740738888893,0.4547550090968443,False,False,0.13337205312537326
0,0.0,3,121.25,89,3296.602091,0.00326087,0.017287492,0.0,0.0,Dec,1,1,4,2,Returning_Visitor,False,92,3417.852091,0.967391304347826,37.15056620652174,0.9645245034683392,False,False,0.031097009044320768
9,215.2333333,5,450.0,35,1974.352381,0.004761905,0.018866213,15.32910159,0.0,Mar,2,2,3,2,Returning_Visitor,False,49,2639.5857143,0.7142857142857143,53.86909621020408,0.7479781278948104,False,True,0.5765511958480104
10,274.25,5,247.75,61,2267.330952,0.002739726,0.005348989,48.6094789,0.0,Nov,2,2,1,2,Returning_Visitor,False,76,2789.330952,0.8026315789473685,36.70172305263158,0.8128583488360474,True,True,0.8721227705083489
4,130.5,2,51.0,43,2265.529221,0.004,0.004,14.792,0.0,May,3,2,4,2,Returning_Visitor,False,49,2447.029221,0.8775510204081632,49.93937185714285,0.9258284296556832,False,True,0.5734884843163647
7,46.3,0,0.0,2,9.0,0.0,0.025,0.0,0.0,Sep,2,4,1,2,New_Visitor,False,9,55.3,0.2222222222222222,6.144444444444444,0.162748643761302,False,False,0.2176098503688117
9,331.1666667,4,154.0,154,8038.325302,0.007332941,0.027963219,0.0,0.0,May,2,2,1,5,Returning_Visitor,False,167,8523.4919687,0.9221556886227544,51.038874064071855,0.9430788849826304,False,False,0.027042977932881324
8,199.625,2,10.0,81,4272.607937,0.002352941,0.018627451,0.0,0.0,Nov,2,2,1,2,Returning_Visitor,False,91,4482.232937,0.8901098901098901,49.255307,0.953232015616684,False,False,0.4769688631896288
11,196.15,0,0.0,141,2623.580864,0.0,0.004244028,12.50786523,0.0,Nov,2,2,6,2,Returning_Visitor,False,152,2819.730864,0.9276315789473684,18.55086094736842,0.9304366234010908,False,True,0.80127243922446
2,25.0,0,0.0,36,1445.6,0.005714286,0.036190476,0.0,1.0,May,3,3,3,2,Returning_Visitor,True,38,1470.6,0.9473684210526316,38.7,0.983000135998912,False,False,0.018539229174642045
2,112.8,0,0.0,27,1555.967143,0.0,0.001724138,44.85638692,0.0,Nov,1,1,4,2,New_Visitor,False,29,1668.767143,0.9310344827586208,57.5436945862069,0.9324051887807332,True,True,0.8911582242064136
0,0.0,0,0.0,12,338.75,0.0,0.033333333,0.0,0.0,Nov,2,4,1,2,Returning_Visitor,False,12,338.75,1.0,28.229166666666668,1.0,False,False,0.2891923816692662
2,11.0,3,123.3333333,34,448.75,0.021621622,0.048648649,0.0,0.0,Mar,2,10,6,1,Returning_Visitor,False,39,583.0833333,0.8717948717948718,14.9508547,0.7696155495652202,False,False,0.017684783850537757
0,0.0,0,0.0,1,0.0,0.2,0.2,0.0,0.0,June,1,1,9,5,Returning_Visitor,False,1,0.0,1.0,0.0,0.0,False,False,0.020665703424163243
1,7.0,0,0.0,11,98.1,0.035555556,0.058412698,0.0,0.0,June,1,1,1,20,Returning_Visitor,False,12,105.1,0.9166666666666666,8.758333333333333,0.933396764985728,False,False,0.03515077390574557
6,224.875,0,0.0,21,845.75,0.0,0.008695652,0.0,0.0,Dec,8,13,9,20,Other,False,27,1070.625,0.7777777777777778,39.65277777777778,0.7899591360186807,False,False,0.05592431517846511
0,0.0,0,0.0,30,484.672619,0.0,0.018965517,0.0,0.0,Mar,2,6,7,1,Returning_Visitor,False,30,484.672619,1.0,16.155753966666666,1.0,False,False,0.011662839029467579
3,28.125,0,0.0,50,1032.008333,0.008,0.014133333,0.0,0.0,Nov,2,2,1,2,Returning_Visitor,True,53,1060.133333,0.9433962264150944,20.002515716981133,0.973470318190627,False,False,0.3569962362498614
9,126.2631579,2,50.83333333,59,2004.371491,0.008695652,0.030961792,0.0,0.0,Dec,2,2,6,3,Returning_Visitor,False,70,2181.46798223,0.8428571428571429,31.16382831757143,0.9188177444397037,False,False,0.03473398958219116
0,0.0,4,399.3333333,46,1814.583333,0.003673469,0.02675737,0.0,0.0,Mar,2,2,2,2,Returning_Visitor,False,50,2213.9166663,0.92,44.278333326,0.8196258516056142,False,False,0.03538891579995714
4,155.0,0,0.0,31,2130.693837,0.025,0.032482778,0.0,0.0,Nov,3,2,8,3,Returning_Visitor,False,35,2285.693837,0.8857142857142857,65.3055382,0.932186893322756,False,False,0.10691265412353514
0,0.0,0,0.0,1,0.0,0.2,0.2,0.0,0.0,Dec,3,2,1,1,Returning_Visitor,False,1,0.0,1.0,0.0,0.0,False,False,0.013941158252827513
0,0.0,0,0.0,13,517.4,0.0,0.034285714,4.856377111,0.0,Nov,2,2,1,20,Returning_Visitor,True,13,517.4,1.0,39.8,1.0,True,True,0.8590575473950716
0,0.0,2,6.0,50,3831.1,0.0,0.017307692,0.0,0.0,Nov,2,2,1,10,Returning_Visitor,False,52,3837.1,0.9615384615384616,73.79038461538461,0.99843631909515,False,False,0.258295475742378
0,0.0,0,0.0,11,684.3333333,0.018181818,0.063636364,0.0,0.0,Feb,2,4,6,1,Returning_Visitor,False,11,684.3333333,1.0,62.21212120909092,1.0,False,False,0.023773655801069136
0,0.0,0,0.0,15,325.5,0.02,0.058666667,0.0,0.0,Dec,2,2,1,1,Returning_Visitor,False,15,325.5,1.0,21.7,1.0,False,False,0.021077163421482047
0,0.0,0,0.0,10,192.75,0.033333333,0.028888889,0.0,0.0,Dec,1,2,3,1,Returning_Visitor,True,10,192.75,1.0,19.275,1.0,False,False,0.023653008036023444
4,102.0833333,0,0.0,21,863.1666667,0.0,0.015833333,0.0,0.0,Dec,1,1,1,8,Returning_Visitor,False,25,965.25,0.84,38.61,0.8942415609427609,False,False,0.05318814244052148
3,83.0,4,220.25,106,2974.734799,0.005165165,0.02044187,19.03391341,0.0,Nov,2,2,7,2,Returning_Visitor,False,113,3277.984799,0.9380530973451328,29.00871503539823,0.9074888937579848,True,True,0.8251340718080445
0,0.0,0,0.0,8,170.0,0.075,0.08,0.0,0.0,Mar,1,1,7,3,Returning_Visitor,True,8,170.0,1.0,21.25,1.0,False,False,0.01564613658406837
0,0.0,0,0.0,8,204.75,0.0,0.033333333,0.0,0.0,Dec,1,1,1,1,Returning_Visitor,True,8,204.75,1.0,25.59375,1.0,False,False,0.02671901451588413
9,241.8416667,0,0.0,25,673.0333333,0.002150538,0.005222734,27.97341787,0.0,Nov,1,1,3,2,New_Visitor,False,34,914.875,0.7352941176470589,26.90808823529412,0.7356560549801885,False,True,0.8975776624675625
2,41.5,0,0.0,10,264.25,0.016666667,0.025,0.0,0.0,Nov,1,4,8,8,New_Visitor,True,12,305.75,0.8333333333333334,25.479166666666668,0.8642681929681112,True,False,0.22017907698292022
0,0.0,0,0.0,13,646.7916667,0.005128205,0.054358974,0.0,0.8,May,1,1,2,1,Returning_Visitor,False,13,646.7916667,1.0,49.75320513076922,1.0,False,False,0.012514191053899913
0,0.0,0,0.0,4,47.0,0.0,0.05,0.0,0.0,Nov,2,2,3,11,Returning_Visitor,True,4,47.0,1.0,11.75,1.0,False,False,0.11407265596521937
21,1079.184314,4,176.5,67,2162.840879,0.007407407,0.018259847,0.548811351,0.0,Nov,3,2,1,11,Returning_Visitor,True,92,3418.525193,0.7282608695652174,37.157882532608696,0.632682445467647,False,True,0.5366727928488402
1,11.0,1,10.0,74,3487.12471,0.002739726,0.009519461,0.0,0.0,Nov,3,2,4,3,Returning_Visitor,True,76,3508.12471,0.9736842105263158,46.159535657894736,0.9940138958172898,False,False,0.12400552164779167
0,0.0,0,0.0,20,438.3333333,0.02,0.04,0.0,0.0,Mar,2,2,7,1,Returning_Visitor,False,20,438.3333333,1.0,21.916666665,1.0,False,False,0.013470985232812913
7,221.0,0,0.0,27,1753.583333,0.0,0.013131313,0.0,0.2,May,1,1,1,3,Returning_Visitor,False,34,1974.583333,0.7941176470588235,58.07598038235295,0.8880776534945056,False,False,0.014297416701424795
0,0.0,0,0.0,4,104.0,0.0,0.05,0.0,0.0,May,2,10,2,2,Returning_Visitor,False,4,104.0,1.0,26.0,1.0,False,False,0.018242097099103426
8,98.4,0,0.0,16,156.3333333,0.0,0.007843137,0.0,0.0,Oct,2,2,3,1,Returning_Visitor,False,24,254.7333333,0.6666666666666666,10.6138888875,0.6137136874658091,False,False,0.047656561679935254
0,0.0,0,0.0,4,93.5,0.0,0.05,0.0,0.0,May,2,2,1,2,Returning_Visitor,True,4,93.5,1.0,23.375,1.0,False,False,0.02264235777038221
0,0.0,0,0.0,12,250.25,0.05,0.083333333,0.0,0.0,Dec,1,1,1,3,Returning_Visitor,True,12,250.25,1.0,20.854166666666668,1.0,False,False,0.01908861950669612
0,0.0,0,0.0,5,14.0,0.12,0.16,0.0,0.6,May,2,4,2,3,Returning_Visitor,False,5,14.0,1.0,2.8,1.0,False,False,0.010853444917744879
9,335.1666667,5,219.0,107,6235.06603,0.005309735,0.016223404,0.0,0.0,Nov,1,1,1,2,Returning_Visitor,False,121,6789.2326967,0.8842975206611571,56.10936112975207,0.9183756557689708,False,False,0.4169429517903509
0,0.0,0,0.0,91,4766.021032,0.0,0.009213483,0.0,0.0,Dec,2,2,1,2,New_Visitor,False,91,4766.021032,1.0,52.37385749450549,1.0,False,False,0.08014355445925174
2,42.0,0,0.0,17,275.702381,0.04,0.06,0.0,0.6,May,3,2,8,2,Returning_Visitor,False,19,317.702381,0.8947368421052632,16.72117794736842,0.8678008019083747,False,False,0.014346703600154885
1,72.66666667,4,345.0,24,879.9090909,0.0,0.035897436,6.482798269,0.0,Mar,2,4,4,1,Returning_Visitor,False,29,1297.57575757,0.8275862068965517,44.74399164034482,0.6781177020044102,True,True,0.7061859388490763
3,109.0,0,0.0,70,2002.25,0.0,0.004166667,0.0,0.0,Nov,2,2,1,2,New_Visitor,False,73,2111.25,0.958904109589041,28.921232876712327,0.948371817643576,False,False,0.44902239785622267
0,0.0,0,0.0,3,26.0,0.066666667,0.133333333,0.0,0.0,May,3,3,1,3,Returning_Visitor,False,3,26.0,1.0,8.666666666666666,1.0,False,False,0.008706973125280144
11,100.0965368,0,0.0,122,6141.432139,0.013593814,0.030060022,0.0,0.2,May,3,2,1,1,Returning_Visitor,False,133,6241.528675799999,0.9172932330827068,46.92878703609022,0.9839628171239364,False,False,0.013962157345445125
0,0.0,0,0.0,32,875.9333333,0.031770833,0.072395833,0.0,0.0,Oct,1,1,3,3,Returning_Visitor,False,32,875.9333333,1.0,27.372916665625,1.0,False,False,0.02071703025258768
0,0.0,0,0.0,21,987.9,0.01,0.016666667,0.0,0.0,Dec,2,4,2,1,Returning_Visitor,False,21,987.9,1.0,47.04285714285714,1.0,False,False,0.032359393684448984
0,0.0,0,0.0,80,1566.333333,0.005,0.027916667,0.720181023,0.0,Sep,2,2,6,1,Returning_Visitor,False,80,1566.333333,1.0,19.5791666625,1.0,True,True,0.5989938059244316
0,0.0,1,22.0,81,2253.799603,0.011463415,0.015875182,0.0,0.0,Nov,3,2,1,2,Returning_Visitor,True,82,2275.799603,0.9878048780487804,27.75365369512195,0.9903330680034396,True,False,0.43137483536855686
6,634.5,3,312.75,172,7017.192635,0.001396648,0.019865374,0.0,0.0,Nov,2,4,1,2,Returning_Visitor,False,181,7964.442635,0.9502762430939228,44.00244549723757,0.8810651236487937,False,False,0.4601074083008436
3,61.4,1,0.0,19,381.6,0.040909091,0.056818182,8.330574815,0.0,Aug,1,1,4,1,Returning_Visitor,False,23,443.0,0.8260869565217391,19.26086956521739,0.8613995485327314,True,False,0.4791640623427014
0,0.0,0,0.0,25,934.3666667,0.024,0.054,0.0,0.6,May,2,2,6,13,Returning_Visitor,False,25,934.3666667,1.0,37.374666668,1.0,False,False,0.010720745755171233
10,515.6133333,3,85.14,50,1558.62,0.003636364,0.011878788,12.12586885,0.0,Aug,3,2,4,4,Returning_Visitor,True,63,2159.3733333,0.7936507936507936,34.275767195238096,0.7217927423499686,True,False,0.3257609330300812
0,0.0,0,0.0,10,627.5,0.02,0.05,0.0,0.0,Feb,3,3,1,4,Returning_Visitor,True,10,627.5,1.0,62.75,1.0,False,False,0.024311605095649762
6,51.0,0,0.0,26,536.0,0.007407407,0.012345679,0.0,0.0,May,2,2,1,4,Returning_Visitor,False,32,587.0,0.8125,18.34375,0.9131175468483816,False,False,0.02288270505717319
7,99.8,5,466.4,28,839.7333333,0.001754386,0.009231412,0.0,0.0,Nov,2,2,3,1,Returning_Visitor,False,40,1405.9333333,0.7,35.1483333325,0.5972782018966589,True,False,0.1289559195519675
1,6.0,1,7.0,25,591.8928571,0.0,0.020833333,165.6204667,0.0,May,1,1,8,4,Returning_Visitor,True,27,604.8928571,0.925925925925926,22.403439151851853,0.97850859065798,True,True,0.9121971389017757
1,32.3,1,26.5,51,1068.357692,0.01372549,0.043697479,7.570470024,0.0,Nov,2,10,2,2,Returning_Visitor,False,53,1127.157692,0.9622641509433962,21.267126264150946,0.9478333862091056,False,True,0.766814081259726
3,216.5,3,127.5,151,7700.501461,0.002597403,0.012782022,4.074920999,0.0,Dec,2,2,3,2,Returning_Visitor,False,157,8044.501461,0.961783439490446,51.2388628089172,0.9572378721456236,False,False,0.45174684002507853
1,25.75,3,189.5,22,2297.801282,0.01474359,0.017435897,18.99561538,0.4,May,3,2,1,13,Returning_Visitor,False,26,2513.051282,0.8461538461538461,96.65581853846152,0.9143471517904344,True,False,0.42217962765741496
5,66.6,0,0.0,13,523.6,0.0,0.013333333,0.0,0.0,Oct,2,2,6,3,Returning_Visitor,False,18,590.2,0.7222222222222222,32.78888888888889,0.8871568959674686,False,False,0.05247940909692703
3,16.0,0,0.0,29,423.1666667,0.010344828,0.029885057,0.0,0.0,Dec,3,2,6,1,Returning_Visitor,True,32,439.1666667,0.90625,13.723958334375,0.9635673624316078,False,False,0.03307967521495642
0,0.0,0,0.0,33,3506.166667,0.0,0.025,0.0,0.0,Mar,1,1,1,1,Returning_Visitor,True,33,3506.166667,1.0,106.24747475757576,1.0,False,False,0.020791052793860964
0,0.0,0,0.0,14,310.0,0.028571429,0.064285714,0.0,0.2,May,2,4,1,3,Returning_Visitor,False,14,310.0,1.0,22.142857142857142,1.0,False,False,0.013998029286000644
5,398.0666667,1,19.2,17,452.0,0.059064327,0.070737742,0.0,0.0,Aug,2,2,3,4,Returning_Visitor,False,23,869.2666667,0.7391304347826086,37.7942029,0.5199785259406404,False,False,0.05520885854899199
0,0.0,0,0.0,43,1650.416667,0.0,0.003875969,0.0,0.0,Mar,2,2,7,3,Returning_Visitor,True,43,1650.416667,1.0,38.38178295348837,1.0,False,False,0.020976415835678896
0,0.0,1,6.0,65,2349.101818,0.018785882,0.046505418,0.0,0.0,Jul,2,2,2,3,Returning_Visitor,False,66,2355.101818,0.9848484848484848,35.68336087878788,0.9974523394470072,False,False,0.0567776250941646
5,140.8,4,254.75,61,1740.052778,0.007179487,0.023796204,14.62413644,0.0,Nov,2,2,2,2,Returning_Visitor,True,70,2135.602778,0.8714285714285714,30.50861111428572,0.814782971779783,False,True,0.823388421329421
3,308.0,0,0.0,54,1306.151974,0.003508772,0.012962963,0.0,0.0,Mar,2,2,4,1,Returning_Visitor,False,57,1614.151974,0.9473684210526316,28.318455684210527,0.8091877314149355,False,False,0.02355248946928664
9,1294.9,1,32.66666667,37,1012.233333,0.0,0.006910299,33.31220592,0.0,Nov,2,2,1,2,Returning_Visitor,False,47,2339.79999967,0.7872340425531915,49.78297871638298,0.4326153231655539,False,True,0.8606633795817384
5,122.1,3,158.5,167,8701.851617,0.002401067,0.012477354,0.0,0.0,Nov,2,2,1,2,Returning_Visitor,False,175,8982.451617,0.9542857142857144,51.32829495428572,0.9687613123939413,False,False,0.46311214928524247
0,0.0,0,0.0,3,0.0,0.2,0.2,0.0,0.0,Dec,1,1,1,3,Returning_Visitor,False,3,0.0,1.0,0.0,0.0,False,False,0.014067988991285333
3,94.7,0,0.0,20,366.6166667,0.009090909,0.004545455,0.0,0.0,Jul,1,1,2,4,New_Visitor,False,23,461.3166667,0.8695652173913043,20.057246378260867,0.7947180172842431,False,False,0.10503381567660136
0,0.0,0,0.0,4,25.0,0.0,0.1,0.0,0.0,May,2,2,3,3,Returning_Visitor,False,4,25.0,1.0,6.25,1.0,False,False,0.009852531547509253
4,134.1,0,0.0,7,110.3,0.0,0.015151515,0.0,0.0,Sep,3,2,1,5,New_Visitor,False,11,244.4,0.6363636363636364,22.21818181818181,0.4513093289689034,False,False,0.13220653347258615
0,0.0,0,0.0,9,478.0,0.0,0.011111111,0.0,0.0,Mar,3,2,2,3,Returning_Visitor,True,9,478.0,1.0,53.11111111111112,1.0,False,False,0.016778165162730323
16,155.6313131,0,0.0,32,908.013456,0.005,0.01805276,4.368515556,0.0,Mar,2,2,3,2,Returning_Visitor,False,48,1063.6447691,0.6666666666666666,22.15926602291667,0.8536811183383274,True,True,0.5663639499245162
5,129.5,0,0.0,33,982.0,0.0,0.005882353,0.0,0.0,May,2,5,2,4,Returning_Visitor,True,38,1111.5,0.868421052631579,29.25,0.8834907782276203,False,False,0.019042348605549334
3,69.8,0,0.0,81,7514.790476,0.003821138,0.021883469,0.0,0.0,Nov,2,2,1,2,Returning_Visitor,False,84,7584.590476,0.9642857142857144,90.29274376190476,0.9907971300202868,False,False,0.47692972219820107
2,160.0,0,0.0,17,1306.666667,0.010526316,0.014035088,0.0,0.0,Mar,3,2,2,3,Returning_Visitor,False,19,1466.666667,0.8947368421052632,77.19298247368421,0.8909090909338843,False,False,0.01778422367700608
2,17.13333333,0,0.0,20,1078.2,0.02,0.051166667,0.0,0.0,Oct,1,1,1,3,Returning_Visitor,False,22,1095.33333333,0.9090909090909092,49.78787878772727,0.9843578819263068,False,False,0.03093899122675987
2,41.0,0,0.0,7,139.0,0.022222222,0.055555556,0.0,0.0,Mar,2,5,6,2,Returning_Visitor,True,9,180.0,0.7777777777777778,20.0,0.7722222222222223,False,False,0.04509288941177389
0,0.0,1,14.0,104,7181.877778,0.008843537,0.023737786,0.0,0.0,Nov,2,2,1,2,Returning_Visitor,False,105,7195.877778,0.9904761904761904,68.53216931428571,0.9980544416634198,False,True,0.5011936064415504
0,0.0,1,36.5,17,318.25,0.011111111,0.05,17.96069044,0.0,Nov,2,5,1,1,Returning_Visitor,True,18,354.75,0.9444444444444444,19.70833333333333,0.8971106412966878,True,True,0.8318492643658801
2,38.0,0,0.0,11,713.0,0.0,0.016666667,113.98,0.0,May,2,2,1,2,Returning_Visitor,False,13,751.0,0.8461538461538461,57.76923076923077,0.9494007989347536,True,True,0.9293973767454713
0,0.0,0,0.0,10,314.75,0.006666667,0.046666667,0.0,0.0,Nov,4,2,9,3,Returning_Visitor,False,10,314.75,1.0,31.475,1.0,False,False,0.08117000139932525
3,219.0,0,0.0,12,526.3333333,0.022222222,0.058571429,0.0,0.0,Mar,1,1,3,1,Returning_Visitor,False,15,745.3333333,0.8,49.68888888666667,0.7061717352283619,False,False,0.019309987975995476
0,0.0,0,0.0,15,695.4,0.014285714,0.028571429,0.0,0.0,Mar,2,2,2,1,Returning_Visitor,False,15,695.4,1.0,46.36,1.0,False,False,0.01965501321738776
0,0.0,0,0.0,4,85.0,0.0,0.075,0.0,0.6,May,2,2,3,4,Returning_Visitor,False,4,85.0,1.0,21.25,1.0,False,False,0.013622152424660307
0,0.0,0,0.0,6,100.0,0.0,0.033333333,0.0,0.0,Mar,2,2,4,6,Returning_Visitor,True,6,100.0,1.0,16.666666666666668,1.0,False,False,0.018322732909306482
8,375.12,0,0.0,13,288.7133333,0.0,0.003588517,0.0,0.0,Sep,3,2,4,3,New_Visitor,False,21,663.8333333,0.6190476190476191,31.61111110952381,0.4349184031852833,False,False,0.059402933120720716
0,0.0,0,0.0,3,74.6,0.0,0.066666667,0.0,0.0,Jul,3,2,3,4,Returning_Visitor,True,3,74.6,1.0,24.866666666666664,1.0,False,False,0.03845236941400181
5,448.5,4,52.0,81,2537.807082,0.013793103,0.028674678,0.0,0.0,Nov,3,2,3,2,Returning_Visitor,True,90,3038.307082,0.9,33.758967577777774,0.8352701071708195,False,False,0.20991155081422833
3,90.6,0,0.0,21,608.3033333,0.0,0.026666667,0.0,0.0,Sep,2,2,3,2,Returning_Visitor,False,24,698.9033333,0.875,29.12097222083333,0.8703683389629643,False,False,0.06962352768507003
1,12.6,0,0.0,6,140.7,0.0,0.00952381,15.89480154,0.0,Jul,2,10,3,2,Returning_Visitor,True,7,153.29999999999998,0.8571428571428571,21.9,0.9178082191780822,True,True,0.8825434520476994
5,71.66666667,1,4.0,59,1702.369048,0.00078125,0.009867424,6.560625,0.0,May,2,2,6,1,Returning_Visitor,False,65,1778.03571467,0.9076923076923076,27.35439561030769,0.9574436744741972,True,False,0.3077395536538172
0,0.0,0,0.0,3,79.0,0.066666667,0.166666667,0.0,0.0,Mar,1,1,3,3,Returning_Visitor,False,3,79.0,1.0,26.33333333333333,1.0,False,False,0.011109114747416987
0,0.0,0,0.0,1,0.0,0.2,0.2,0.0,0.0,May,1,1,9,4,Returning_Visitor,True,1,0.0,1.0,0.0,0.0,False,False,0.011776567952371433
0,0.0,0,0.0,2,114.0,0.05,0.066666667,0.0,0.8,Feb,3,3,1,3,Returning_Visitor,False,2,114.0,1.0,57.0,1.0,False,False,0.018764578548875484
0,0.0,3,44.0,52,1216.364286,0.050909091,0.073225108,0.0,0.0,Sep,3,2,1,13,Returning_Visitor,True,55,1260.364286,0.9454545454545454,22.91571429090909,0.9650894582711144,False,False,0.033261369469573115
2,15.0,0,0.0,35,1776.083333,0.0,0.011428571,0.0,0.0,Dec,2,2,4,1,Returning_Visitor,False,37,1791.083333,0.945945945945946,48.40765764864865,0.991625180289699,False,False,0.025017854250295207
4,184.3666667,0,0.0,3,52.26666667,0.0,0.021212121,0.0,0.0,Oct,3,2,1,5,Returning_Visitor,False,7,236.63333337,0.4285714285714285,33.80476191,0.2208761797234872,False,False,0.08028475087693276
0,0.0,0,0.0,8,1066.25,0.0,0.028571429,9.0847678,0.0,Nov,1,8,4,11,Returning_Visitor,True,8,1066.25,1.0,133.28125,1.0,True,True,0.8591479844332612
11,424.475,5,185.75,76,2642.458333,0.011481481,0.026290598,0.0,0.0,Nov,2,2,1,2,Returning_Visitor,True,92,3252.683333,0.8260869565217391,35.35525361956522,0.8123933572601486,True,False,0.3825758628471815
0,0.0,0,0.0,13,541.9166667,0.0,0.015384615,26.09995422,0.0,Dec,2,4,1,2,New_Visitor,False,13,541.9166667,1.0,41.68589743846154,1.0,True,True,0.9552824260031065
3,42.0,0,0.0,16,1266.5,0.0,0.003508772,0.0,0.0,Mar,2,2,6,1,Returning_Visitor,False,19,1308.5,0.8421052631578947,68.86842105263158,0.9679021780664884,False,False,0.02460705367229176
0,0.0,0,0.0,12,315.7797619,0.016666667,0.025,0.0,0.0,Nov,1,1,9,2,Returning_Visitor,True,12,315.7797619,1.0,26.31498015833333,1.0,False,False,0.17659268205878878
2,87.25,0,0.0,56,2094.983333,0.032738095,0.063214286,0.0,0.8,May,2,4,3,3,Returning_Visitor,False,58,2182.233333,0.9655172413793104,37.62471263793104,0.9600180243420376,False,False,0.014701653282641992
0,0.0,0,0.0,28,630.0833333,0.013580247,0.032839506,0.0,0.0,Nov,1,1,1,10,Returning_Visitor,True,28,630.0833333,1.0,22.502976189285715,1.0,False,False,0.14119523865084016
0,0.0,0,0.0,3,183.0,0.0,0.066666667,0.0,0.0,Mar,1,1,1,1,Returning_Visitor,True,3,183.0,1.0,61.0,1.0,False,False,0.01710239637409839
4,202.0,0,0.0,28,714.9666667,0.014666667,0.016973138,0.0,0.0,May,1,1,1,4,Returning_Visitor,True,32,916.9666667,0.875,28.655208334375,0.7797084590577735,False,False,0.0170558700698692
0,0.0,0,0.0,10,158.3666667,0.0,0.0,54.9950922,0.0,Jul,2,2,1,1,Returning_Visitor,False,10,158.3666667,1.0,15.83666667,1.0,True,True,0.9109474760451894
0,0.0,0,0.0,5,236.0,0.0,0.04,0.0,0.0,Mar,1,1,6,1,Returning_Visitor,False,5,236.0,1.0,47.2,1.0,False,False,0.016908565952626044
6,77.33333333,1,52.33333333,6,126.6666667,0.0,0.016666667,0.0,0.0,Mar,1,1,1,2,Returning_Visitor,False,13,256.33333336,0.4615384615384615,19.71794872,0.4941482445519742,False,False,0.06381705216139726
1,9.0,5,86.0,26,466.5,0.0,0.006666667,0.0,0.0,May,2,2,1,4,Returning_Visitor,False,32,561.5,0.8125,17.546875,0.8308103294746215,False,False,0.019263385328461287
0,0.0,0,0.0,13,214.25,0.091666667,0.097777778,0.0,0.8,May,3,2,3,13,Returning_Visitor,False,13,214.25,1.0,16.48076923076923,1.0,False,False,0.006611579401953101
8,466.5,2,75.25,44,1616.425824,0.006944444,0.010974434,0.0,0.0,Mar,3,2,4,1,Returning_Visitor,False,54,2158.175824,0.8148148148148148,39.96621896296296,0.7489778200758864,False,False,0.016045606921479574
7,397.8333333,0,0.0,28,1249.628205,0.0,0.015053763,0.0,0.0,May,3,2,7,6,Returning_Visitor,False,35,1647.4615383,0.8,47.07032966571429,0.758517377158,False,False,0.011443788706573088
2,95.0,0,0.0,10,203.4166667,0.0,0.016666667,0.0,0.0,May,2,2,3,2,Returning_Visitor,True,12,298.4166667,0.8333333333333334,24.86805555833333,0.6816531695412842,False,False,0.024936140930084956
4,70.4,1,645.5,82,11257.1083,0.005574913,0.019401736,0.0,0.0,Nov,2,5,1,2,Returning_Visitor,True,87,11973.0083,0.942528735632184,137.62078505747127,0.940207174165243,False,False,0.4125207576400248
6,124.8611111,3,243.0,25,1971.194444,0.007142857,0.030238095,24.897,0.0,May,2,2,5,4,Returning_Visitor,False,34,2339.0555551,0.7352941176470589,68.79575162058823,0.8427309217611666,True,True,0.5397406839388897
0,0.0,0,0.0,96,5947.97123,0.0125,0.028333333,0.0,0.0,Nov,2,2,1,1,Returning_Visitor,True,96,5947.97123,1.0,61.95803364583333,1.0,True,False,0.138073375703933
1,4.0,3,148.5,5,185.8333333,0.0,0.01875,0.0,0.0,Mar,2,2,7,2,Returning_Visitor,False,9,338.3333333,0.5555555555555556,37.59259258888889,0.5492610836994346,False,False,0.05643931399716996
13,110.7583333,1,3.0,34,858.9464286,0.0,0.011627907,17.78585727,0.0,Nov,2,2,5,10,Returning_Visitor,True,48,972.7047619,0.7083333333333334,20.264682539583333,0.8830494742538383,False,True,0.810694477944538
0,0.0,0,0.0,5,273.5,0.0,0.05,0.0,0.0,May,2,2,6,1,Returning_Visitor,False,5,273.5,1.0,54.7,1.0,False,False,0.013309799970102306
4,102.2,0,0.0,10,226.4,0.015384615,0.076923077,0.0,0.0,Oct,3,2,1,13,Returning_Visitor,False,14,328.6,0.7142857142857143,23.47142857142857,0.6889835666463785,False,False,0.03607065973572868
6,98.66666667,3,35.0,21,458.7,0.016666667,0.026388889,8.4525,0.0,May,1,1,1,3,Returning_Visitor,False,30,592.36666667,0.7,19.745555555666662,0.7743514714941514,False,False,0.2996685979562209
0,0.0,1,0.0,18,648.0,0.0,0.021052632,0.0,0.0,Nov,2,4,1,2,New_Visitor,False,19,648.0,0.9473684210526316,34.10526315789474,1.0,False,False,0.42194159025291433
1,0.0,0,0.0,28,219.8,0.0,0.037931034,0.0,0.0,Nov,2,2,1,1,Returning_Visitor,True,29,219.8,0.9655172413793104,7.579310344827586,1.0,False,False,0.1330008462032304
2,38.0,0,0.0,21,733.7,0.0,0.014035088,0.0,0.0,Mar,2,7,1,3,Returning_Visitor,True,23,771.7,0.9130434782608696,33.55217391304348,0.950758066606194,False,False,0.025434746434793917
6,44.4,1,0.0,38,2001.7,0.006342495,0.030232558,0.0,0.0,June,2,2,2,3,Returning_Visitor,False,45,2046.1,0.8444444444444444,45.46888888888889,0.9783001808318263,False,False,0.03813998265935182
0,0.0,2,148.5,72,2271.553571,0.002702703,0.017905405,0.0,0.0,Dec,2,2,1,2,Returning_Visitor,False,74,2420.053571,0.972972972972973,32.70342663513513,0.9386377219994192,False,False,0.0825405021758803
1,36.0,0,0.0,34,2240.166667,0.013541667,0.034895833,0.0,0.6,May,1,1,1,4,Returning_Visitor,False,35,2276.166667,0.9714285714285714,65.03333334285715,0.9841839349807155,False,False,0.02024992320340652
6,61.66666667,0,0.0,18,397.6666667,0.0,0.011904762,12.55885714,0.0,May,2,2,1,4,Returning_Visitor,False,24,459.33333337,0.75,19.138888890416663,0.8657474600905427,True,True,0.7464933075240044
7,150.3571429,1,9.0,221,11431.00124,0.011148992,0.021904109,1.582473154,0.0,Nov,2,5,1,2,Returning_Visitor,True,229,11590.3583829,0.965065502183406,50.612918702620085,0.986250887363836,True,True,0.8685504756073883
0,0.0,2,74.0,6,83.5,0.0,0.058333333,0.0,0.4,May,2,2,1,2,Returning_Visitor,False,8,157.5,0.75,19.6875,0.5301587301587302,False,False,0.025814704127042804
3,61.65,7,380.9571429,102,3025.290325,0.014102564,0.019800052,11.43180835,0.0,Sep,3,2,1,2,Returning_Visitor,False,112,3467.8974679,0.9107142857142856,30.96337024910714,0.872370176166707,False,False,0.4871704738282071
0,0.0,0,0.0,2,42.0,0.0,0.05,0.0,0.0,Mar,2,2,6,3,Returning_Visitor,False,2,42.0,1.0,21.0,1.0,False,False,0.018527890559328547
0,0.0,0,0.0,1,0.0,0.2,0.2,0.0,0.6,May,3,2,3,13,Returning_Visitor,False,1,0.0,1.0,0.0,0.0,False,False,0.006611579401953101
4,55.25,0,0.0,27,705.5,0.0,0.007901235,0.0,0.0,Nov,1,1,9,3,Returning_Visitor,False,31,760.75,0.8709677419354839,24.54032258064516,0.9273743016759776,False,False,0.08173367961482783
0,0.0,0,0.0,18,473.75,0.0375,0.046666667,0.0,0.6,May,3,2,6,3,Returning_Visitor,False,18,473.75,1.0,26.319444444444443,1.0,False,False,0.01153196861425186
2,58.5,0,0.0,11,1568.5,0.0,0.036363636,0.0,0.0,Nov,2,2,7,2,Returning_Visitor,False,13,1627.0,0.8461538461538461,125.15384615384616,0.9640442532267978,False,False,0.2110322182069709
2,60.5,0,0.0,26,1145.17,0.0,0.003703704,0.0,0.0,Nov,1,1,2,2,New_Visitor,True,28,1205.67,0.9285714285714286,43.05964285714286,0.9498204317931108,False,False,0.2660918390831352
0,0.0,0,0.0,4,331.0,0.05,0.1,0.0,0.0,Mar,2,2,1,1,Returning_Visitor,False,4,331.0,1.0,82.75,1.0,False,False,0.013183159537520755
0,0.0,0,0.0,39,2558.5,0.0,0.010810811,0.0,0.0,Nov,4,2,2,10,Returning_Visitor,False,39,2558.5,1.0,65.6025641025641,1.0,False,False,0.17534680475788006
1,35.0,0,0.0,13,233.1666667,0.0,0.016666667,0.0,0.0,May,1,1,5,4,Returning_Visitor,False,14,268.1666667,0.9285714285714286,19.15476190714286,0.8694841516632089,False,False,0.015755453186832774
0,0.0,0,0.0,6,364.5,0.077777778,0.072222222,0.0,0.6,May,3,2,4,3,Returning_Visitor,False,6,364.5,1.0,60.75,1.0,False,False,0.008702411813823334
1,63.5,0,0.0,10,552.3333333,0.0,0.016363636,0.0,0.0,Dec,1,1,4,10,Returning_Visitor,False,11,615.8333333,0.9090909090909092,55.98484848181818,0.8968876860566651,False,False,0.0340217114082241
0,0.0,0,0.0,97,2300.891317,0.0,0.015730379,0.0,0.0,Nov,2,2,1,2,Returning_Visitor,False,97,2300.891317,1.0,23.72052904123712,1.0,False,False,0.40249209731298785
0,0.0,0,0.0,6,339.0,0.0,0.033333333,0.0,0.0,Nov,1,1,1,3,Returning_Visitor,False,6,339.0,1.0,56.5,1.0,False,False,0.0963603936369679
0,0.0,0,0.0,33,2199.5,0.0,0.008080808,0.0,0.0,Dec,2,2,6,2,New_Visitor,False,33,2199.5,1.0,66.65151515151516,1.0,False,False,0.06964064187848573
1,17.1,1,31.2,45,812.2873894,0.0,0.022732152,4.395471544,0.0,Aug,2,4,3,2,Returning_Visitor,False,47,860.5873894,0.9574468085106383,18.310369987234044,0.9438755429199648,True,True,0.7171215993714561
3,53.16666667,0,0.0,11,263.6,0.0,0.003571429,0.0,0.0,Mar,3,2,1,9,Returning_Visitor,False,14,316.76666667,0.7857142857142857,22.62619047642857,0.8321582658020399,False,False,0.029940780167389363
1,10.0,0,0.0,23,660.8166667,0.0,0.025,0.0,0.0,Mar,2,4,1,3,Returning_Visitor,True,24,670.8166667,0.9583333333333334,27.95069444583333,0.9850927973373206,False,False,0.028500709342572168
0,0.0,0,0.0,10,478.5,0.0,0.02,0.0,0.0,Nov,4,1,1,2,New_Visitor,False,10,478.5,1.0,47.85,1.0,False,False,0.31060640721351046
0,0.0,0,0.0,5,517.5,0.025,0.1,0.0,0.0,May,1,1,2,4,Returning_Visitor,False,5,517.5,1.0,103.5,1.0,False,False,0.010378427705783913
3,94.6,0,0.0,1,4.0,0.0,0.05,0.0,0.0,Jul,2,2,1,2,New_Visitor,False,4,98.6,0.25,24.65,0.0405679513184584,False,False,0.21739416244853685
0,0.0,0,0.0,10,226.8333333,0.0,0.01,0.0,0.0,Mar,1,1,1,2,Returning_Visitor,True,10,226.8333333,1.0,22.68333333,1.0,False,False,0.0395161443586455
0,0.0,0,0.0,18,650.1333333,0.05,0.07962963,0.0,0.0,Jul,2,2,3,4,Returning_Visitor,False,18,650.1333333,1.0,36.11851851666667,1.0,False,False,0.036111640661643844
4,63.75,0,0.0,13,774.7288136,0.0,0.012150434,0.0,0.0,Nov,2,2,6,2,Returning_Visitor,False,17,838.4788136,0.7647058823529411,49.322283152941175,0.9239694563941454,True,False,0.22812763352020324
0,0.0,0,0.0,22,282.0833333,0.045454545,0.063636364,0.0,0.0,Nov,2,2,4,1,Returning_Visitor,False,22,282.0833333,1.0,12.821969695454545,1.0,False,False,0.08235496178225252
0,0.0,0,0.0,7,705.8333333,0.028571429,0.085714286,0.0,0.0,Dec,5,11,4,1,Returning_Visitor,True,7,705.8333333,1.0,100.83333332857144,1.0,False,False,0.017157926572736303
5,169.0,0,0.0,3,50.0,0.0,0.033333333,0.0,0.0,Mar,1,1,1,9,New_Visitor,False,8,219.0,0.375,27.375,0.228310502283105,False,False,0.07678298453840816
0,0.0,0,0.0,15,176.5,0.04,0.12,0.0,0.0,Jul,2,2,1,3,Returning_Visitor,False,15,176.5,1.0,11.766666666666667,1.0,False,False,0.025655614823322404
0,0.0,0,0.0,20,528.0,0.0,0.0075,31.1904,0.6,May,2,2,1,4,New_Visitor,False,20,528.0,1.0,26.4,1.0,True,True,0.9649930129749285
0,0.0,0,0.0,27,1070.461905,0.0,0.007407407,57.7293604,0.0,Mar,2,2,3,2,Returning_Visitor,False,27,1070.461905,1.0,39.64673722222222,1.0,True,True,0.9063144662184428
0,0.0,0,0.0,21,289.5,0.00952381,0.038095238,0.0,0.0,Dec,2,2,6,10,Returning_Visitor,False,21,289.5,1.0,13.785714285714286,1.0,False,False,0.05001039232194538
0,0.0,0,0.0,9,79.75,0.0,0.025,0.0,0.0,Dec,2,4,1,2,Returning_Visitor,True,9,79.75,1.0,8.86111111111111,1.0,False,False,0.0614464539442998
0,0.0,0,0.0,2,9.0,0.0,0.1,0.0,0.0,Mar,2,2,1,3,Returning_Visitor,True,2,9.0,1.0,4.5,1.0,False,False,0.014219006296405316
0,0.0,0,0.0,41,647.8166667,0.0125,0.026666667,0.0,0.4,May,2,2,6,1,Returning_Visitor,False,41,647.8166667,1.0,15.80040650487805,1.0,False,False,0.013611376773233333
5,825.0,0,0.0,33,808.1666667,0.0,0.005405405,20.85956757,0.0,Mar,2,4,9,10,New_Visitor,False,38,1633.1666667,0.868421052631579,42.97807017631579,0.4948464129095857,True,True,0.7662054722785423
3,75.6,0,0.0,122,1655.57,0.0,0.0064,17.0952864,0.0,Aug,2,10,4,3,Returning_Visitor,False,125,1731.1699999999998,0.976,13.84936,0.9563301120051756,True,True,0.5245407751786473
7,52.875,0,0.0,9,152.4166667,0.0,0.017777778,0.0,0.0,Dec,2,2,4,2,New_Visitor,False,16,205.2916667,0.5625,12.83072916875,0.7424396184708846,False,False,0.07520075234681296
0,0.0,2,20.0,28,1085.25,0.0,0.01,0.0,0.0,Dec,3,2,1,11,New_Visitor,False,30,1105.25,0.9333333333333332,36.84166666666667,0.9819045464826962,True,False,0.05082704957047518
5,84.33333333,1,0.0,55,1699.327668,0.0,0.008461558,16.48421053,0.0,May,2,2,6,4,Returning_Visitor,False,61,1783.66100133,0.9016393442622952,29.24034428409836,0.9527189677482908,False,True,0.6770639214053463
2,209.5,0,0.0,102,2436.287879,0.051797386,0.060539216,0.0,0.0,Oct,3,2,1,13,Returning_Visitor,False,104,2645.787879,0.9807692307692308,25.44026806730769,0.9208175373155076,False,False,0.024613432122103988
6,83.4,1,102.3,34,970.6266667,0.008823529,0.014313725,0.0,0.0,Nov,1,1,6,2,Returning_Visitor,False,41,1156.3266667,0.8292682926829268,28.20308943170732,0.8394052430443703,False,False,0.2642946145709855
4,84.75,0,0.0,46,962.9011905,0.004444444,0.01212963,0.0,0.0,Dec,1,1,6,2,Returning_Visitor,False,50,1047.6511905,0.92,20.95302381,0.919104754742318,False,False,0.044740704206340166
3,61.5,0,0.0,16,946.1666667,0.0,0.010526316,0.0,0.0,Mar,2,2,1,10,New_Visitor,False,19,1007.6666667,0.8421052631578947,53.03508772105263,0.9389679126715526,False,False,0.04346207694706532
1,4.0,0,0.0,62,3000.250794,0.004918033,0.029535519,0.0,0.0,May,2,2,4,1,Returning_Visitor,False,63,3004.250794,0.984126984126984,47.68652053968254,0.9986685532353062,False,False,0.015914607514549445
0,0.0,0,0.0,58,3200.366667,0.003448276,0.027586207,0.0,0.0,Mar,2,2,6,1,Returning_Visitor,False,58,3200.366667,1.0,55.17873563793104,1.0,False,False,0.02435314717963719
0,0.0,0,0.0,34,1401.458333,0.0,0.023529412,0.0,0.0,Nov,2,2,9,11,New_Visitor,False,34,1401.458333,1.0,41.21936273529412,1.0,True,False,0.1768184721456581
0,0.0,0,0.0,15,748.5666667,0.016,0.041333333,0.0,0.0,Mar,2,2,1,2,Returning_Visitor,False,15,748.5666667,1.0,49.904444446666666,1.0,False,False,0.034452529713965445
0,0.0,0,0.0,1,0.0,0.2,0.2,0.0,0.0,May,3,2,8,4,Returning_Visitor,False,1,0.0,1.0,0.0,0.0,False,False,0.009792034174945934
0,0.0,0,0.0,14,313.0178571,0.0,0.016071429,0.0,0.0,Nov,3,2,4,2,Returning_Visitor,False,14,313.0178571,1.0,22.358418364285715,1.0,False,False,0.1584582203614754
0,0.0,0,0.0,1,0.0,0.2,0.2,0.0,0.0,May,2,2,1,3,Returning_Visitor,False,1,0.0,1.0,0.0,0.0,False,False,0.009562615311535953
0,0.0,0,0.0,24,583.0,0.0,0.025,0.0,0.0,Jul,2,2,1,4,Returning_Visitor,False,24,583.0,1.0,24.291666666666668,1.0,False,False,0.0670382267680118
0,0.0,0,0.0,3,738.0,0.0,0.022222222,0.0,0.4,Feb,2,4,1,2,Returning_Visitor,False,3,738.0,1.0,246.0,1.0,False,False,0.05931354869787053
0,0.0,0,0.0,11,399.6666667,0.054545455,0.072727273,0.0,0.8,May,2,2,1,2,Returning_Visitor,False,11,399.6666667,1.0,36.33333333636364,1.0,False,False,0.02189888466144261
1,28.5,0,0.0,79,1608.214286,0.002597403,0.007748918,0.0,0.0,Nov,1,1,3,3,Returning_Visitor,False,80,1636.714286,0.9875,20.458928575,0.9825870646796566,False,False,0.156859964403774
0,0.0,0,0.0,1,0.0,0.2,0.2,0.0,0.0,Nov,7,1,1,3,Returning_Visitor,False,1,0.0,1.0,0.0,0.0,False,False,0.05202892537798188
0,0.0,1,0.0,35,1742.883333,0.011428571,0.041142857,0.0,0.0,May,2,2,1,4,Returning_Visitor,False,36,1742.883333,0.9722222222222222,48.41342591666667,1.0,False,False,0.023676698274746645
10,298.581761,0,0.0,210,8115.845852,0.008398675,0.030193184,0.0,0.0,Nov,2,2,1,2,Returning_Visitor,False,220,8414.427613,0.9545454545454546,38.24739824090909,0.9645154994810696,False,False,0.4529721437756762
1,23.0,0,0.0,16,281.75,0.0,0.014285714,0.0,0.0,Nov,8,2,1,2,Returning_Visitor,False,17,304.75,0.9411764705882352,17.926470588235293,0.9245283018867924,False,False,0.25947860323567645
0,0.0,0,0.0,25,1229.25,0.025333333,0.038133333,0.0,1.0,May,3,2,3,4,Returning_Visitor,True,25,1229.25,1.0,49.17,1.0,False,False,0.01410929939820066
4,99.5,0,0.0,16,315.1666667,0.0,0.016666667,12.53314286,0.0,Mar,1,1,6,3,Returning_Visitor,False,20,414.6666667,0.8,20.733333335,0.7600482315305428,True,True,0.8279383451398099
1,0.0,0,0.0,0,0.0,0.2,0.2,0.0,0.0,Nov,1,1,3,8,Returning_Visitor,False,1,0.0,0.0,0.0,0.0,False,False,0.2829111065186982
0,0.0,0,0.0,12,247.0,0.0,0.016666667,0.0,0.0,Dec,8,1,3,1,Returning_Visitor,True,12,247.0,1.0,20.58333333333333,1.0,False,False,0.0267334912677102
0,0.0,0,0.0,34,508.558547,0.014705882,0.027528909,0.0,0.0,Dec,2,2,3,10,Returning_Visitor,False,34,508.558547,1.0,14.957604323529411,1.0,False,False,0.032487639264202804
0,0.0,0,0.0,20,1116.473333,0.033,0.027954545,0.0,0.0,Oct,3,2,6,1,Returning_Visitor,False,20,1116.473333,1.0,55.82366664999999,1.0,False,False,0.02360574934590609
0,0.0,0,0.0,12,1638.5,0.083333333,0.116666667,0.0,0.8,May,2,2,5,13,Returning_Visitor,False,12,1638.5,1.0,136.54166666666666,1.0,False,False,0.008172447942438533
1,0.0,0,0.0,20,816.5,0.05,0.093333333,0.0,0.8,May,3,2,3,13,Returning_Visitor,False,21,816.5,0.9523809523809524,38.88095238095238,1.0,False,False,0.008939799238316337
3,76.25,0,0.0,16,301.6666667,0.014285714,0.031746032,0.0,0.0,Nov,1,1,4,8,Returning_Visitor,False,19,377.9166667,0.8421052631578947,19.89035087894737,0.7982359426859329,False,False,0.12808939524344806
0,0.0,0,0.0,15,575.6666667,0.043333333,0.044444444,0.0,0.0,May,2,2,2,2,Returning_Visitor,False,15,575.6666667,1.0,38.37777778,1.0,False,False,0.018375446794780707
1,10.0,0,0.0,30,602.5,0.009677419,0.014910394,0.0,0.0,Dec,2,2,2,10,Returning_Visitor,False,31,612.5,0.967741935483871,19.758064516129032,0.9836734693877552,False,False,0.043360309478499545
0,0.0,0,0.0,31,485.6333333,0.019354839,0.038709677,0.0,0.0,Jul,2,2,1,4,Returning_Visitor,False,31,485.6333333,1.0,15.665591396774191,1.0,False,False,0.05951371691789377
1,78.0,0,0.0,21,555.8944444,0.0,0.002380952,24.75047619,0.0,Mar,1,1,1,2,New_Visitor,False,22,633.8944444,0.9545454545454546,28.81338383636364,0.8769511222427113,True,True,0.9322438899736515
5,339.1666667,0,0.0,20,525.6666667,0.0,0.004545455,0.0,0.0,May,1,2,3,2,Returning_Visitor,False,25,864.8333333999999,0.8,34.59333333599999,0.6078242435839025,False,False,0.018607074057377142
11,385.5666667,0,0.0,54,1256.293333,0.010344828,0.014367816,0.0,0.0,Oct,2,2,7,3,Returning_Visitor,False,65,1641.8599997,0.8307692307692308,25.25938461076923,0.7651647115037514,False,False,0.03921203055430372
6,65.0,2,243.0,19,681.6190476,0.0,0.011794872,28.29538462,1.0,May,2,2,1,2,Returning_Visitor,True,27,989.6190476,0.7037037037037037,36.65255731851852,0.6887691271232561,True,True,0.8002429951922359
2,11.0,0,0.0,12,347.0,0.0,0.023076923,9.960923077,0.0,May,1,1,3,3,Returning_Visitor,True,14,358.0,0.8571428571428571,25.571428571428573,0.9692737430167596,True,True,0.7197758541176555
0,0.0,0,0.0,3,423.5,0.095454545,0.121153846,0.0,0.0,Dec,3,2,1,1,Returning_Visitor,False,3,423.5,1.0,141.16666666666666,1.0,False,False,0.014910020565251108
3,32.1,0,0.0,3,21.1,0.028571429,0.042857143,0.0,0.0,June,3,2,6,5,New_Visitor,False,6,53.2,0.5,8.866666666666667,0.3966165413533835,False,False,0.13068958243556356
0,0.0,0,0.0,2,0.0,0.2,0.2,0.0,0.0,Dec,3,2,3,6,Returning_Visitor,True,2,0.0,1.0,0.0,0.0,False,False,0.01679736473443231
0,0.0,0,0.0,9,153.2,0.02,0.06,27.8892456,0.0,Aug,2,2,7,13,Returning_Visitor,False,9,153.2,1.0,17.022222222222222,1.0,True,True,0.8233685648654753
1,15.2,0,0.0,6,199.6,0.0,0.014285714,0.0,0.0,Oct,1,8,2,6,New_Visitor,False,7,214.8,0.8571428571428571,30.685714285714283,0.9292364990689014,False,False,0.06200161606246773
0,0.0,0,0.0,2,155.5,0.1,0.15,0.0,0.0,Dec,3,2,3,1,Returning_Visitor,True,2,155.5,1.0,77.75,1.0,False,False,0.015095019824296846
0,0.0,0,0.0,19,557.35,0.0,0.029824561,0.0,0.0,Nov,1,1,3,3,Returning_Visitor,True,19,557.35,1.0,29.33421052631579,1.0,False,False,0.10642539151301346
0,0.0,0,0.0,21,1461.833333,0.021052632,0.036842105,23.82324931,0.0,Nov,2,2,1,1,Returning_Visitor,True,21,1461.833333,1.0,69.6111110952381,1.0,True,True,0.8227434742003559
1,0.0,0,0.0,55,2780.609524,0.019242424,0.045272727,9.137331307,0.0,Dec,2,2,8,3,Returning_Visitor,False,56,2780.609524,0.9821428571428572,49.6537415,1.0,False,True,0.5948899275274155
0,0.0,0,0.0,25,612.5833333,0.008333333,0.0125,0.0,0.8,May,3,2,1,13,Returning_Visitor,False,25,612.5833333,1.0,24.503333332,1.0,False,False,0.011562503941468035
1,0.0,3,92.5,9,359.1666667,0.0,0.018181818,58.16727273,0.0,May,1,1,1,5,New_Visitor,False,13,451.6666667,0.6923076923076923,34.743589746153845,0.7952029520446344,True,True,0.9362069477194923
1,260.0,0,0.0,11,198.1666667,0.0,0.008333333,0.0,0.0,May,2,2,9,2,New_Visitor,False,12,458.1666667,0.9166666666666666,38.18055555833333,0.4325209167382669,False,False,0.031669694315095365
3,25.4,0,0.0,73,2958.5,0.005405405,0.021846847,5.677286486,0.4,May,2,5,2,3,Returning_Visitor,False,76,2983.9,0.9605263157894736,39.26184210526316,0.9914876503904286,False,False,0.4126345683435912
7,135.6666667,2,190.4166667,132,7356.402381,0.004512276,0.017577031,9.193989222,0.0,Dec,4,1,4,10,Returning_Visitor,False,141,7682.4857144,0.9361702127659576,54.48571428652482,0.957554970419432,False,False,0.3392510097809971
0,0.0,0,0.0,1,0.0,0.2,0.2,0.0,0.0,Dec,1,1,1,3,Returning_Visitor,False,1,0.0,1.0,0.0,0.0,False,False,0.014067988991285333
7,98.17261905,0,0.0,47,1889.953409,0.014814815,0.028251029,0.0,0.0,Nov,2,2,1,1,Returning_Visitor,False,54,1988.12602805,0.8703703703703703,36.81714866759259,0.9506205252258128,False,False,0.14601258855760096
2,25.625,0,0.0,162,8596.669979,0.005075446,0.012349829,1.469693253,0.0,Dec,2,2,5,2,Returning_Visitor,False,164,8622.294979,0.9878048780487804,52.57496938414634,0.9970280534286508,False,False,0.44973312515531844
9,795.2083333,0,0.0,118,4947.358038,0.001138211,0.011200631,2.270358059,0.0,Nov,3,2,5,2,Returning_Visitor,False,127,5742.5663713,0.9291338582677166,45.21705804173229,0.8615238759321503,False,True,0.6068131546232142
0,0.0,0,0.0,2,49.0,0.0,0.1,0.0,0.0,Mar,2,2,1,3,Returning_Visitor,True,2,49.0,1.0,24.5,1.0,False,False,0.014219006296405316
0,0.0,0,0.0,20,2001.833333,0.00952381,0.013492063,0.0,0.0,Nov,2,2,9,6,Returning_Visitor,False,20,2001.833333,1.0,100.09166665,1.0,False,False,0.13305296518229914
5,73.75,0,0.0,131,2244.616667,0.005343511,0.017506361,0.0,0.0,Nov,2,2,1,2,Returning_Visitor,False,136,2318.366667,0.9632352941176472,17.046813727941174,0.96818881109284,False,False,0.44830952273905617
5,110.75,0,0.0,11,146.75,0.0,0.02,0.0,0.0,Nov,1,1,1,15,Returning_Visitor,False,16,257.5,0.6875,16.09375,0.5699029126213592,False,False,0.11584149695867545
0,0.0,0,0.0,48,1510.383333,0.008510638,0.030927052,16.61211742,0.0,Aug,2,4,3,1,Returning_Visitor,False,48,1510.383333,1.0,31.4663194375,1.0,False,True,0.7435836755338069
0,0.0,0,0.0,7,355.6666667,0.0,0.038095238,0.0,1.0,May,1,1,2,2,Returning_Visitor,True,7,355.6666667,1.0,50.80952381428572,1.0,False,False,0.021356118536984752
6,202.4,1,0.0,22,2006.046667,0.007142857,0.032738095,8.052231522,0.0,Nov,6,5,4,2,Returning_Visitor,False,29,2208.446667,0.7586206896551724,76.15333334482759,0.9083518732761864,False,True,0.6708464869486195
2,79.0,0,0.0,7,823.0,0.0,0.028571429,0.0,0.0,Dec,1,1,3,2,Returning_Visitor,True,9,902.0,0.7777777777777778,100.22222222222224,0.9124168514412416,False,False,0.05495947389440675
0,0.0,0,0.0,8,1102.5,0.04,0.090625,0.0,0.0,Dec,1,1,6,2,Returning_Visitor,True,8,1102.5,1.0,137.8125,1.0,False,False,0.03353037764960077
4,16.66666667,0,0.0,68,2593.741667,0.002941176,0.012843137,0.0,0.0,Mar,2,2,4,8,Returning_Visitor,False,72,2610.40833367,0.9444444444444444,36.25567130097222,0.9936153028416944,False,False,0.03414944373392824
3,50.0,5,248.75,39,1034.3125,0.013043478,0.017826087,0.0,0.0,Dec,1,1,1,2,Returning_Visitor,False,47,1333.0625,0.8297872340425532,28.36303191489361,0.775891978058043,False,False,0.05153938699822387
0,0.0,0,0.0,38,586.3333333,0.010526316,0.037593985,0.0,0.4,May,2,2,3,13,Returning_Visitor,False,38,586.3333333,1.0,15.429824560526315,1.0,False,False,0.011402714698909362
5,526.85,4,143.25,266,9770.812093,0.007348856,0.024720163,0.245152903,0.0,Nov,2,4,4,2,Returning_Visitor,True,275,10440.912093,0.9672727272727272,37.96695306545455,0.9358197833645912,False,True,0.7238404456718889
0,0.0,0,0.0,6,183.5,0.0,0.033333333,0.0,0.0,Dec,2,2,1,2,New_Visitor,False,6,183.5,1.0,30.58333333333333,1.0,False,False,0.0735161688780268
5,145.0,2,349.0,33,2161.133333,0.012820513,0.044786325,16.58165201,0.0,Nov,2,2,7,1,Returning_Visitor,False,40,2655.133333,0.825,66.378333325,0.8139453134574466,True,False,0.3755208420920351
10,464.15,4,160.5,26,1975.633333,0.017647059,0.029411765,0.0,0.2,May,2,2,1,3,Returning_Visitor,False,40,2600.283333,0.65,65.007083325,0.7597761782061925,False,False,0.02262920753178896
0,0.0,0,0.0,18,1259.0,0.010526316,0.033684211,0.0,0.0,May,2,2,1,1,Returning_Visitor,False,18,1259.0,1.0,69.94444444444444,1.0,False,False,0.01550029883100822
2,50.5,1,7.0,27,916.9222222,0.0,0.009677419,0.0,0.0,Nov,1,2,1,8,New_Visitor,True,30,974.4222222,0.9,32.48074074,0.940990672533946,True,False,0.22666667761344617
0,0.0,1,16.0,65,2863.400427,0.003125,0.011346726,0.0,0.0,Nov,2,2,1,2,Returning_Visitor,False,66,2879.400427,0.9848484848484848,43.627279196969695,0.9944432876198918,False,False,0.45379589888201616
1,26.0,0,0.0,16,638.8333333,0.0,0.0125,20.26155684,0.0,Mar,2,4,2,2,New_Visitor,False,17,664.8333333,0.9411764705882352,39.10784313529412,0.9608924542472244,False,True,0.9201180890250243
4,207.0,0,0.0,31,1592.233333,0.0,0.011574074,57.06546413,0.0,Dec,2,2,4,1,Returning_Visitor,False,35,1799.233333,0.8857142857142857,51.40666665714286,0.8849509976258315,False,True,0.7809254782379662
12,217.0833333,5,480.125,90,1996.565909,0.013684211,0.027807876,0.0,0.0,Nov,3,2,3,1,Returning_Visitor,False,107,2693.7742423,0.8411214953271028,25.175460208411213,0.7411778899835685,False,False,0.12394815787048825
0,0.0,0,0.0,5,117.75,0.0,0.04,0.0,0.0,Dec,1,1,1,2,Returning_Visitor,False,5,117.75,1.0,23.55,1.0,False,False,0.043897367864349335
0,0.0,0,0.0,18,1485.416667,0.0,0.027777778,0.0,0.0,Mar,2,4,1,1,Returning_Visitor,False,18,1485.416667,1.0,82.52314816666666,1.0,False,False,0.02200699587947296
10,392.0,2,193.1666667,106,3711.605357,0.001754386,0.012573099,0.850509525,0.0,Nov,2,2,1,1,Returning_Visitor,False,118,4296.772023699999,0.8983050847457628,36.41332223474576,0.8638124937808299,True,True,0.7608431770102296
0,0.0,0,0.0,4,25.0,0.05,0.1,0.0,0.0,May,3,2,3,3,Returning_Visitor,False,4,25.0,1.0,6.25,1.0,False,False,0.007902375466340239
1,2.0,0,0.0,61,1335.737854,0.0,0.002,20.15710234,0.0,Nov,4,4,1,2,Returning_Visitor,True,62,1337.737854,0.9838709677419356,21.576417,0.9985049387710606,True,True,0.9247027723070469
0,0.0,0,0.0,23,1134.5,0.066459627,0.102717391,0.0,0.8,May,2,5,1,11,Returning_Visitor,False,23,1134.5,1.0,49.32608695652174,1.0,False,False,0.012382568838180391
9,124.0,1,61.5,25,432.1666667,0.0,0.007692308,0.0,0.0,Dec,2,2,8,2,New_Visitor,False,35,617.6666667,0.7142857142857143,17.64761904857143,0.6996762007717391,False,False,0.10390542889731567
1,51.5,0,0.0,57,2689.291667,0.003571429,0.0275,0.0,0.0,Nov,2,2,9,2,Returning_Visitor,False,58,2740.791667,0.9827586206896552,47.25502874137931,0.9812098086038146,False,False,0.291348763649401
1,46.0,0,0.0,98,3098.649444,0.018814433,0.037472815,6.153201384,0.0,Aug,2,2,6,1,Returning_Visitor,False,99,3144.649444,0.98989898989899,31.7641357979798,0.9853719783972208,False,False,0.467654696568224
0,0.0,0,0.0,26,338.2333333,0.024871795,0.078269231,0.0,0.0,May,2,2,2,2,Returning_Visitor,True,26,338.2333333,1.0,13.008974357692308,1.0,False,False,0.018367860812411183
0,0.0,0,0.0,3,24.0,0.066666667,0.133333333,0.0,0.0,Mar,3,2,3,1,Returning_Visitor,True,3,24.0,1.0,8.0,1.0,False,False,0.011866369299199063
4,162.0,3,75.5,4,158.5,0.0,0.016666667,0.0,0.0,Mar,2,4,1,10,Returning_Visitor,False,11,396.0,0.3636363636363636,36.0,0.4002525252525252,False,False,0.09560454049741836
0,0.0,0,0.0,6,81.66666667,0.0,0.066666667,0.0,0.0,Dec,2,2,7,2,Returning_Visitor,True,6,81.66666667,1.0,13.611111111666666,1.0,False,False,0.03272368892647798
4,94.0,0,0.0,34,1159.666667,0.005714286,0.019142857,16.12416,0.0,May,1,8,1,4,Returning_Visitor,False,38,1253.666667,0.8947368421052632,32.991228078947366,0.9250199415248552,False,True,0.8862888489492979
2,166.9166667,7,115.0,233,7952.491839,0.001834947,0.019045831,8.920900783,0.0,Nov,2,2,1,2,Returning_Visitor,False,242,8234.408505700001,0.962809917355372,34.026481428512405,0.965763580164276,True,True,0.9089246695980501
11,604.73,0,0.0,63,1276.843158,0.0,0.006712329,0.0,0.0,Jul,2,2,8,6,New_Visitor,False,74,1881.573158,0.8513513513513513,25.426664297297297,0.6786040460723877,True,False,0.07899759127818413
0,0.0,0,0.0,27,2514.25,0.0,0.006666667,31.40784,0.0,May,2,2,3,5,New_Visitor,False,27,2514.25,1.0,93.12037037037037,1.0,True,True,0.9208054998405122
0,0.0,0,0.0,6,903.3571429,0.054545455,0.054385965,0.0,0.0,Dec,3,3,1,3,Returning_Visitor,False,6,903.3571429,1.0,150.55952381666663,1.0,False,False,0.017608663497413447
0,0.0,0,0.0,17,639.7566667,0.0,0.011764706,63.45892077,0.0,Oct,2,2,3,4,New_Visitor,False,17,639.7566667,1.0,37.6327451,1.0,True,True,0.9615041110671311
0,0.0,0,0.0,16,149.9,0.05625,0.1,0.0,0.0,June,2,2,7,1,Returning_Visitor,False,16,149.9,1.0,9.36875,1.0,False,False,0.013435123124871435
7,134.0,2,196.0,11,438.5833333,0.0125,0.032291667,0.0,0.0,May,2,5,1,2,Returning_Visitor,False,20,768.5833333,0.55,38.429166665,0.5706386208205849,False,False,0.03440855361830008
0,0.0,0,0.0,49,1571.12381,0.004255319,0.010638298,0.0,0.0,Jul,2,2,8,4,New_Visitor,True,49,1571.12381,1.0,32.0637512244898,1.0,False,False,0.0884664854766534
2,28.0,0,0.0,7,115.6666667,0.0,0.02,0.0,1.0,May,1,1,1,5,New_Visitor,True,9,143.6666667,0.7777777777777778,15.962962966666668,0.8051044083978875,False,False,0.041284846926190416
4,47.0,0,0.0,6,173.0,0.0125,0.0375,0.0,0.0,May,1,2,2,2,Returning_Visitor,False,10,220.0,0.6,22.0,0.7863636363636364,False,False,0.035164083596030044
2,73.95833333,0,0.0,17,864.9983333,0.025,0.0375,27.83116147,0.0,Sep,3,2,4,1,Returning_Visitor,False,19,938.95666663,0.8947368421052632,49.41877192789474,0.921233496753963,True,True,0.6423899765285667
2,20.2,0,0.0,14,1261.316667,0.0,0.009183673,0.0,0.0,Aug,2,2,1,5,Returning_Visitor,False,16,1281.516667,0.875,80.0947916875,0.984237427011162,False,False,0.04749301255039457
1,54.5,0,0.0,26,449.25,0.0,0.022222222,0.0,0.0,Dec,4,2,3,2,Returning_Visitor,False,27,503.75,0.9629629629629628,18.65740740740741,0.8918114143920596,False,False,0.03900708696646775
0,0.0,0,0.0,27,321.6666667,0.051190476,0.07224026,0.0,0.8,May,3,2,1,1,Returning_Visitor,False,27,321.6666667,1.0,11.913580248148149,1.0,False,False,0.009785289622555924
0,0.0,0,0.0,2,11.0,0.0,0.1,0.0,0.0,Dec,2,2,2,13,Returning_Visitor,False,2,11.0,1.0,5.5,1.0,False,False,0.014441704378843408
0,0.0,0,0.0,4,34.0,0.1,0.15,0.0,0.0,Mar,3,2,6,1,Returning_Visitor,False,4,34.0,1.0,8.5,1.0,False,False,0.011005127098268985
0,0.0,0,0.0,8,332.0,0.0,0.028571429,14.1273698,0.0,Nov,1,2,4,8,New_Visitor,True,8,332.0,1.0,41.5,1.0,True,True,0.9321173105064787
3,98.5,0,0.0,27,702.3333333,0.023214286,0.042261905,0.0,0.0,Dec,2,2,7,2,Returning_Visitor,False,30,800.8333333,0.9,26.69444444333333,0.8770031217430595,False,False,0.03189615951151232
0,0.0,0,0.0,3,26.0,0.0,0.05,0.0,0.0,Mar,3,2,1,1,Returning_Visitor,False,3,26.0,1.0,8.666666666666666,1.0,False,False,0.014574033193446108
1,58.4,1,24.2,11,503.2666667,0.018181818,0.036363636,24.72209216,0.0,Oct,3,2,1,1,Returning_Visitor,False,13,585.8666667,0.8461538461538461,45.06666666923077,0.8590122894936838,True,True,0.6654239550400859
0,0.0,0,0.0,2,0.0,0.2,0.2,0.0,0.2,May,2,2,2,13,Returning_Visitor,False,2,0.0,1.0,0.0,0.0,False,False,0.008227818210875636
0,0.0,2,62.33333333,34,1122.272727,0.047222222,0.071018519,0.0,0.8,May,2,2,4,6,Returning_Visitor,False,36,1184.60606033,0.9444444444444444,32.905723898055555,0.9473805382080897,False,False,0.009762097980828924
2,96.0,0,0.0,5,122.0,0.028571429,0.05,0.0,0.0,May,1,1,1,15,Returning_Visitor,True,7,218.0,0.7142857142857143,31.142857142857142,0.5596330275229358,False,False,0.029570922749908805
4,80.6,0,0.0,39,639.4933333,0.0,0.005,0.0,0.0,Nov,1,2,1,20,Returning_Visitor,False,43,720.0933333,0.9069767441860463,16.746356588372095,0.8880700649863938,False,False,0.130667587025001
8,130.7,0,0.0,3,87.5,0.0,0.022222222,0.0,0.0,Nov,2,2,1,3,New_Visitor,True,11,218.2,0.2727272727272727,19.83636363636364,0.4010082493125573,False,False,0.24004638697439615
1,16.6,0,0.0,84,1893.619048,0.016825397,0.030138889,0.0,0.0,Oct,1,1,6,3,Returning_Visitor,False,85,1910.219048,0.9882352941176472,22.47316527058824,0.9913098971464136,False,False,0.033514285026664765
1,27.0,0,0.0,4,467.0,0.0,0.025,0.0,0.0,May,1,1,1,4,New_Visitor,False,5,494.0,0.8,98.8,0.945344129554656,False,False,0.031061854522714972
6,102.4,2,44.4,33,688.3142857,0.0,0.022222222,0.0,0.0,Sep,2,2,3,3,Returning_Visitor,False,41,835.1142857,0.8048780487804879,20.368641114634144,0.8242156762089743,False,False,0.037976593760258026
2,137.0,0,0.0,6,185.4,0.0,0.028571429,44.89345937,0.0,Oct,2,2,7,4,Returning_Visitor,False,8,322.4,0.75,40.3,0.5750620347394542,True,True,0.8760152806879078
1,27.5,1,376.0,109,2925.677607,0.005504587,0.0156734,0.0,0.0,Nov,1,2,3,10,Returning_Visitor,False,111,3329.177607,0.981981981981982,29.992591054054056,0.8787988964146604,False,False,0.2771473479555692
6,85.96666667,1,2.0,76,1464.209618,0.009803094,0.01785746,0.0,0.0,Aug,3,2,8,4,Returning_Visitor,False,83,1552.17628467,0.9156626506024096,18.70091909240964,0.943326883976518,False,False,0.03419893919499632
2,28.05714286,0,0.0,73,2260.857143,0.002666667,0.018933333,0.0,0.0,June,2,2,7,4,Returning_Visitor,True,75,2288.9142858600003,0.9733333333333334,30.518857144800005,0.9877421609741676,False,False,0.044944674081045244
0,0.0,0,0.0,7,176.3333333,0.0,0.011111111,0.0,0.0,May,2,2,2,13,Returning_Visitor,False,7,176.3333333,1.0,25.190476185714285,1.0,False,False,0.01243680231148013
1,28.2,0,0.0,1,0.0,0.0,0.05,0.0,0.0,Sep,1,1,1,5,New_Visitor,False,2,28.2,0.5,14.1,0.0,True,False,0.162215061453343
0,0.0,0,0.0,10,444.5,0.0,0.02,13.9394091,0.0,Nov,2,2,1,1,Returning_Visitor,False,10,444.5,1.0,44.45,1.0,True,True,0.890303383028689
1,4.0,0,0.0,18,143.85,0.0,0.034117647,0.0,0.0,May,2,2,3,3,Returning_Visitor,False,19,147.85,0.9473684210526316,7.781578947368421,0.972945552925262,False,False,0.015927008845988706
0,0.0,0,0.0,4,44.4,0.0,0.05,0.0,0.0,June,2,10,1,3,Returning_Visitor,False,4,44.4,1.0,11.1,1.0,False,False,0.022764518076073353
2,72.5,0,0.0,10,1580.0,0.0,0.018181818,100.0963636,0.0,May,2,2,1,2,Returning_Visitor,False,12,1652.5,0.8333333333333334,137.70833333333334,0.9561270801815432,True,True,0.8952038951160651
0,0.0,0,0.0,10,154.5,0.0,0.01,0.0,0.2,May,2,2,3,13,New_Visitor,False,10,154.5,1.0,15.45,1.0,False,False,0.016231494169224498
0,0.0,0,0.0,1,0.0,0.2,0.2,0.0,0.0,Nov,2,4,4,1,Returning_Visitor,False,1,0.0,1.0,0.0,0.0,False,False,0.06072155080846567
0,0.0,0,0.0,20,644.4,0.0,0.007777778,0.0,0.0,Mar,1,1,7,3,Returning_Visitor,False,20,644.4,1.0,32.22,1.0,False,False,0.020461517691352408
5,174.3,0,0.0,39,794.7131148,0.032954545,0.056528671,0.0,0.0,Sep,1,2,1,1,Returning_Visitor,False,44,969.0131148,0.8863636363636364,22.02302533636364,0.8201262734860149,False,False,0.03573101553279153
0,0.0,0,0.0,14,204.5,0.046153846,0.084615385,0.0,0.6,May,1,1,4,3,Returning_Visitor,False,14,204.5,1.0,14.607142857142858,1.0,False,False,0.008805377944511356
5,109.8333333,1,37.0,24,1067.795238,0.0,0.008035714,64.46185714,0.0,May,1,1,4,3,Returning_Visitor,False,30,1214.6285713,0.8,40.48761904333333,0.8791125643102184,False,True,0.8031273653698331
0,0.0,0,0.0,9,159.0,0.0,0.022222222,0.0,0.0,Mar,2,2,1,2,Returning_Visitor,True,9,159.0,1.0,17.666666666666668,1.0,False,False,0.04119147034013309
3,52.5,0,0.0,139,3674.737578,0.002142857,0.011897444,17.50624004,0.0,Nov,2,2,2,10,Returning_Visitor,False,142,3727.237578,0.9788732394366196,26.24815195774648,0.9859145013159664,True,True,0.8933060135056605
1,45.4,0,0.0,60,2580.634935,0.0,0.009442743,0.0,0.0,Oct,1,1,1,2,Returning_Visitor,False,61,2626.034935,0.9836065573770492,43.04975303278689,0.9827115780544632,False,False,0.07963639670411854
1,0.0,0,0.0,9,300.3333333,0.041666667,0.06875,0.0,0.0,Dec,3,2,9,1,Returning_Visitor,False,10,300.3333333,0.9,30.03333333,1.0,False,False,0.021725178015224885
2,45.25,1,0.0,42,4126.448611,0.000775194,0.013436693,0.0,0.0,Dec,2,2,7,2,Returning_Visitor,False,45,4171.698611,0.9333333333333332,92.70441357777776,0.9891530994399538,False,False,0.0470722505258914
5,197.0,4,246.0,17,427.0833333,0.0,0.008695652,0.0,0.0,Mar,1,1,3,2,New_Visitor,False,26,870.0833333,0.6538461538461539,33.46474358846154,0.4908533665162667,False,False,0.05343738390581471
0,0.0,0,0.0,21,1041.733333,0.0,0.053333333,0.0,0.0,Nov,3,2,8,1,Returning_Visitor,False,21,1041.733333,1.0,49.60634919047619,1.0,False,False,0.0830034985676077
1,9.0,0,0.0,15,688.1833333,0.0,0.011904762,43.03066045,0.0,Dec,1,1,3,2,New_Visitor,False,16,697.1833333,0.9375,43.57395833125,0.9870909134367856,True,True,0.9363972228129964
0,0.0,0,0.0,4,0.0,0.2,0.2,0.0,0.6,May,3,2,4,3,Returning_Visitor,False,4,0.0,1.0,0.0,0.0,False,False,0.006834304802449438
5,36.86666667,0,0.0,123,3886.823333,0.002090592,0.015563298,0.0,0.0,June,2,2,1,4,Returning_Visitor,False,128,3923.68999967,0.9609375,30.653828122421874,0.990604082719812,False,False,0.04493501169349057
4,97.0,0,0.0,22,739.5833333,0.009090909,0.006060606,0.0,0.0,May,1,1,6,4,New_Visitor,True,26,836.5833333,0.8461538461538461,32.176282050000005,0.8840521964292879,False,False,0.032164100833943325
0,0.0,0,0.0,20,873.7365079,0.0075,0.028166667,0.0,0.0,Feb,1,2,1,1,Returning_Visitor,False,20,873.7365079,1.0,43.686825395,1.0,False,False,0.028351412717465597
0,0.0,0,0.0,16,980.25,0.0,0.04,0.0,0.0,Mar,2,2,4,3,Returning_Visitor,False,16,980.25,1.0,61.265625,1.0,False,False,0.01222502359965741
0,0.0,0,0.0,20,248.4166667,0.010526316,0.033684211,0.0,0.8,May,2,2,2,13,Returning_Visitor,False,20,248.4166667,1.0,12.420833335,1.0,False,False,0.0138632592887339
4,116.0,1,8.0,59,1828.774603,0.003874092,0.023361582,26.93792373,0.0,May,2,2,7,6,Returning_Visitor,False,64,1952.774603,0.921875,30.512103171875,0.9365006080018136,False,True,0.7132231585430754
5,99.16666667,1,27.0,33,483.2666667,0.002777778,0.009126984,0.0,0.6,May,8,5,1,2,Returning_Visitor,False,39,609.43333337,0.8461538461538461,15.626495727435898,0.7929770825426748,False,False,0.02106094246871938
0,0.0,0,0.0,4,18.2,0.15,0.15,0.0,0.0,Sep,3,2,1,13,Returning_Visitor,False,4,18.2,1.0,4.55,1.0,False,False,0.021526421139910035
8,96.75,1,73.75,64,2527.083333,0.0,0.005239899,0.0,0.0,Nov,2,2,4,2,Returning_Visitor,False,73,2697.583333,0.8767123287671232,36.95319634246575,0.9367952797178704,False,False,0.21794002628189557
2,15.6,0,0.0,10,68.0,0.018181818,0.045454545,0.0,0.2,May,2,2,2,3,Returning_Visitor,False,12,83.6,0.8333333333333334,6.966666666666666,0.8133971291866029,False,False,0.017295171436845568
0,0.0,0,0.0,22,887.3547619,0.01,0.0145,0.0,0.0,May,3,2,8,2,Returning_Visitor,False,22,887.3547619,1.0,40.33430735909091,1.0,False,False,0.019686358993046122
0,0.0,0,0.0,4,41.0,0.1,0.15,0.0,0.4,May,2,2,1,2,Returning_Visitor,False,4,41.0,1.0,10.25,1.0,False,False,0.01679536251787054
0,0.0,0,0.0,2,7.0,0.05,0.15,0.0,0.2,May,2,2,7,4,Returning_Visitor,False,2,7.0,1.0,3.5,1.0,False,False,0.00931616489086179
4,314.0833333,2,27.0,130,6560.00754,0.0,0.006376263,0.0,0.0,Nov,2,2,1,2,Returning_Visitor,False,136,6901.0908733,0.9558823529411764,50.74331524485294,0.9505754467573184,False,False,0.44603666193627783
1,0.0,0,0.0,59,1669.940186,0.004137931,0.011611098,0.0,0.0,Dec,2,2,3,7,Returning_Visitor,True,60,1669.940186,0.9833333333333332,27.83233643333333,1.0,False,False,0.03593845056900103
7,421.25,0,0.0,59,1945.896667,0.012239583,0.010578704,28.52919049,0.0,June,2,6,1,20,Returning_Visitor,False,66,2367.146667,0.8939393939393939,35.86585859090909,0.8220431349385416,True,False,0.4863489689589091
3,13.0,0,0.0,7,79.5,0.0,0.02,0.0,0.0,Mar,2,2,1,8,New_Visitor,True,10,92.5,0.7,9.25,0.8594594594594595,False,False,0.07162501006476209
4,23.375,2,231.6,35,996.1480769,0.006081081,0.041741742,0.0,0.0,Nov,2,2,5,2,Returning_Visitor,True,41,1251.1230769,0.8536585365853658,30.51519699756097,0.7962031036692486,False,False,0.18159720594723786
0,0.0,0,0.0,5,43.2,0.08,0.12,0.0,0.0,Jul,2,2,3,13,Returning_Visitor,True,5,43.2,1.0,8.64,1.0,False,False,0.020920629542179933
5,69.0,4,163.0,50,2424.75,0.0,0.023333333,2.973214286,0.0,May,2,2,3,3,Returning_Visitor,False,59,2656.75,0.847457627118644,45.02966101694916,0.9126752611273172,False,False,0.2207090793616001
0,0.0,0,0.0,6,64.0,0.1,0.133333333,0.0,0.0,Mar,4,1,1,1,Returning_Visitor,False,6,64.0,1.0,10.666666666666666,1.0,False,False,0.012133539479752162
4,139.0,1,146.0,26,1740.45,0.016666667,0.03,0.0,0.0,May,1,1,6,2,Returning_Visitor,True,31,2025.45,0.8387096774193549,65.33709677419355,0.859290528030808,False,False,0.018793222712044685
6,191.0,1,26.5,37,1874.841667,0.009302326,0.010077519,0.0,0.0,Nov,2,2,4,3,Returning_Visitor,False,44,2092.341667,0.8409090909090909,47.55321970454545,0.896049482056221,False,False,0.115036079181165
8,102.6666667,0,0.0,49,4051.375,0.007272727,0.022949495,0.0,0.0,May,2,4,7,4,Returning_Visitor,False,57,4154.0416667,0.8596491228070176,72.87792397719298,0.975285113887276,False,False,0.015526436353812925
0,0.0,0,0.0,9,125.5,0.0,0.007407407,0.0,0.0,Nov,2,2,7,11,Returning_Visitor,False,9,125.5,1.0,13.944444444444445,1.0,False,False,0.11097358332521445
0,0.0,0,0.0,7,277.1666667,0.028571429,0.05,0.0,0.0,Nov,3,2,4,13,Returning_Visitor,False,7,277.1666667,1.0,39.5952381,1.0,False,False,0.05674434744890051
0,0.0,0,0.0,2,0.0,0.2,0.2,0.0,0.0,Oct,1,2,2,5,Returning_Visitor,False,2,0.0,1.0,0.0,0.0,False,False,0.025161536882762237
0,0.0,0,0.0,50,1735.595238,0.0,0.008746356,0.0,0.2,May,2,2,3,1,Returning_Visitor,False,50,1735.595238,1.0,34.71190476,1.0,False,False,0.015603458224924862
9,794.8833333,0,0.0,36,1697.55,0.0175,0.02575,24.61425,0.2,May,2,2,1,4,Returning_Visitor,False,45,2492.4333333,0.8,55.38740740666667,0.6810814063991157,False,False,0.4567448862650564
0,0.0,0,0.0,8,245.0,0.1,0.120833333,0.0,0.0,May,2,4,3,1,Returning_Visitor,False,8,245.0,1.0,30.625,1.0,False,False,0.010590696124426665
1,18.0,4,123.5,24,4114.083333,0.0,0.003571429,20.91831644,0.0,Mar,1,1,1,2,New_Visitor,False,29,4255.583333,0.8275862068965517,146.74425286206895,0.9667495642952788,True,True,0.9039836746300601
0,0.0,0,0.0,2,0.0,0.2,0.2,0.0,0.0,Mar,3,2,6,1,Returning_Visitor,True,2,0.0,1.0,0.0,0.0,False,False,0.012886843294386387
0,0.0,0,0.0,23,709.75,0.029166667,0.043055556,0.0,0.0,Nov,2,2,1,2,Returning_Visitor,True,23,709.75,1.0,30.85869565217392,1.0,False,False,0.24592185590362076
0,0.0,0,0.0,6,330.0,0.066666667,0.1,0.0,0.0,Mar,3,2,8,10,Returning_Visitor,False,6,330.0,1.0,55.0,1.0,False,False,0.01836716904612658
1,9.0,0,0.0,13,858.8333333,0.014285714,0.051190476,0.0,0.0,Nov,1,1,6,11,Returning_Visitor,False,14,867.8333333,0.9285714285714286,61.98809523571429,0.9896293451119504,True,False,0.1132537030470728
0,0.0,0,0.0,1,0.0,0.2,0.2,0.0,0.8,May,2,2,3,13,Returning_Visitor,False,1,0.0,1.0,0.0,0.0,False,False,0.0075727209615812875
0,0.0,0,0.0,5,108.0,0.0,0.04,0.0,0.0,Dec,2,2,1,2,New_Visitor,False,5,108.0,1.0,21.6,1.0,False,False,0.05974047581468869
0,0.0,0,0.0,140,2404.831006,0.001428571,0.003142857,0.0,0.0,Nov,1,1,4,2,Returning_Visitor,False,140,2404.831006,1.0,17.17736432857143,1.0,False,False,0.2526385512007926
0,0.0,0,0.0,40,1161.9,0.055,0.08,0.0,0.0,Sep,1,8,6,1,Returning_Visitor,False,40,1161.9,1.0,29.047500000000003,1.0,False,False,0.031161843269484197
7,241.8611111,3,228.0,154,4755.224054,0.009808489,0.029142563,1.104440234,0.0,Nov,1,2,2,1,Returning_Visitor,False,164,5225.0851651,0.9390243902439024,31.86027539695122,0.9100758942192272,False,True,0.6000328494171712
4,170.5,0,0.0,20,1052.833333,0.010526316,0.015789474,0.0,0.0,Nov,1,1,6,3,New_Visitor,False,24,1223.333333,0.8333333333333334,50.972222208333335,0.8606267029592989,False,False,0.1642717370631507
0,0.0,0,0.0,4,137.0,0.0,0.075,0.0,0.0,May,4,1,3,3,Returning_Visitor,True,4,137.0,1.0,34.25,1.0,False,False,0.012752184620000884
0,0.0,0,0.0,1,15.6,0.0,0.0,47.7917708,0.0,Sep,1,1,6,3,New_Visitor,False,1,15.6,1.0,15.6,1.0,True,True,0.9502736051547752
0,0.0,0,0.0,3,17.0,0.1,0.166666667,0.0,0.6,May,1,1,3,6,Returning_Visitor,False,3,17.0,1.0,5.666666666666667,1.0,False,False,0.009007790667250166
3,36.0,2,763.0,9,163.5,0.0,0.014285714,0.0,0.0,Dec,8,2,1,2,New_Visitor,False,14,962.5,0.6428571428571429,68.75,0.1698701298701298,True,False,0.11447191182000432
0,0.0,0,0.0,11,461.0,0.036363636,0.054545455,0.0,0.0,Dec,2,2,5,6,Returning_Visitor,False,11,461.0,1.0,41.90909090909091,1.0,False,False,0.02120621670718324
0,0.0,0,0.0,13,323.9166667,0.0,0.008333333,35.8370931,0.0,Mar,1,1,4,10,Returning_Visitor,False,13,323.9166667,1.0,24.91666666923077,1.0,True,True,0.9237079578811566
0,0.0,0,0.0,28,683.3,0.028571429,0.089285714,0.0,0.0,June,2,2,3,1,Returning_Visitor,False,28,683.3,1.0,24.40357142857143,1.0,False,False,0.019531923232734272
3,294.2,2,108.9,60,1994.023778,0.022153846,0.037014927,0.0,0.0,Sep,3,2,6,2,Returning_Visitor,False,65,2397.123778,0.9230769230769232,36.87882735384616,0.8318401395457685,False,False,0.05035220024712311
0,0.0,0,0.0,22,464.3833333,0.0,0.002272727,0.0,0.0,Nov,2,2,1,8,New_Visitor,False,22,464.3833333,1.0,21.108333331818184,1.0,False,False,0.2012730441950217
0,0.0,0,0.0,34,311.5,0.0,0.011764706,0.0,0.0,Mar,2,2,4,1,Returning_Visitor,False,34,311.5,1.0,9.161764705882351,1.0,False,False,0.01801402941480764
10,183.75,1,15.0,70,2860.5,0.009876543,0.025308642,8.488518519,0.0,May,4,1,4,3,Returning_Visitor,True,81,3059.25,0.8641975308641975,37.76851851851852,0.935033096347144,False,False,0.15404826969940097
3,35.33333333,0,0.0,13,151.5,0.003333333,0.016444444,0.0,0.8,May,2,2,3,2,Returning_Visitor,False,16,186.83333333,0.8125,11.677083333125,0.8108831400679907,False,False,0.02788597826984262
0,0.0,0,0.0,8,731.0,0.0,0.04375,0.0,0.0,Mar,2,4,1,3,Returning_Visitor,False,8,731.0,1.0,91.375,1.0,False,False,0.0185058895731931
6,125.25,2,89.0,146,3697.731633,0.008108108,0.015188129,73.35866939,0.0,Nov,2,2,1,2,Returning_Visitor,True,154,3911.981633,0.948051948051948,25.40247813636364,0.9452323604506044,True,True,0.8604812897894556
0,0.0,0,0.0,7,71.6,0.028571429,0.071428571,0.0,0.0,Nov,1,1,9,4,Returning_Visitor,False,7,71.6,1.0,10.228571428571428,1.0,False,False,0.07462495346943261
4,206.6,0,0.0,6,282.8,0.025,0.025,0.0,0.0,Sep,3,2,3,5,Returning_Visitor,False,10,489.4,0.6,48.94,0.5778504290968534,False,False,0.08134677654904483
6,116.6973684,0,0.0,171,9405.836721,0.008313228,0.028256171,0.0,0.0,Dec,3,2,3,2,Returning_Visitor,False,177,9522.5340894,0.9661016949152542,53.79962762372882,0.9877451351389857,True,False,0.03636299924331187
0,0.0,1,42.0,20,408.3333333,0.0,0.003174603,33.47777322,0.0,Mar,2,4,7,2,Returning_Visitor,False,21,450.3333333,0.9523809523809524,21.444444442857144,0.9067357512884334,True,True,0.8781517364540692
1,30.5,0,0.0,324,14213.63652,0.002063983,0.010072239,4.485584737,0.0,Nov,2,2,9,1,Returning_Visitor,True,325,14244.13652,0.9969230769230768,43.828112369230766,0.9978587680652192,True,True,0.7385771388261578
0,0.0,0,0.0,9,73.66666667,0.0,0.022222222,0.0,0.2,May,2,2,1,3,Returning_Visitor,False,9,73.66666667,1.0,8.185185185555556,1.0,False,False,0.015086865849548136
0,0.0,0,0.0,9,269.7,0.0,0.033333333,0.0,0.0,Dec,3,2,3,10,New_Visitor,False,9,269.7,1.0,29.966666666666665,1.0,False,False,0.04159835508614019
0,0.0,0,0.0,40,1783.25,0.008333333,0.026416667,0.0,0.8,May,2,6,3,2,Returning_Visitor,False,40,1783.25,1.0,44.58125,1.0,False,False,0.013503633639123536
6,91.75,0,0.0,11,380.6666667,0.0,0.005128205,0.0,0.0,Dec,2,2,1,2,Returning_Visitor,True,17,472.4166667,0.6470588235294118,27.78921568823529,0.8057858528978101,False,False,0.09621577060750612
0,0.0,0,0.0,45,2347.333333,0.004545455,0.015909091,0.0,0.0,Nov,2,4,1,1,Returning_Visitor,False,45,2347.333333,1.0,52.16296295555556,1.0,False,False,0.20186845382802632
0,0.0,0,0.0,12,631.75,0.054545455,0.072727273,76.05518858,0.0,Nov,1,1,1,3,Returning_Visitor,False,12,631.75,1.0,52.645833333333336,1.0,False,True,0.8226033429723383
2,78.0,0,0.0,24,424.0,0.0,0.001190476,0.0,0.0,Mar,1,1,3,10,New_Visitor,False,26,502.0,0.9230769230769232,19.307692307692307,0.8446215139442231,False,False,0.029327267116532992
0,0.0,0,0.0,11,188.4583333,0.0,0.009090909,0.0,0.0,Nov,1,1,1,8,New_Visitor,False,11,188.4583333,1.0,17.132575754545453,1.0,False,False,0.18608187389180103
10,139.5,0,0.0,85,1740.271008,0.011827957,0.030865335,4.76956682,0.6,May,3,2,1,3,Returning_Visitor,False,95,1879.771008,0.8947368421052632,19.787063242105265,0.9257888331045054,False,False,0.09910534355098592
0,0.0,0,0.0,1,0.0,0.2,0.2,0.0,0.0,Nov,2,2,1,13,Returning_Visitor,False,1,0.0,1.0,0.0,0.0,False,False,0.052872301640018216
0,0.0,0,0.0,15,153.0,0.0,0.04,0.0,0.6,May,2,10,1,3,Returning_Visitor,False,15,153.0,1.0,10.2,1.0,False,False,0.012957950777062962
0,0.0,1,0.0,13,268.75,0.007692308,0.038461538,13.43133991,0.0,Dec,1,1,1,1,Returning_Visitor,False,14,268.75,0.9285714285714286,19.196428571428573,1.0,False,True,0.788554333185299
4,13.61904762,0,0.0,27,520.3333333,0.0,0.020322581,8.497935484,0.0,Mar,3,2,4,2,Returning_Visitor,True,31,533.95238092,0.8709677419354839,17.224270352258063,0.9744938910160222,False,True,0.7919893850178888
4,132.0,0,0.0,7,1413.333333,0.036,0.029285714,0.0,0.0,Mar,3,2,7,8,Returning_Visitor,False,11,1545.333333,0.6363636363636364,140.48484845454547,0.9145815357883048,False,False,0.036015923145353734
7,177.5,6,312.0,40,1123.050824,0.008680556,0.024695767,0.0,0.0,Dec,1,1,3,2,Returning_Visitor,False,53,1612.550824,0.7547169811320755,30.425487245283016,0.6964436762459525,False,False,0.050240045535672156
4,64.66666667,0,0.0,38,1445.666667,0.0,0.005263158,52.11335786,0.0,Nov,2,2,1,2,New_Visitor,False,42,1510.33333367,0.9047619047619048,35.960317468333336,0.9571838446332476,True,True,0.9515597975005884
1,24.0,0,0.0,8,147.0,0.033333333,0.026666667,0.0,0.0,May,2,6,6,1,Returning_Visitor,False,9,171.0,0.8888888888888888,19.0,0.8596491228070176,False,False,0.010773701401534585
10,316.1405025,7,321.6666667,287,12983.78771,0.000668896,0.006998399,1.088158231,0.0,Mar,2,4,3,8,New_Visitor,False,304,13621.5948792,0.944078947368421,44.80787789210526,0.9531767627171234,False,True,0.57885077902765
3,96.8,0,0.0,29,2041.626667,0.026075269,0.047324629,0.0,0.0,Sep,2,2,3,1,Returning_Visitor,False,32,2138.426667,0.90625,66.82583334375,0.9547330747910092,False,False,0.038499832657946986
2,67.5,2,100.2,17,1770.8,0.026315789,0.035087719,0.0,0.0,Nov,2,2,2,2,Returning_Visitor,False,21,1938.5,0.8095238095238095,92.3095238095238,0.9134898117100853,False,False,0.19629915003079573
4,292.1904762,1,194.5,56,1948.713745,0.001724138,0.021055381,14.69293103,0.0,May,1,2,3,2,Returning_Visitor,False,61,2435.4042212,0.918032786885246,39.92465936393442,0.8001602888081584,True,True,0.6230471406859579
0,0.0,0,0.0,12,279.547619,0.0,0.019047619,0.0,0.0,Nov,3,2,1,3,Returning_Visitor,False,12,279.547619,1.0,23.295634916666668,1.0,False,False,0.08539939643496339
1,241.0,0,0.0,39,2666.0,0.015384615,0.046153846,0.0,0.2,May,2,2,5,13,Returning_Visitor,False,40,2907.0,0.975,72.675,0.917096663226694,False,False,0.011319167569134907
0,0.0,0,0.0,37,456.15,0.121621622,0.131891892,0.0,0.0,Jul,3,2,1,3,Returning_Visitor,True,37,456.15,1.0,12.328378378378378,1.0,False,False,0.024007383450010338
12,214.05,0,0.0,33,536.3227273,0.007317073,0.015853659,0.0,0.0,Dec,1,1,1,2,Returning_Visitor,False,45,750.3727273,0.7333333333333333,16.674949495555556,0.7147417647091237,False,False,0.07319990457808673
1,56.5,1,41.5,87,2504.870761,0.019555912,0.036429937,0.0,0.0,Nov,1,2,1,11,Returning_Visitor,True,89,2602.870761,0.9775280898876404,29.24573888764045,0.9623492639479536,False,False,0.23245359961842646
0,0.0,0,0.0,8,561.5,0.0,0.05,0.0,0.0,Dec,2,4,7,20,Returning_Visitor,False,8,561.5,1.0,70.1875,1.0,False,False,0.025009336984737875
4,48.66666667,0,0.0,66,2436.106169,0.006036217,0.034560698,12.02904527,0.0,Nov,2,2,3,6,Returning_Visitor,False,70,2484.77283567,0.9428571428571428,35.49675479528571,0.9804140378664123,False,True,0.8461945296753765
0,0.0,0,0.0,5,384.0,0.0,0.05,0.0,0.0,May,2,4,4,2,Returning_Visitor,False,5,384.0,1.0,76.8,1.0,False,False,0.014601717725527154
0,0.0,3,100.0,22,2175.993651,0.01,0.049312469,0.0,0.0,Mar,2,2,3,1,Returning_Visitor,False,25,2275.993651,0.88,91.03974604,0.9560631463290492,False,False,0.023040036992623292
4,76.4,0,0.0,2,49.4,0.0,0.033333333,16.77416803,0.0,Oct,2,2,6,2,Returning_Visitor,False,6,125.8,0.3333333333333333,20.96666666666667,0.3926868044515103,True,True,0.8622429394537886
0,0.0,0,0.0,45,1478.07381,0.020454545,0.038636364,0.0,0.0,Nov,2,2,7,13,Returning_Visitor,False,45,1478.07381,1.0,32.84608466666667,1.0,False,False,0.09897379176876481
0,0.0,0,0.0,1,0.0,0.2,0.2,0.0,0.0,Dec,2,2,3,13,Returning_Visitor,False,1,0.0,1.0,0.0,0.0,False,False,0.0130929263424757
0,0.0,0,0.0,12,1145.416667,0.009090909,0.048484848,0.0,0.0,Nov,3,2,8,10,Returning_Visitor,True,12,1145.416667,1.0,95.45138891666666,1.0,False,False,0.12463579921885873
0,0.0,0,0.0,5,200.9333333,0.0,0.08,0.0,0.0,Dec,3,2,1,6,Returning_Visitor,False,5,200.9333333,1.0,40.18666666,1.0,False,False,0.022779961384461124
0,0.0,0,0.0,4,66.0,0.0,0.025,0.0,0.0,May,2,2,1,4,Returning_Visitor,False,4,66.0,1.0,16.5,1.0,False,False,0.01745884487609842
7,38.6,0,0.0,70,1087.7,0.0,0.004861111,0.0,0.0,Oct,2,2,4,5,Returning_Visitor,False,77,1126.3,0.9090909090909092,14.627272727272729,0.9657284915209092,False,False,0.035527683360900335
0,0.0,0,0.0,21,517.4238095,0.019047619,0.025,0.0,0.0,Mar,2,5,2,1,Returning_Visitor,False,21,517.4238095,1.0,24.63922902380952,1.0,False,False,0.019859695810825174
0,0.0,0,0.0,2,13.0,0.0,0.1,0.0,0.0,May,2,2,1,3,Returning_Visitor,False,2,13.0,1.0,6.5,1.0,False,False,0.010883279921902217
8,305.6666667,1,0.0,35,796.25,0.005555556,0.011574074,0.0,0.0,Dec,1,1,3,10,Returning_Visitor,False,44,1101.9166667,0.7954545454545454,25.04356060681818,0.7226045526515131,False,False,0.04567695216779909
2,27.375,0,0.0,39,1157.416667,0.010833333,0.045714286,0.0,0.0,Dec,2,2,4,1,Returning_Visitor,True,41,1184.791667,0.951219512195122,28.89735773170732,0.9768946720655828,False,False,0.026285101784461157
2,98.25,0,0.0,10,303.25,0.0,0.011111111,0.0,0.0,Mar,3,2,2,2,New_Visitor,True,12,401.5,0.8333333333333334,33.458333333333336,0.7552926525529265,False,False,0.035709167897060794
8,160.5,2,1467.0,26,721.0,0.0,0.031029186,0.0,0.0,Mar,2,2,1,1,Returning_Visitor,False,36,2348.5,0.7222222222222222,65.23611111111111,0.3070044709388971,False,False,0.02865921441181382
0,0.0,0,0.0,15,148.9333333,0.0,0.04,0.0,0.0,June,4,2,1,13,Returning_Visitor,False,15,148.9333333,1.0,9.928888886666666,1.0,False,False,0.02066430126994085
0,0.0,0,0.0,20,526.8,0.0,0.010526316,104.2012273,0.0,Sep,2,2,1,2,Returning_Visitor,False,20,526.8,1.0,26.34,1.0,True,True,0.9385324747874254
13,1013.056909,2,102.8,77,2697.022104,0.0,0.009471471,1.798669862,0.0,Nov,1,1,9,2,Returning_Visitor,False,92,3812.879013,0.8369565217391305,41.444337097826086,0.7073453143423934,False,True,0.5757914217249333
0,0.0,0,0.0,4,54.5,0.1,0.15,0.0,0.0,Nov,2,2,1,10,Returning_Visitor,False,4,54.5,1.0,13.625,1.0,False,False,0.10216820451666739
9,279.5,0,0.0,14,313.5833333,0.0,0.010526316,0.0,0.0,Nov,1,1,1,2,New_Visitor,False,23,593.0833333,0.6086956521739131,25.786231882608696,0.5287340171155674,False,False,0.26021427609107567
0,0.0,0,0.0,16,407.75,0.01875,0.025833333,0.0,0.4,Feb,1,1,4,3,Returning_Visitor,False,16,407.75,1.0,25.484375,1.0,False,False,0.018512668319666317
0,0.0,0,0.0,15,612.0,0.0,0.013333333,0.0,0.0,Nov,1,2,8,2,Returning_Visitor,True,15,612.0,1.0,40.8,1.0,False,False,0.23778860196428242
0,0.0,0,0.0,12,689.75,0.0,0.083333333,0.0,0.0,May,2,4,3,4,Returning_Visitor,False,12,689.75,1.0,57.47916666666666,1.0,False,False,0.015340210269353853
2,166.0,2,55.0,10,1968.25,0.014285714,0.021428571,0.0,0.0,May,1,1,1,6,New_Visitor,True,14,2189.25,0.7142857142857143,156.375,0.899052186821971,False,False,0.028309676141317786
4,55.32575758,0,0.0,11,234.9924242,0.0,0.018181818,0.0,0.0,Mar,2,2,3,1,Returning_Visitor,False,15,290.31818178,0.7333333333333333,19.354545452,0.8094306142288902,False,False,0.0395165560333232
0,0.0,0,0.0,15,1733.666667,0.0,0.026666667,0.0,0.0,Mar,2,2,7,2,Returning_Visitor,False,15,1733.666667,1.0,115.5777778,1.0,False,False,0.0264620466452246
0,0.0,0,0.0,4,161.25,0.0,0.05,0.0,0.0,Nov,1,1,3,2,New_Visitor,True,4,161.25,1.0,40.3125,1.0,False,False,0.2456188109414018
0,0.0,0,0.0,22,849.8333333,0.0,0.021212121,0.0,0.0,Nov,2,2,1,3,Returning_Visitor,False,22,849.8333333,1.0,38.62878787727273,1.0,False,False,0.1110269090592565
1,65.0,0,0.0,13,531.0,0.033333333,0.05,0.0,0.0,May,2,6,3,3,Returning_Visitor,False,14,596.0,0.9285714285714286,42.57142857142857,0.8909395973154363,False,False,0.008494380041260626
0,0.0,0,0.0,12,146.1333333,0.05,0.066666667,0.0,0.0,Jul,2,2,1,1,Returning_Visitor,False,12,146.1333333,1.0,12.177777775,1.0,False,False,0.03590717784259057
8,433.1,2,309.0,36,1523.416667,0.011742424,0.016427739,7.9755,0.0,May,2,2,1,2,Returning_Visitor,False,46,2265.516667,0.782608695652174,49.25036232608695,0.672436751046864,False,False,0.35233553069486157
0,0.0,0,0.0,19,536.2666667,0.044736842,0.068170426,0.0,0.0,May,2,2,6,6,Returning_Visitor,False,19,536.2666667,1.0,28.22456140526316,1.0,False,False,0.014325876618116067
0,0.0,0,0.0,6,105.0,0.066666667,0.1,0.0,0.0,May,3,2,4,3,Returning_Visitor,False,6,105.0,1.0,17.5,1.0,False,False,0.006834304802449438
7,230.1666667,3,222.0,140,8961.407671,0.00137931,0.012980564,0.0,0.0,Mar,2,5,2,1,Returning_Visitor,True,150,9413.574337700002,0.9333333333333332,62.75716225133335,0.9519665272213192,False,False,0.01478064522713904
0,0.0,0,0.0,13,152.25,0.030769231,0.025641026,0.0,0.0,May,1,2,5,2,Returning_Visitor,False,13,152.25,1.0,11.711538461538462,1.0,False,False,0.01690620253197546
4,97.5,0,0.0,5,454.5,0.0,0.00625,0.0,0.0,Dec,2,2,7,2,New_Visitor,False,9,552.0,0.5555555555555556,61.333333333333336,0.8233695652173914,False,False,0.10671595868106529
0,0.0,0,0.0,14,124.75,0.0,0.028571429,0.0,0.0,Dec,4,6,4,2,Returning_Visitor,False,14,124.75,1.0,8.910714285714286,1.0,False,False,0.02016322122006654
0,0.0,0,0.0,4,123.0,0.0,0.066666667,0.0,0.0,May,3,2,4,3,Returning_Visitor,False,4,123.0,1.0,30.75,1.0,False,False,0.00875889048639197
6,89.46666667,1,32.0,81,1141.061905,0.001605136,0.004809853,27.89977528,0.0,May,4,2,6,3,Returning_Visitor,True,88,1262.52857167,0.9204545454545454,14.34691558715909,0.9037909561845948,False,True,0.5920484266637512
0,0.0,0,0.0,8,710.0,0.0,0.025,45.4895,0.8,May,1,1,6,4,Returning_Visitor,False,8,710.0,1.0,88.75,1.0,True,True,0.9415842458794094
3,96.0,0,0.0,12,175.175,0.02,0.031111111,0.0,0.0,Dec,3,2,8,2,New_Visitor,False,15,271.175,0.8,18.078333333333333,0.6459850649949295,False,False,0.05792837140309959
0,0.0,0,0.0,5,62.75,0.0,0.04,0.0,0.0,Dec,2,2,6,2,Returning_Visitor,True,5,62.75,1.0,12.55,1.0,False,False,0.04283479512854066
1,18.2,0,0.0,0,0.0,0.0,0.066666667,0.0,0.0,Oct,2,4,1,5,New_Visitor,False,1,18.2,0.0,18.2,0.0,False,False,0.19739297333207584
0,0.0,0,0.0,2,41.5,0.0,0.1,0.0,0.0,Dec,2,2,5,1,Returning_Visitor,False,2,41.5,1.0,20.75,1.0,False,False,0.014353164080795087
3,42.0,0,0.0,10,706.0,0.0,0.011111111,0.0,0.0,May,2,2,8,1,Returning_Visitor,True,13,748.0,0.7692307692307693,57.53846153846154,0.9438502673796793,False,False,0.02577289531166522
4,171.5,0,0.0,75,2416.060484,0.007699443,0.036664764,0.0,0.0,Nov,2,2,2,1,Returning_Visitor,False,79,2587.560484,0.9493670886075948,32.75393017721519,0.9337213560570048,True,False,0.17905868714034065
6,75.0,0,0.0,33,1930.333333,0.012222222,0.039074074,0.0,0.0,May,2,2,4,11,Returning_Visitor,False,39,2005.333333,0.8461538461538461,51.41880341025641,0.9625997340363364,False,False,0.016958563483766603
0,0.0,0,0.0,32,1916.633333,0.015625,0.0265625,0.0,0.0,Mar,2,2,1,10,Returning_Visitor,False,32,1916.633333,1.0,59.89479165625,1.0,False,False,0.03639348993142582
0,0.0,0,0.0,3,242.0,0.066666667,0.133333333,0.0,0.0,May,3,2,4,3,Returning_Visitor,False,3,242.0,1.0,80.66666666666667,1.0,False,False,0.006994322459891779
0,0.0,2,131.0,36,868.4166667,0.0,0.001081081,33.84778378,0.0,May,3,2,7,2,New_Visitor,True,38,999.4166667,0.9473684210526316,26.30043859736842,0.8689235387352982,True,True,0.887384644432562
0,0.0,0,0.0,8,450.0,0.0,0.025,0.0,0.0,Mar,4,1,9,3,Returning_Visitor,True,8,450.0,1.0,56.25,1.0,False,False,0.019075238952125196
0,0.0,0,0.0,4,10.0,0.1,0.15,0.0,0.0,Nov,2,2,1,1,Returning_Visitor,False,4,10.0,1.0,2.5,1.0,False,False,0.06499252039324546
6,82.14,0,0.0,12,191.1,0.0,0.0125,0.0,0.0,Nov,2,4,9,4,Returning_Visitor,False,18,273.24,0.6666666666666666,15.18,0.699385155906895,False,False,0.11670684200844325
3,150.125,4,26.5,26,1332.695346,0.026523297,0.04656682,5.473874968,0.0,Dec,3,2,3,2,Returning_Visitor,False,33,1509.320346,0.7878787878787878,45.73698018181818,0.8829771290978145,False,False,0.3947802111297975
0,0.0,0,0.0,49,938.0416667,0.00375,0.010664683,0.0,0.0,Dec,1,1,7,2,Returning_Visitor,False,49,938.0416667,1.0,19.143707483673467,1.0,False,False,0.03442126513385651
0,0.0,0,0.0,69,2734.818254,0.0,0.004353234,49.39271642,0.0,May,4,5,3,2,Returning_Visitor,False,69,2734.818254,1.0,39.63504715942029,1.0,True,True,0.7349643856192348
2,67.5,0,0.0,11,294.0,0.0,0.009090909,0.0,0.0,Dec,1,1,3,8,Returning_Visitor,True,13,361.5,0.8461538461538461,27.807692307692307,0.8132780082987552,False,False,0.048512672581171784
4,120.5,0,0.0,66,3960.646154,0.002941176,0.013663064,0.0,0.0,Mar,2,4,1,1,Returning_Visitor,False,70,4081.146154,0.9428571428571428,58.302087914285714,0.9704739807267388,False,False,0.03484142634705802
0,0.0,3,34.0,18,271.1666667,0.0,0.00952381,0.0,0.0,Nov,2,4,9,2,New_Visitor,False,21,305.1666667,0.8571428571428571,14.531746033333334,0.8885854724316127,False,False,0.2620145801241605
2,9.166666667,2,24.0,80,5426.022078,0.01287478,0.033915963,0.0,0.0,May,2,2,6,13,Returning_Visitor,False,84,5459.188744667,0.9523809523809524,64.99034219841667,0.9939246162354436,False,False,0.015843929040412506
3,208.0,0,0.0,16,1037.819444,0.020833333,0.028125,0.0,0.0,Nov,1,1,1,8,Returning_Visitor,True,19,1245.819444,0.8421052631578947,65.56944442105264,0.8330416169038376,False,False,0.14021732419956523
9,128.5714286,1,10.66666667,75,2755.336111,0.0028125,0.012821256,8.569134167,0.0,May,4,2,6,13,Returning_Visitor,True,85,2894.57420627,0.8823529411764706,34.05381419141177,0.9518968644962036,False,False,0.15638604842811937
1,22.2,0,0.0,43,1257.9,0.00952381,0.020634921,0.0,0.0,Sep,2,4,1,3,Returning_Visitor,False,44,1280.1,0.9772727272727272,29.093181818181822,0.9826576048746192,False,False,0.05964884472761234
7,177.25,0,0.0,13,297.8333333,0.0,0.021428571,0.0,0.0,Nov,1,2,3,2,New_Visitor,True,20,475.0833333,0.65,23.754166665,0.6269075600510021,False,False,0.23387426533893235
0,0.0,0,0.0,6,95.0,0.028571429,0.028571429,86.33623272,0.0,Oct,1,1,4,2,New_Visitor,False,6,95.0,1.0,15.833333333333334,1.0,True,True,0.9050600872464625
12,381.5,1,22.2,154,7835.874629,0.012549679,0.022587818,0.0,0.0,Aug,3,2,1,2,Returning_Visitor,True,167,8239.574629,0.9221556886227544,49.33877023353294,0.9510047522867092,False,False,0.04055324545418352
4,65.5,0,0.0,23,783.75,0.007692308,0.030769231,0.0,0.0,Nov,2,5,3,1,Returning_Visitor,True,27,849.25,0.8518518518518519,31.453703703703702,0.9228731233441272,True,False,0.14464360686741132
0,0.0,0,0.0,10,379.0833333,0.0,0.0125,0.0,0.0,Dec,3,12,1,1,Returning_Visitor,True,10,379.0833333,1.0,37.90833333,1.0,False,False,0.026684095797787948
2,33.5,0,0.0,8,556.0,0.0,0.015151515,0.0,0.0,Dec,2,2,1,2,New_Visitor,True,10,589.5,0.8,58.95,0.9431721798134012,False,False,0.09488560172775772
6,66.16666667,2,120.0,204,9143.435714,0.004807692,0.015384615,0.0,0.4,May,2,2,7,4,Returning_Visitor,False,212,9329.60238067,0.9622641509433962,44.00755839938679,0.9800455947559223,False,False,0.016384971531521506
0,0.0,0,0.0,3,23.0,0.044444444,0.111111111,0.0,0.8,May,2,2,6,1,Returning_Visitor,False,3,23.0,1.0,7.666666666666667,1.0,False,False,0.009548376616548882
2,47.5,0,0.0,5,116.5,0.0,0.005714286,0.0,0.0,Mar,3,2,5,2,Returning_Visitor,True,7,164.0,0.7142857142857143,23.428571428571427,0.7103658536585366,False,False,0.0548064895575671
8,274.5,0,0.0,24,515.5757576,0.0,0.003703704,0.0,0.0,Mar,3,2,2,2,Returning_Visitor,True,32,790.0757576,0.75,24.689867425,0.6525649630943695,False,False,0.03432718826530749
0,0.0,0,0.0,4,36.0,0.05,0.1,0.0,0.0,Mar,2,2,6,1,Returning_Visitor,False,4,36.0,1.0,9.0,1.0,False,False,0.012596870313004443
3,40.55,0,0.0,10,151.0818182,0.008333333,0.038888889,0.0,0.0,Jul,2,2,1,5,New_Visitor,False,13,191.6318182,0.7692307692307693,14.740909092307692,0.7883963092304469,False,False,0.14868486961316932
0,0.0,0,0.0,12,312.6666667,0.0,0.033333333,0.0,0.0,May,1,1,1,4,Returning_Visitor,False,12,312.6666667,1.0,26.05555555833333,1.0,False,False,0.017135426026966463
0,0.0,0,0.0,1,48.5,0.0,0.1,0.0,0.0,Nov,1,1,1,3,Other,False,1,48.5,1.0,48.5,1.0,False,False,0.07425846179288771
8,308.5859649,0,0.0,67,1784.755219,0.000352113,0.001928521,0.384720286,0.0,Sep,3,2,1,2,Returning_Visitor,False,75,2093.3411839,0.8933333333333333,27.911215785333333,0.8525868753391223,False,False,0.4812915164955219
0,0.0,0,0.0,36,777.2175325,0.029166667,0.018068783,0.0,1.0,May,1,1,7,3,Returning_Visitor,True,36,777.2175325,1.0,21.58937590277777,1.0,False,False,0.01511833304930992
0,0.0,0,0.0,28,1283.75,0.014285714,0.023809524,0.0,0.0,Dec,2,2,1,2,Returning_Visitor,True,28,1283.75,1.0,45.848214285714285,1.0,False,False,0.051869259014953345
0,0.0,0,0.0,22,883.0,0.133333333,0.148917749,0.0,0.0,May,3,2,1,13,Returning_Visitor,False,22,883.0,1.0,40.13636363636363,1.0,False,False,0.007837173095655405
2,37.33333333,1,5.0,30,797.7619048,0.012121212,0.034343434,0.0,0.0,Nov,1,1,1,2,Returning_Visitor,False,33,840.09523813,0.9090909090909092,25.457431458484848,0.9496088878872456,False,False,0.2994436398149083
0,0.0,0,0.0,1,0.0,0.2,0.2,0.0,0.0,Mar,1,1,1,3,Returning_Visitor,True,1,0.0,1.0,0.0,0.0,False,False,0.01232442873758433
0,0.0,0,0.0,37,638.25,0.005555556,0.016666667,0.0,0.0,Nov,2,2,4,1,Returning_Visitor,False,37,638.25,1.0,17.25,1.0,True,False,0.11873891461405246
3,94.0,2,125.0,55,1970.844805,0.0,0.001724138,96.25511582,0.0,Mar,2,4,1,2,New_Visitor,True,60,2189.844805,0.9166666666666666,36.49741341666666,0.8999929129680951,True,True,0.8370093292624129
1,98.0,0,0.0,39,2555.994444,0.005263158,0.005668016,0.0,0.0,Dec,2,2,1,2,Returning_Visitor,False,40,2653.994444,0.975,66.3498611,0.9630745270693566,False,False,0.07304314910014051
0,0.0,0,0.0,14,1789.39881,0.0,0.029047619,0.0,0.0,Mar,1,1,2,2,Returning_Visitor,False,14,1789.39881,1.0,127.8142007142857,1.0,False,False,0.02612019133240529
0,0.0,0,0.0,13,979.0833333,0.0,0.006060606,0.0,0.0,Dec,3,2,6,2,New_Visitor,True,13,979.0833333,1.0,75.31410256153846,1.0,False,False,0.054344672989165045
2,76.6,0,0.0,38,3872.716667,0.0,0.002702703,0.0,0.0,Aug,2,2,3,2,New_Visitor,False,40,3949.316667,0.95,98.732916675,0.9806042395536272,False,False,0.05775400428021251
0,0.0,0,0.0,11,431.1666667,0.0,0.004545455,0.0,0.0,Nov,1,1,1,2,Returning_Visitor,False,11,431.1666667,1.0,39.1969697,1.0,False,False,0.24912552818939562
0,0.0,0,0.0,12,810.0,0.0,0.016666667,0.0,0.0,Mar,2,2,6,10,Returning_Visitor,False,12,810.0,1.0,67.5,1.0,False,False,0.032959768727590544
7,533.5913534,4,333.5,85,5496.630355,0.010192616,0.025284123,5.145928873,0.0,Nov,3,2,1,13,Returning_Visitor,False,96,6363.7217084,0.8854166666666666,66.28876779583334,0.8637446146874312,False,True,0.6048758450580756
3,242.0,0,0.0,12,286.0,0.0,0.014285714,0.0,0.0,Mar,1,1,1,2,New_Visitor,True,15,528.0,0.8,35.2,0.5416666666666666,False,False,0.04723837593870762
4,1660.3,0,0.0,2,45.7,0.0,0.016666667,113.9293434,0.0,Sep,2,10,1,2,Returning_Visitor,False,6,1706.0,0.3333333333333333,284.3333333333333,0.0267878077373974,True,True,0.8420047846028865
12,651.875,3,20.0,59,3066.695513,0.0,0.010460069,0.0,0.0,Nov,2,2,3,1,Returning_Visitor,False,74,3738.570513,0.7972972972972973,50.52122314864865,0.8202855883916826,False,False,0.14751438344873657
0,0.0,0,0.0,32,2180.933333,0.00625,0.032291667,0.0,0.0,Dec,4,2,3,1,Returning_Visitor,False,32,2180.933333,1.0,68.15416665625,1.0,False,False,0.025170412544732675
0,0.0,0,0.0,7,242.75,0.014285714,0.047619048,0.0,0.0,Nov,3,2,3,11,Returning_Visitor,True,7,242.75,1.0,34.67857142857143,1.0,False,False,0.10344840484022617
8,935.1,1,21.0,172,10524.35936,0.005046115,0.01576463,2.924161864,0.0,Nov,3,2,1,3,Returning_Visitor,False,181,11480.45936,0.9502762430939228,63.427952265193376,0.9167193602608598,True,True,0.7058309655309314
2,58.0,0,0.0,6,245.0,0.0,0.028571429,54.98,1.0,May,2,2,3,3,Returning_Visitor,True,8,303.0,0.75,37.875,0.8085808580858086,True,True,0.8743499778116189
4,61.0,0,0.0,14,175.6666667,0.0,0.010588235,0.0,0.0,Mar,2,2,5,2,Returning_Visitor,False,18,236.6666667,0.7777777777777778,13.14814815,0.7422535211630629,False,False,0.04054454037775123
0,0.0,0,0.0,1,0.0,0.2,0.2,0.0,0.0,Mar,2,4,6,2,Returning_Visitor,False,1,0.0,1.0,0.0,0.0,False,False,0.02553536036135979
0,0.0,0,0.0,9,339.5,0.0,0.013888889,0.0,0.0,Dec,1,2,3,2,New_Visitor,True,9,339.5,1.0,37.72222222222222,1.0,False,False,0.05304175107217958
0,0.0,0,0.0,8,426.6666667,0.0,0.0125,0.0,0.0,Feb,2,4,3,2,Returning_Visitor,False,8,426.6666667,1.0,53.3333333375,1.0,False,False,0.048334682171886294
0,0.0,2,12.0,0,0.0,0.0,0.1,0.0,0.0,Dec,2,2,1,2,Returning_Visitor,False,2,12.0,0.0,6.0,0.0,False,False,0.05598381607901484
0,0.0,0,0.0,4,44.0,0.0,0.05,0.0,0.0,May,2,2,2,1,Returning_Visitor,False,4,44.0,1.0,11.0,1.0,False,False,0.011656387915609672
0,0.0,3,27.0,45,1218.030952,0.023333333,0.047679739,0.0,0.0,Dec,2,2,7,1,Returning_Visitor,True,48,1245.030952,0.9375,25.938144833333336,0.9783137921538196,False,False,0.020343114976141875
4,43.46666667,0,0.0,4,27.26666667,0.0,0.028571429,0.0,0.0,Sep,1,1,1,5,New_Visitor,False,8,70.73333334,0.5,8.8416666675,0.3854853911512266,True,False,0.16232815518145344
16,313.8666667,3,153.5,156,3899.001328,0.000170068,0.011252929,1.534835979,0.0,May,2,2,2,4,Returning_Visitor,False,175,4366.3679947,0.8914285714285715,24.95067425542857,0.8929621444488186,False,False,0.1313723550025207
6,86.0,0,0.0,12,905.5,0.0,0.026666667,23.6393946,0.0,Dec,4,5,1,1,Returning_Visitor,False,18,991.5,0.6666666666666666,55.083333333333336,0.913262733232476,True,True,0.7130885452373952
0,0.0,0,0.0,47,1423.0,0.004347826,0.013768116,0.0,0.0,Sep,2,2,7,1,Returning_Visitor,False,47,1423.0,1.0,30.27659574468085,1.0,False,False,0.03813099990268385
8,85.5,0,0.0,41,1135.860714,0.0,0.025876068,11.87691429,1.0,May,2,2,1,2,Returning_Visitor,True,49,1221.360714,0.8367346938775511,24.92572885714285,0.9299961108786736,False,True,0.6477063456475993
0,0.0,0,0.0,58,2665.798039,0.007142857,0.027288961,0.0,0.8,May,2,2,3,4,Returning_Visitor,False,58,2665.798039,1.0,45.96203515517241,1.0,False,False,0.019673185084522305
7,107.75,1,1021.6,33,1454.75,0.004761905,0.00968254,40.18975207,0.0,Oct,3,2,1,4,Returning_Visitor,True,41,2584.1,0.8048780487804879,63.02682926829268,0.5629619596764831,False,True,0.6468388174335535
1,33.5,0,0.0,33,880.6333333,0.0,0.034117647,0.0,0.0,Dec,2,2,4,3,Returning_Visitor,False,34,914.1333333,0.9705882352941176,26.88627450882353,0.9633532672098656,False,False,0.02259278149682792
0,0.0,1,0.0,7,1646.2,0.025,0.075,0.0,0.0,June,2,2,1,2,Returning_Visitor,False,8,1646.2,0.875,205.775,1.0,False,False,0.05704936435726388
2,110.5,1,48.0,5,156.0,0.0,0.028571429,0.0,0.0,Dec,2,2,1,2,New_Visitor,False,8,314.5,0.625,39.3125,0.4960254372019078,False,False,0.13535715006345328
10,132.7222222,1,104.0,103,3608.346752,0.0,0.007905605,14.69960115,0.0,Nov,2,10,7,2,Returning_Visitor,False,114,3845.0689742,0.9035087719298246,33.7286752122807,0.938434856750716,False,True,0.7948448135812649
0,0.0,0,0.0,4,44.0,0.05,0.1,0.0,0.0,Mar,2,2,9,10,Returning_Visitor,False,4,44.0,1.0,11.0,1.0,False,False,0.018353916497682334
3,46.0,3,53.5,15,270.5714286,0.042105263,0.069736842,12.15210526,0.0,May,3,2,4,5,Returning_Visitor,True,21,370.0714286,0.7142857142857143,17.62244898095238,0.7311329859308139,False,False,0.4533389868886042
0,0.0,0,0.0,13,436.6,0.002564103,0.082692308,0.0,0.6,May,1,6,1,4,Returning_Visitor,False,13,436.6,1.0,33.58461538461539,1.0,False,False,0.012206537646229285
0,0.0,0,0.0,1,0.0,0.2,0.2,0.0,0.0,Dec,2,2,4,13,Returning_Visitor,False,1,0.0,1.0,0.0,0.0,False,False,0.011331323040617278
0,0.0,1,108.8,10,322.3666667,0.0,0.009090909,61.80843596,0.0,Nov,2,5,4,2,Returning_Visitor,False,11,431.1666667,0.9090909090909092,39.1969697,0.7476613838617966,True,True,0.891217898804923
0,0.0,0,0.0,9,250.5,0.0,0.044444444,0.0,0.0,Mar,3,2,7,1,Returning_Visitor,True,9,250.5,1.0,27.83333333333333,1.0,False,False,0.01384557481434767
0,0.0,0,0.0,2,92.0,0.0,0.1,0.0,0.0,Mar,2,2,8,1,Returning_Visitor,False,2,92.0,1.0,46.0,1.0,False,False,0.014567054092110883
6,180.0666667,0,0.0,3,111.8,0.0,0.007142857,0.0,0.0,Aug,2,2,9,5,New_Visitor,True,9,291.8666667,0.3333333333333333,32.429629633333334,0.3830516217013417,False,False,0.2443661554418228
0,0.0,0,0.0,6,234.5,0.1,0.133333333,0.0,0.0,Nov,1,1,7,10,Returning_Visitor,True,6,234.5,1.0,39.083333333333336,1.0,False,False,0.07817890197888973
3,106.75,0,0.0,5,137.3333333,0.0,0.005,0.0,0.0,Mar,3,2,1,2,New_Visitor,True,8,244.0833333,0.625,30.5104166625,0.5626493683253874,False,False,0.06676757811775384
0,0.0,0,0.0,6,192.0,0.0,0.04,0.0,0.0,Mar,2,10,4,3,Returning_Visitor,False,6,192.0,1.0,32.0,1.0,False,False,0.012776431580090515
8,121.1666667,0,0.0,70,961.5493506,0.005263158,0.013089192,26.27933158,0.4,May,2,2,2,3,Returning_Visitor,False,78,1082.7160173,0.8974358974358975,13.88097458076923,0.8880900764706919,True,True,0.5514244619710631
10,214.6214286,1,114.0,36,673.6380952,0.019379845,0.032443035,0.0,0.0,Nov,1,1,1,2,Returning_Visitor,False,47,1002.2595238,0.7659574468085106,21.324670719148934,0.6721194253619523,False,False,0.2042369145370321
0,0.0,0,0.0,3,105.25,0.0,0.044444444,0.0,0.0,May,3,2,8,4,Returning_Visitor,True,3,105.25,1.0,35.083333333333336,1.0,False,False,0.01461283430137108
0,0.0,0,0.0,3,8.0,0.0,0.1,0.0,0.0,May,2,2,1,3,Returning_Visitor,False,3,8.0,1.0,2.6666666666666665,1.0,False,False,0.010883279921902217
0,0.0,0,0.0,56,2749.15,0.000595238,0.023809524,0.0,0.0,Nov,2,2,1,8,Returning_Visitor,False,56,2749.15,1.0,49.09196428571429,1.0,True,False,0.29970743326567795
1,11.0,0,0.0,29,664.75,0.0,0.005057471,0.0,0.0,Mar,3,2,1,2,Returning_Visitor,False,30,675.75,0.9666666666666668,22.525,0.9837217906030336,False,False,0.03995715435752524
0,0.0,0,0.0,3,12.0,0.066666667,0.133333333,0.0,0.0,May,2,4,3,6,Returning_Visitor,False,3,12.0,1.0,4.0,1.0,False,False,0.01056151737963527
0,0.0,0,0.0,10,194.0,0.02,0.04,0.0,0.0,Mar,2,5,7,1,Returning_Visitor,False,10,194.0,1.0,19.4,1.0,False,False,0.01346409365320594
2,36.5,0,0.0,80,2762.770833,0.0,0.006410256,10.0986778,0.0,Nov,4,2,3,2,Returning_Visitor,False,82,2799.270833,0.975609756097561,34.13744918292683,0.9869608901112,True,True,0.8407431493649143
7,78.35714286,3,210.6666667,309,12158.19639,0.007586207,0.025532176,0.0,0.0,Nov,2,2,1,2,Returning_Visitor,True,319,12447.22019956,0.9686520376175548,39.019499058181815,0.9767800516961838,True,False,0.3952512192267894
0,0.0,0,0.0,2,78.0,0.0,0.05,0.0,0.0,Dec,3,2,9,2,Returning_Visitor,False,2,78.0,1.0,39.0,1.0,False,False,0.03207172587178144
0,0.0,0,0.0,11,292.7,0.036363636,0.090909091,0.0,0.0,June,1,1,4,3,Returning_Visitor,True,11,292.7,1.0,26.60909090909091,1.0,False,False,0.016336968569313687
0,0.0,0,0.0,16,332.1666667,0.0,0.007142857,0.0,0.0,Dec,2,2,3,2,New_Visitor,False,16,332.1666667,1.0,20.76041666875,1.0,False,False,0.054578866083577544
0,0.0,0,0.0,62,2787.678571,0.003225806,0.015591398,57.48364657,0.0,Nov,4,2,1,1,Returning_Visitor,True,62,2787.678571,1.0,44.96255759677419,1.0,False,True,0.9155790356686887
0,0.0,1,24.5,46,1031.133333,0.004680851,0.034267293,0.0,0.0,Nov,2,2,3,2,Returning_Visitor,True,47,1055.633333,0.9787234042553192,22.460283680851063,0.9767911838001804,False,False,0.292319531178459
2,41.5,2,60.5,21,534.5,0.004347826,0.02173913,0.0,0.0,Mar,2,2,2,13,Returning_Visitor,True,25,636.5,0.84,25.46,0.8397486252945797,False,False,0.026791457668497783
0,0.0,0,0.0,10,349.1111111,0.02,0.02,88.39170518,0.0,Oct,3,2,1,20,Returning_Visitor,True,10,349.1111111,1.0,34.91111111,1.0,True,True,0.883718977638037
0,0.0,0,0.0,5,132.0,0.0,0.04,0.0,0.0,Mar,1,1,1,1,Returning_Visitor,True,5,132.0,1.0,26.4,1.0,False,False,0.01807453908873348
4,296.2,0,0.0,33,920.4,0.0,0.013513514,0.0,0.0,Oct,1,1,1,5,Returning_Visitor,False,37,1216.6,0.8918918918918919,32.88108108108108,0.7565346046358705,False,False,0.04198688103815505
5,72.57333333,10,208.6,27,1091.323333,0.005,0.029166667,0.0,0.0,Sep,2,2,1,2,Returning_Visitor,False,42,1372.4966663300002,0.6428571428571429,32.67849205547619,0.7951373287617185,True,False,0.13439617452928238
0,0.0,0,0.0,2,35.0,0.0,0.05,0.0,0.0,Nov,2,2,1,10,New_Visitor,False,2,35.0,1.0,17.5,1.0,False,False,0.1628260105686974
0,0.0,0,0.0,0,0.0,0.2,0.2,0.0,0.0,Nov,1,1,8,8,Returning_Visitor,False,0,0.0,0.0,0.0,0.0,False,False,0.26297827723874134
3,199.0,0,0.0,34,1425.566667,0.0,0.008823529,0.0,0.0,Nov,2,2,9,2,New_Visitor,False,37,1624.566667,0.918918918918919,43.90720721621621,0.8775057964426399,True,False,0.2961930103680821
0,0.0,0,0.0,11,164.0,0.036363636,0.054545455,0.0,0.0,Jul,2,5,6,1,Returning_Visitor,False,11,164.0,1.0,14.909090909090908,1.0,False,False,0.0365221235639988
0,0.0,2,31.0,3,47.0,0.04,0.08,0.0,0.0,Mar,1,1,6,1,Returning_Visitor,True,5,78.0,0.6,15.6,0.6025641025641025,False,False,0.03222736079923504
5,39.7,0,0.0,14,253.6,0.0,0.018333333,0.0,0.0,Sep,2,2,4,4,Returning_Visitor,False,19,293.3,0.7368421052631579,15.43684210526316,0.8646437095124445,False,False,0.07349770342282314
7,92.5,0,0.0,48,1681.52381,0.0,0.016993464,53.988,0.0,May,2,2,2,2,Returning_Visitor,False,55,1774.02381,0.8727272727272727,32.25497836363636,0.947858647962566,False,True,0.6804803941666138
0,0.0,0,0.0,17,376.5166667,0.0,0.01512605,0.0,0.0,Nov,2,2,6,2,Returning_Visitor,False,17,376.5166667,1.0,22.148039217647057,1.0,False,False,0.24347281635900134
0,0.0,0,0.0,20,219.3333333,0.0,0.011666667,0.0,0.0,Mar,1,8,7,2,Returning_Visitor,False,20,219.3333333,1.0,10.966666665,1.0,False,False,0.026996338799010453
0,0.0,0,0.0,3,71.16666667,0.066666667,0.083333333,0.0,0.0,Nov,3,2,1,3,Returning_Visitor,False,3,71.16666667,1.0,23.722222223333333,1.0,True,False,0.06870580694003525
0,0.0,0,0.0,18,1257.946667,0.0,0.003921569,33.50211155,0.0,Oct,2,2,3,2,Returning_Visitor,True,18,1257.946667,1.0,69.88592594444444,1.0,True,True,0.9262830957328576
15,419.1795254,0,0.0,110,10278.90421,0.0128,0.02480939,14.4030575,0.0,Oct,2,2,3,3,Returning_Visitor,False,125,10698.0837354,0.88,85.58466988320001,0.9608173261896488,False,False,0.30430727960410664
0,0.0,0,0.0,17,935.25,0.0,0.009803922,0.0,0.0,Nov,2,2,1,2,New_Visitor,False,17,935.25,1.0,55.01470588235294,1.0,False,False,0.33497827833039306
4,242.8,0,0.0,7,238.6,0.018181818,0.063636364,0.0,0.0,Oct,2,2,1,2,Returning_Visitor,True,11,481.4,0.6363636363636364,43.76363636363636,0.4956377233070212,False,False,0.08403836371517016
5,178.92,1,6.0,33,1017.576667,0.013157895,0.011842105,0.0,0.0,Nov,3,2,1,3,Returning_Visitor,False,39,1202.496667,0.8461538461538461,30.833247871794875,0.8462199479842716,False,False,0.09122227999652344
8,822.6666667,3,225.3333333,45,1896.966667,0.011764706,0.02745098,7.521155028,0.0,Dec,1,1,3,1,Returning_Visitor,False,56,2944.966667,0.8035714285714286,52.58869048214285,0.6441385867814986,False,False,0.19891899234653954
10,208.5133333,0,0.0,17,369.1,0.0,0.004,0.0,0.0,Sep,3,2,1,6,New_Visitor,False,27,577.6133333,0.6296296296296297,21.39308641851852,0.6390087948477072,False,False,0.08206934568782637
0,0.0,0,0.0,16,316.0,0.025,0.0375,0.0,0.0,Nov,1,8,9,2,Returning_Visitor,False,16,316.0,1.0,19.75,1.0,False,False,0.16268612112216307
2,69.0,0,0.0,51,2103.628837,0.0,0.015384615,40.659727,0.0,Sep,2,2,4,13,Returning_Visitor,False,53,2172.628837,0.9622641509433962,40.99299692452831,0.9682412389889492,True,False,0.41047669728987035
1,49.4,0,0.0,4,111.6,0.04,0.04,0.0,0.0,Jul,1,8,9,4,New_Visitor,False,5,161.0,0.8,32.2,0.693167701863354,False,False,0.12104381980166064
0,0.0,0,0.0,1,0.0,0.2,0.2,0.0,0.0,May,3,6,2,2,Returning_Visitor,False,1,0.0,1.0,0.0,0.0,False,False,0.00901018978317344
8,228.5,0,0.0,5,64.5,0.0,0.028571429,0.0,0.0,May,1,2,3,5,New_Visitor,True,13,293.0,0.3846153846153846,22.53846153846154,0.220136518771331,False,False,0.07101354573421174
10,155.8458333,4,155.375,128,4391.876232,0.008759124,0.022411525,0.0,0.0,Nov,1,2,1,2,Returning_Visitor,False,142,4703.0970653,0.9014084507042254,33.120401868309855,0.93382640651918,False,False,0.42934846474119875
1,5.0,0,0.0,29,3441.439286,0.007142857,0.005654762,0.0,0.0,Dec,3,2,8,10,Returning_Visitor,False,30,3446.439286,0.9666666666666668,114.88130953333332,0.998549227308222,False,False,0.04612290962953466
0,0.0,0,0.0,9,311.7,0.0,0.055555556,0.0,0.0,June,2,2,4,13,Returning_Visitor,False,9,311.7,1.0,34.63333333333333,1.0,False,False,0.01679772532518216
0,0.0,0,0.0,2,16.0,0.0,0.1,0.0,0.8,May,2,2,1,2,Returning_Visitor,False,2,16.0,1.0,8.0,1.0,False,False,0.018273161536079028
7,216.4,0,0.0,37,825.205,0.0,0.004625745,0.0,0.0,Sep,2,2,1,1,Returning_Visitor,False,44,1041.605,0.8409090909090909,23.672840909090908,0.792243700827089,False,False,0.04168584909372992
1,30.0,3,16.5,99,3072.305403,0.001960784,0.020506536,7.300656863,0.0,May,2,2,1,1,Returning_Visitor,True,103,3118.805403,0.9611650485436892,30.279664106796115,0.9850904452213428,False,False,0.34042017601506014
0,0.0,0,0.0,15,225.0,0.0,0.026666667,0.0,0.0,May,2,2,7,3,Returning_Visitor,False,15,225.0,1.0,15.0,1.0,False,False,0.015096372655961173
12,1449.666667,4,559.0833333,127,4876.007712,0.005755396,0.029203072,5.751219035,0.0,Nov,2,2,1,2,Returning_Visitor,False,143,6884.757712299999,0.8881118881118881,48.14515882727272,0.7082322887396231,False,True,0.8214291275153712
2,36.5,0,0.0,11,295.9,0.0,0.014219114,0.0,0.0,May,3,2,9,4,Returning_Visitor,True,13,332.4,0.8461538461538461,25.569230769230767,0.8901925391095066,False,False,0.01991749088001416
2,15.0,0,0.0,1,8.0,0.0,0.066666667,0.0,0.0,Nov,2,4,1,2,Returning_Visitor,False,3,23.0,0.3333333333333333,7.666666666666667,0.3478260869565217,False,False,0.32907914476083555
2,13.875,0,0.0,26,1939.155952,0.006451613,0.026352357,24.69983785,0.0,Nov,3,2,1,2,Returning_Visitor,True,28,1953.030952,0.9285714285714286,69.75110542857144,0.9928956579076276,False,True,0.8700049461609317
1,51.4,0,0.0,7,562.3,0.0,0.0,36.65735004,0.0,Jul,1,1,6,2,New_Visitor,True,8,613.6999999999999,0.875,76.71249999999999,0.9162457226657976,True,True,0.9429457156769548
1,19.0,0,0.0,29,605.6722222,0.003448276,0.025517241,0.0,0.8,May,3,2,3,6,Returning_Visitor,False,30,624.6722222,0.9666666666666668,20.822407406666667,0.9695840485221436,False,False,0.013745096297721785
0,0.0,0,0.0,6,1566.5,0.05,0.066666667,0.0,0.2,Feb,1,1,1,3,Returning_Visitor,False,6,1566.5,1.0,261.0833333333333,1.0,False,False,0.019534449385438045
0,0.0,0,0.0,1,0.0,0.2,0.2,0.0,0.0,Mar,2,2,1,10,Returning_Visitor,False,1,0.0,1.0,0.0,0.0,False,False,0.022309088428763158
2,83.0,0,0.0,15,605.8857143,0.0,0.005882353,0.0,0.0,Mar,1,1,3,2,Returning_Visitor,True,17,688.8857143,0.8823529411764706,40.52268907647059,0.8795155738069861,False,False,0.034159062142361
0,0.0,0,0.0,9,388.0,0.066666667,0.088888889,0.0,0.0,Mar,3,2,2,1,Returning_Visitor,False,9,388.0,1.0,43.11111111111112,1.0,False,False,0.013806821823945676
0,0.0,0,0.0,6,467.0,0.0,0.016666667,0.0,0.4,Feb,1,1,3,3,Returning_Visitor,False,6,467.0,1.0,77.83333333333333,1.0,False,False,0.020579786847765128
2,17.0,0,0.0,15,1349.0,0.0,0.005882353,0.0,0.0,Mar,2,2,1,1,Returning_Visitor,False,17,1366.0,0.8823529411764706,80.3529411764706,0.9875549048316252,False,False,0.026575408225239773
2,120.0,0,0.0,8,588.1666667,0.0,0.007407407,0.0,0.0,Mar,1,1,1,2,Returning_Visitor,False,10,708.1666667,0.8,70.81666666999999,0.8305483643289928,False,False,0.04237674631257341
0,0.0,0,0.0,4,32.0,0.0,0.05,0.0,0.0,Dec,2,2,3,2,Returning_Visitor,False,4,32.0,1.0,8.0,1.0,False,False,0.033635375759987936
3,39.0,0,0.0,6,1180.5,0.0,0.022222222,0.0,0.0,May,2,2,1,3,Returning_Visitor,False,9,1219.5,0.6666666666666666,135.5,0.968019680196802,False,False,0.035034816386472
0,0.0,0,0.0,5,63.0,0.0,0.04,0.0,0.0,Feb,2,2,1,3,Returning_Visitor,False,5,63.0,1.0,12.6,1.0,False,False,0.0228261913248203
0,0.0,0,0.0,17,557.1666667,0.023529412,0.049509804,0.0,0.0,Mar,3,2,1,1,Returning_Visitor,False,17,557.1666667,1.0,32.77450980588235,1.0,False,False,0.014651098393701266
0,0.0,0,0.0,2,0.0,0.2,0.2,0.0,0.0,Nov,3,2,7,3,Returning_Visitor,False,2,0.0,1.0,0.0,0.0,False,False,0.04893427344314753
9,255.4166667,2,94.16666667,22,612.8194444,0.015018315,0.025760906,22.31126324,0.0,Nov,3,2,4,2,Returning_Visitor,True,33,962.40277777,0.6666666666666666,29.16372053848485,0.6367598458308428,True,True,0.6930397176041454
1,26.0,1,55.0,12,457.0,0.014285714,0.04047619,0.0,0.0,Mar,2,2,9,6,Returning_Visitor,True,14,538.0,0.8571428571428571,38.42857142857143,0.8494423791821561,False,False,0.02090215003572968
0,0.0,0,0.0,3,50.0,0.0,0.033333333,0.0,0.0,Mar,2,2,1,2,Returning_Visitor,False,3,50.0,1.0,16.666666666666668,1.0,False,False,0.03965942339055817
0,0.0,0,0.0,21,358.25,0.038095238,0.075238095,0.0,0.8,May,2,5,4,2,Returning_Visitor,False,21,358.25,1.0,17.05952380952381,1.0,False,False,0.013631792868877654
6,104.0,1,0.0,14,269.5,0.0,0.021568627,0.0,0.0,Mar,1,1,1,3,Returning_Visitor,False,21,373.5,0.6666666666666666,17.785714285714285,0.7215528781793842,False,False,0.03343377241219495
2,63.5,0,0.0,12,222.5,0.0,0.007142857,0.0,0.0,Dec,2,10,3,2,New_Visitor,True,14,286.0,0.8571428571428571,20.428571428571427,0.777972027972028,False,False,0.062435341345884354
1,29.0,1,13.5,24,1005.849206,0.0,0.007986111,0.0,0.0,Mar,1,1,3,3,Returning_Visitor,False,26,1048.349206,0.9230769230769232,40.321123307692304,0.959460073268754,False,False,0.019769648971079874
2,161.0,0,0.0,28,1286.75,0.0,0.007692308,0.0,0.0,May,1,2,6,4,Returning_Visitor,True,30,1447.75,0.9333333333333332,48.25833333333333,0.8887929545847004,False,False,0.020418181834969112
0,0.0,0,0.0,11,814.5,0.0,0.01,0.0,0.0,Mar,1,1,1,2,New_Visitor,False,11,814.5,1.0,74.04545454545455,1.0,False,False,0.038306785700646634
0,0.0,0,0.0,40,1445.840909,0.003827751,0.032192982,0.0,0.0,Nov,3,2,6,8,Returning_Visitor,True,40,1445.840909,1.0,36.146022725,1.0,False,False,0.21330670457799975
0,0.0,0,0.0,7,67.33333333,0.1,0.097142857,0.0,0.0,May,3,2,1,3,Returning_Visitor,False,7,67.33333333,1.0,9.619047618571429,1.0,False,False,0.010153766140037063
4,87.25,0,0.0,37,1336.208333,0.009756098,0.03902439,0.0,0.0,Nov,2,2,1,1,Returning_Visitor,False,41,1423.458333,0.902439024390244,34.71849592682927,0.9387056171738326,False,False,0.15218196560704134
1,7.5,0,0.0,19,216.1666667,0.038095238,0.058730159,0.0,0.6,May,2,5,1,3,Returning_Visitor,False,20,223.6666667,0.95,11.183333335,0.9664679582762344,False,False,0.01410337878503023
3,33.0,0,0.0,8,182.5833333,0.0,0.03125,0.0,0.0,Mar,2,4,6,3,Returning_Visitor,False,11,215.5833333,0.7272727272727273,19.598484845454543,0.8469269423806612,False,False,0.04697455735092498
5,89.625,2,11.5,31,1063.420238,0.011111111,0.019961874,0.0,0.0,Nov,3,2,1,13,Returning_Visitor,True,38,1164.545238,0.8157894736842105,30.64592731578947,0.9131635279590572,False,False,0.11671355091889295
0,0.0,0,0.0,7,169.9866667,0.0125,0.033333333,21.27271783,0.0,Jul,2,2,7,2,New_Visitor,False,7,169.9866667,1.0,24.283809528571428,1.0,True,True,0.8989088008368702
0,0.0,0,0.0,37,607.4666667,0.0,0.002777778,39.97777778,0.0,May,1,1,1,2,Returning_Visitor,True,37,607.4666667,1.0,16.418018018918918,1.0,True,True,0.9322780317534284
4,71.5,0,0.0,42,758.75,0.004444444,0.015555556,0.0,0.0,Mar,2,5,2,2,Returning_Visitor,False,46,830.25,0.9130434782608696,18.04891304347826,0.9138813610358326,False,False,0.03507848129379481
0,0.0,0,0.0,9,53.0,0.066666667,0.111111111,0.0,0.0,Dec,2,5,3,1,Returning_Visitor,True,9,53.0,1.0,5.888888888888889,1.0,False,False,0.016767099313706818
1,0.0,3,80.0,125,3835.564121,0.022076923,0.039945665,1.002042069,0.0,Jul,1,1,1,3,Returning_Visitor,False,129,3915.564121,0.9689922480620154,30.35321024031008,0.9795687166579796,True,True,0.5493370061046016
7,73.23333333,1,0.0,310,7710.731416,3.94e-05,0.00751105,0.098621403,0.0,Jul,4,1,1,4,Returning_Visitor,False,318,7783.96474933,0.9748427672955976,24.47787657022013,0.9905917696587327,True,True,0.6166431549432395
3,60.0,0,0.0,34,783.6363636,0.0,0.000505051,0.0,0.0,Dec,2,2,1,1,Returning_Visitor,True,37,843.6363636,0.918918918918919,22.8009828,0.928879310341762,False,False,0.03557024572530983
0,0.0,0,0.0,7,123.5,0.0,0.057142857,0.0,0.0,May,1,1,1,3,Returning_Visitor,False,7,123.5,1.0,17.642857142857142,1.0,False,False,0.012237235565016514
0,0.0,0,0.0,4,18.0,0.05,0.1,0.0,0.0,Nov,2,2,1,13,Returning_Visitor,False,4,18.0,1.0,4.5,1.0,False,False,0.06091786312028967
0,0.0,0,0.0,16,576.3,0.016666667,0.011458333,0.0,0.0,Nov,3,2,1,2,Returning_Visitor,False,16,576.3,1.0,36.01875,1.0,False,False,0.23860979860392165
2,21.75,0,0.0,6,84.25,0.033333333,0.044444444,0.0,0.0,Dec,3,2,4,20,Returning_Visitor,False,8,106.0,0.75,13.25,0.7948113207547169,False,False,0.03314249341996618
0,0.0,0,0.0,20,562.0071429,0.0,0.00125,0.0,0.0,Nov,1,1,1,3,Returning_Visitor,False,20,562.0071429,1.0,28.100357145,1.0,False,False,0.10247048314595157
4,128.5,0,0.0,14,273.25,0.0,0.0125,0.0,0.0,May,1,8,4,4,Returning_Visitor,True,18,401.75,0.7777777777777778,22.319444444444443,0.6801493466085874,False,False,0.021577496720820922
0,0.0,0,0.0,32,1589.625,0.0,0.012903226,15.63731434,0.0,Dec,2,2,6,1,Returning_Visitor,False,32,1589.625,1.0,49.67578125,1.0,False,True,0.8319118932159915
0,0.0,0,0.0,33,1132.791667,0.009090909,0.047474747,0.0,0.0,Dec,4,1,3,1,Returning_Visitor,False,33,1132.791667,1.0,34.32702021212121,1.0,False,False,0.021344648172112016
0,0.0,0,0.0,24,580.2,0.0,0.012121212,17.12545455,0.0,Mar,2,2,1,1,Returning_Visitor,False,24,580.2,1.0,24.175,1.0,True,True,0.8833838678999811
1,19.0,0,0.0,4,51.5,0.05,0.1,0.0,0.0,Nov,3,2,6,13,Returning_Visitor,False,5,70.5,0.8,14.1,0.7304964539007093,False,False,0.061648240944024206
0,0.0,0,0.0,21,574.5333333,0.0,0.011578947,0.0,0.0,Mar,2,2,3,1,Returning_Visitor,False,21,574.5333333,1.0,27.35873015714285,1.0,False,False,0.021375022530051472
0,0.0,0,0.0,5,187.5,0.0,0.04,0.0,0.0,Dec,2,5,8,2,Returning_Visitor,True,5,187.5,1.0,37.5,1.0,False,False,0.04022052526634567
9,208.2666667,0,0.0,19,543.775,0.0,0.002380952,0.0,0.0,May,3,2,3,11,New_Visitor,True,28,752.0416667,0.6785714285714286,26.858630953571428,0.7230649897180756,False,False,0.029781527655619842
3,138.0,2,136.0,54,2631.1,0.0,0.00969697,0.0,0.0,Mar,1,2,1,2,Returning_Visitor,False,59,2905.1,0.9152542372881356,49.23898305084746,0.9056831090151802,False,False,0.05054197204590585
0,0.0,0,0.0,39,1168.619841,0.0,0.009064449,0.0,0.0,Nov,1,1,4,3,Returning_Visitor,False,39,1168.619841,1.0,29.964611307692305,1.0,False,False,0.08001270596095485
7,251.75,0,0.0,5,50.0,0.0,0.05,0.0,0.0,Dec,1,1,3,2,Returning_Visitor,False,12,301.75,0.4166666666666667,25.14583333333333,0.1657000828500414,False,False,0.12326730473546747
0,0.0,0,0.0,9,171.0,0.022222222,0.066666667,0.0,0.0,Mar,2,10,4,3,Returning_Visitor,False,9,171.0,1.0,19.0,1.0,False,False,0.011837558349438861
0,0.0,0,0.0,3,112.0,0.0,0.033333333,0.0,0.0,Dec,1,1,2,2,Returning_Visitor,False,3,112.0,1.0,37.333333333333336,1.0,False,False,0.03872020729799925
1,299.0,0,0.0,4,212.5,0.0,0.04,0.0,0.0,May,2,2,2,1,Returning_Visitor,True,5,511.5,0.8,102.3,0.41544477028348,False,False,0.015798198390626676
20,1307.675,3,132.6666667,517,27009.85943,0.004385217,0.014593571,8.4031637,0.0,Nov,1,1,1,2,Returning_Visitor,False,540,28450.2010967,0.9574074074074074,52.68555758648148,0.9493732342416704,True,True,0.7043630583353229
11,194.575,0,0.0,81,2126.077501,0.011728395,0.02129074,0.0,0.0,Nov,3,2,1,2,Returning_Visitor,True,92,2320.652501,0.8804347826086957,25.22448370652173,0.9161550469464278,False,False,0.35985576573264205
4,55.575,0,0.0,4,42.575,0.0,0.011428571,0.0,0.0,Nov,1,1,1,8,New_Visitor,False,8,98.15,0.5,12.26875,0.4337748344370861,False,False,0.22080911632242606
0,0.0,0,0.0,37,854.55,0.005405405,0.023166023,0.0,0.0,Dec,2,2,6,3,Returning_Visitor,False,37,854.55,1.0,23.095945945945942,1.0,False,False,0.028384042918083992
3,35.4,0,0.0,38,937.8075758,0.01025641,0.039316239,0.0,0.0,Jul,3,2,1,1,Returning_Visitor,False,41,973.2075758,0.926829268292683,23.736770141463413,0.9636254372856682,False,False,0.05099495772950984
0,0.0,0,0.0,13,562.25,0.0,0.015384615,34.97250838,0.0,Nov,1,1,1,2,New_Visitor,False,13,562.25,1.0,43.25,1.0,True,True,0.955255999080213
0,0.0,0,0.0,44,1127.566667,0.006818182,0.021969697,0.0,0.0,Nov,4,2,1,3,Returning_Visitor,False,44,1127.566667,1.0,25.62651515909091,1.0,False,False,0.12577238560621945
12,430.1570175,14,622.4,85,3684.855282,0.000934579,0.009959744,34.45943549,0.0,Nov,3,2,1,2,Returning_Visitor,True,111,4737.4122995,0.7657657657657657,42.67939008558558,0.7778202632667016,False,True,0.802498991080828
3,49.125,0,0.0,19,344.3452381,0.010526316,0.015789474,0.0,0.0,Nov,3,2,1,13,Returning_Visitor,False,22,393.4702381,0.8636363636363636,17.885010822727274,0.8751493880776952,False,False,0.11673684989416601
0,0.0,0,0.0,38,1244.35,0.039473684,0.053909774,0.0,0.0,Dec,1,1,1,2,Returning_Visitor,False,38,1244.35,1.0,32.74605263157895,1.0,False,False,0.04272832999925247
1,4.0,0,0.0,9,495.0,0.022222222,0.044444444,0.0,0.2,May,3,2,2,19,Returning_Visitor,False,10,499.0,0.9,49.9,0.9919839679358716,False,False,0.01370502580102228
1,5.0,0,0.0,21,411.0833333,0.015789474,0.016140351,0.0,0.0,Nov,3,2,7,3,Returning_Visitor,False,22,416.0833333,0.9545454545454546,18.912878786363635,0.9879831764460631,False,False,0.09462234494150062
0,0.0,0,0.0,4,103.5,0.0,0.05,0.0,0.0,Nov,2,2,1,6,Returning_Visitor,False,4,103.5,1.0,25.875,1.0,False,False,0.10831109063783088
4,21.1,2,341.6,92,2668.712121,0.018556202,0.047858483,0.0,0.0,Aug,2,2,1,3,Returning_Visitor,True,98,3031.4121210000003,0.9387755102040816,30.93277674489796,0.8803527908701662,False,False,0.011903641635241383
4,31.6,0,0.0,9,1760.7,0.0,0.003333333,0.0,0.0,Nov,4,2,9,2,Returning_Visitor,False,13,1792.3,0.6923076923076923,137.86923076923077,0.9823690230430174,False,False,0.1824046372427291
0,0.0,0,0.0,2,53.0,0.0,0.1,0.0,0.0,May,4,2,4,13,Returning_Visitor,False,2,53.0,1.0,26.5,1.0,False,False,0.006812711000415743
0,0.0,0,0.0,7,159.2,0.085714286,0.128571429,0.0,0.0,Aug,3,3,3,1,Returning_Visitor,True,7,159.2,1.0,22.74285714285714,1.0,False,False,0.01536999684180837
0,0.0,0,0.0,4,121.5,0.0,0.05,0.0,0.0,Nov,1,1,4,8,Returning_Visitor,False,4,121.5,1.0,30.375,1.0,False,False,0.10218466285832478
1,26.5,0,0.0,13,470.5,0.0,0.016666667,41.422095,0.0,Nov,1,1,4,2,New_Visitor,False,14,497.0,0.9285714285714286,35.5,0.9466800804828974,True,True,0.9247492914295204
0,0.0,0,0.0,3,0.0,0.2,0.2,0.0,0.0,Jul,1,1,1,1,Returning_Visitor,True,3,0.0,1.0,0.0,0.0,False,False,0.026209370656769003
0,0.0,0,0.0,19,771.75,0.021052632,0.061403509,0.0,0.0,Nov,3,2,3,1,Returning_Visitor,False,19,771.75,1.0,40.61842105263158,1.0,False,False,0.08737709729393538
0,0.0,0,0.0,27,420.0,0.0,0.007692308,0.0,0.0,May,2,2,9,1,Returning_Visitor,True,27,420.0,1.0,15.555555555555555,1.0,False,False,0.016185088683579634
7,154.9333333,0,0.0,31,910.04,0.018181818,0.052020202,5.316109207,0.0,Jul,1,1,3,1,Returning_Visitor,False,38,1064.9733333,0.8157894736842105,28.025614034210523,0.8545190490170183,False,False,0.45981043679742106
0,0.0,0,0.0,12,168.0,0.041666667,0.063888889,0.0,0.0,Nov,2,2,1,1,Returning_Visitor,False,12,168.0,1.0,14.0,1.0,False,False,0.0856620027555765
0,0.0,0,0.0,21,335.4166667,0.0,0.018170426,0.0,0.0,Nov,1,1,1,10,Returning_Visitor,False,21,335.4166667,1.0,15.972222223809524,1.0,False,False,0.15154156283737874
1,5.0,2,31.7,6,104.25,0.0,0.007407407,0.0,0.0,June,2,5,7,11,New_Visitor,False,9,140.95,0.6666666666666666,15.66111111111111,0.7396239801347997,False,False,0.08654109536955214
3,54.0,0,0.0,50,1911.333333,0.004,0.013,109.5876,0.0,May,2,2,7,6,Returning_Visitor,True,53,1965.333333,0.9433962264150944,37.081761,0.9725237449071444,True,True,0.8114843353125526
0,0.0,0,0.0,2,135.0,0.0,0.1,0.0,0.0,Mar,1,1,1,2,Returning_Visitor,False,2,135.0,1.0,67.5,1.0,False,False,0.025704500348786945
3,100.5,0,0.0,95,1453.640882,0.002105263,0.012761333,0.0,0.0,Dec,2,2,3,2,New_Visitor,False,98,1554.140882,0.9693877551020408,15.858580428571427,0.9353340477919428,False,False,0.048135289936590935
7,73.9,0,0.0,58,3441.806667,0.0,0.010752688,0.0,0.0,Oct,2,2,1,2,Returning_Visitor,False,65,3515.706667,0.8923076923076924,54.08779487692308,0.9789800438433448,False,False,0.06429469307569749
0,0.0,0,0.0,19,224.9583333,0.0,0.010526316,0.0,0.0,Mar,1,1,1,2,Returning_Visitor,False,19,224.9583333,1.0,11.839912278947368,1.0,False,False,0.036377952708186
2,47.5,0,0.0,30,735.5833333,0.006896552,0.024137931,23.51024736,0.0,Dec,2,2,2,1,Returning_Visitor,False,32,783.0833333,0.9375,24.471354165625,0.9393423432984715,False,True,0.7744830770634024
0,0.0,1,104.0,9,244.6666667,0.05,0.096,0.0,1.0,May,3,2,3,4,Returning_Visitor,True,10,348.6666667,0.9,34.86666667,0.7017208413287074,False,False,0.01324916960284762
8,105.0,1,24.5,70,5778.966667,0.005921856,0.023453364,0.0,0.0,Nov,2,2,1,8,Returning_Visitor,True,79,5908.466667,0.8860759493670886,74.79071730379746,0.9780822999775416,False,False,0.36437155392974296
0,0.0,0,0.0,6,82.5,0.0,0.033333333,0.0,0.0,Dec,2,2,1,2,Returning_Visitor,False,6,82.5,1.0,13.75,1.0,False,False,0.05167618234147822
0,0.0,0,0.0,20,526.5,0.02,0.035,0.0,0.0,Nov,3,2,2,13,Returning_Visitor,False,20,526.5,1.0,26.325,1.0,False,False,0.0839268708069807
8,172.2,0,0.0,28,682.2,0.001212121,0.007272727,13.11145455,0.0,May,2,2,5,13,Returning_Visitor,False,36,854.4000000000001,0.7777777777777778,23.73333333333333,0.7984550561797753,False,False,0.4952031971223352
1,0.0,0,0.0,1,0.0,0.2,0.2,0.0,0.0,Dec,1,1,1,10,Returning_Visitor,False,2,0.0,0.5,0.0,0.0,False,False,0.06186735685287165
0,0.0,0,0.0,2,36.5,0.0,0.033333333,0.0,0.0,Mar,3,2,1,1,Returning_Visitor,False,2,36.5,1.0,18.25,1.0,False,False,0.01866755744216475
13,216.3333333,1,9.0,59,985.3151515,0.0,0.004545455,167.2308336,0.0,Nov,2,2,4,10,Returning_Visitor,True,73,1210.6484848,0.8082191780821918,16.584225819178084,0.8138738567560134,True,True,0.831602764953656
0,0.0,0,0.0,28,341.4583333,0.0,0.007407407,0.0,0.0,Dec,2,4,3,10,New_Visitor,False,28,341.4583333,1.0,12.194940475,1.0,False,False,0.05160646299548237
0,0.0,0,0.0,11,253.0,0.0,0.027272727,0.0,0.0,Mar,2,2,2,1,Returning_Visitor,False,11,253.0,1.0,23.0,1.0,False,False,0.019001487229061396
5,158.0,0,0.0,56,2220.871465,0.003389831,0.006327684,10.24598305,0.0,May,2,2,2,2,Returning_Visitor,False,61,2378.871465,0.918032786885246,38.99789286885246,0.9335819516419313,False,False,0.4826471666767232
0,0.0,1,24.0,9,717.0,0.02,0.03,0.0,0.0,May,3,2,5,13,Returning_Visitor,False,10,741.0,0.9,74.1,0.9676113360323888,False,False,0.010320903521552289
1,0.0,0,0.0,19,867.8333333,0.015,0.028333333,0.0,0.0,May,2,2,7,6,Returning_Visitor,False,20,867.8333333,0.95,43.391666665,1.0,False,False,0.013979413809211977
2,52.0,1,17.66666667,18,1262.0,0.0,0.00952381,0.0,0.0,Mar,2,2,1,2,New_Visitor,False,21,1331.66666667,0.8571428571428571,63.41269841285715,0.9476846057548244,False,False,0.055176036629513904
7,275.0844444,0,0.0,70,806.0266667,0.0,0.002666667,0.0,0.0,Oct,2,5,1,2,New_Visitor,False,77,1081.1111111,0.9090909090909092,14.04040404025974,0.7455539568730273,False,False,0.06953587784273575
6,190.9231928,0,0.0,7,603.2565261,0.021862348,0.034024526,0.0,0.0,Nov,1,1,3,2,Returning_Visitor,False,13,794.1797189,0.5384615384615384,61.09074760769231,0.7595969926499214,False,False,0.18732697106961088
0,0.0,0,0.0,10,130.75,0.04,0.076666667,0.0,0.0,Nov,3,2,1,3,Returning_Visitor,False,10,130.75,1.0,13.075,1.0,False,False,0.06613338707035013
0,0.0,3,75.5,60,2050.191803,0.008758782,0.028381703,0.0,0.0,Nov,3,2,1,3,Returning_Visitor,False,63,2125.691803,0.9523809523809524,33.741139730158736,0.9644821512255698,False,False,0.16477523292437898
5,157.5,3,433.5,9,599.5,0.0,0.020833333,0.0,0.0,Nov,1,1,1,2,New_Visitor,False,17,1190.5,0.5294117647058824,70.02941176470588,0.503569928601428,False,False,0.2451890412012772
0,0.0,0,0.0,5,1620.0,0.14,0.166666667,0.0,0.0,Mar,2,2,1,1,Returning_Visitor,False,5,1620.0,1.0,324.0,1.0,False,False,0.013183159537520755
8,820.8,1,29.5,59,1609.313889,0.010447761,0.030795428,12.44030746,0.0,May,2,4,4,2,Returning_Visitor,True,68,2459.613889,0.8676470588235294,36.17079248529412,0.6542953331810527,False,False,0.23326532817374074
4,302.0,0,0.0,29,675.375,0.0,0.001333333,0.0,0.0,Dec,2,2,1,6,Returning_Visitor,True,33,977.375,0.8787878787878788,29.61742424242424,0.6910090804450697,False,False,0.03702567107556241
1,24.91666667,1,7.666666667,98,3561.139286,0.008163265,0.018367347,78.19779587,0.0,Nov,2,2,1,13,Returning_Visitor,True,100,3593.722619337,0.98,35.93722619337,0.9909332642531516,True,True,0.7180703286533339
2,59.0,1,94.0,21,1449.0,0.0,0.022727273,53.66290909,0.0,May,1,1,6,3,Returning_Visitor,False,24,1602.0,0.875,66.75,0.904494382022472,True,True,0.8506444642114072
7,159.3333333,0,0.0,24,520.6666667,0.0,0.006666667,0.0,0.0,Mar,2,10,4,3,New_Visitor,True,31,680.0,0.7741935483870968,21.93548387096774,0.7656862745588234,False,False,0.020641797107369513
2,126.0,0,0.0,2,14.35,0.0,0.05,0.0,0.0,Aug,3,2,6,5,New_Visitor,True,4,140.35,0.5,35.0875,0.1022443890274314,False,False,0.15774455540754087
0,0.0,0,0.0,5,672.5,0.0,0.04,0.0,0.0,Mar,2,2,1,1,Returning_Visitor,False,5,672.5,1.0,134.5,1.0,False,False,0.017518558191237328
5,72.5,0,0.0,31,649.3071429,0.0,0.001041667,35.10378279,0.0,Mar,2,7,2,2,Returning_Visitor,True,36,721.8071429,0.8611111111111112,20.05019841388889,0.8995576578686695,True,True,0.861103092931245
3,183.0,0,0.0,190,6375.065753,0.00938918,0.020211611,0.0,0.0,Nov,2,2,1,2,Returning_Visitor,False,193,6558.065753,0.9844559585492229,33.979615300518134,0.9720954307424736,False,False,0.48877627645068755
1,23.0,0,0.0,35,1513.0,0.04,0.069333333,0.0,0.4,May,2,2,1,1,Returning_Visitor,False,36,1536.0,0.9722222222222222,42.66666666666666,0.9850260416666666,False,False,0.014429156728114474
0,0.0,0,0.0,6,600.0,0.0,0.033333333,0.0,0.0,May,1,1,4,3,Returning_Visitor,False,6,600.0,1.0,100.0,1.0,False,False,0.009881380648764192
1,4.0,0,0.0,13,161.1666667,0.024615385,0.061538462,0.0,0.6,May,2,5,9,5,Returning_Visitor,False,14,165.1666667,0.9285714285714286,11.79761905,0.9757820383499936,False,False,0.017299715233394033
0,0.0,0,0.0,12,262.9166667,0.008333333,0.055555556,0.0,0.0,Dec,1,6,1,2,Returning_Visitor,False,12,262.9166667,1.0,21.909722225,1.0,False,False,0.03618098935033771
0,0.0,0,0.0,16,336.3,0.0125,0.025,0.0,0.0,Jul,2,2,7,1,Returning_Visitor,False,16,336.3,1.0,21.01875,1.0,False,False,0.03364083963796861
0,0.0,1,22.0,40,1284.569048,0.00625,0.019791667,0.0,0.0,Nov,1,1,9,2,Returning_Visitor,True,41,1306.569048,0.975609756097561,31.86753775609756,0.98316200737062,True,False,0.25308273151843247
2,8.5,0,0.0,45,848.2051282,0.004347826,0.022463768,0.0,0.0,May,4,1,1,1,Returning_Visitor,True,47,856.7051282,0.9574468085106383,18.227768685106383,0.99007826646508,False,False,0.017640974855118164
0,0.0,0,0.0,35,2381.097222,0.005714286,0.021959184,0.0,0.0,Nov,2,2,1,2,Returning_Visitor,False,35,2381.097222,1.0,68.0313492,1.0,False,False,0.38000185711478984
1,21.0,0,0.0,11,385.0,0.0,0.02,0.0,0.6,May,2,2,3,2,Returning_Visitor,False,12,406.0,0.9166666666666666,33.833333333333336,0.9482758620689656,False,False,0.021542762930558384
5,494.1666667,0,0.0,8,204.0,0.0,0.030769231,0.0,0.0,Mar,2,4,4,1,Returning_Visitor,False,13,698.1666667,0.6153846153846154,53.705128207692304,0.2921938409982242,False,False,0.036555408199405136
4,86.0,0,0.0,46,2450.688095,0.027083333,0.047905093,0.0,0.0,Mar,1,1,3,3,Returning_Visitor,False,50,2536.688095,0.92,50.7337619,0.9660975268620876,False,False,0.01584242083136551
7,156.5,1,122.0,26,694.7121212,0.0,0.00297619,0.0,0.0,Mar,2,4,1,2,Returning_Visitor,False,34,973.2121212,0.7647058823529411,28.62388591764706,0.713834225927436,False,False,0.06107222357886672
4,190.5,3,575.0,30,2375.083333,0.0,0.011111111,34.79013586,0.0,Dec,2,2,3,2,New_Visitor,False,37,3140.583333,0.8108108108108109,84.88063062162162,0.756255472683552,True,True,0.8485804786893338
0,0.0,1,25.0,8,388.0,0.025,0.033333333,0.0,0.6,May,2,5,3,2,New_Visitor,False,9,413.0,0.8888888888888888,45.888888888888886,0.9394673123486684,False,False,0.02974197526320772
5,58.28571429,1,685.25,177,4041.734915,0.002247191,0.010759765,9.419346491,0.0,Nov,2,2,1,2,Returning_Visitor,False,183,4785.27062929,0.9672131147540984,26.1490198321858,0.8446199239518623,False,True,0.8856416391358374
0,0.0,0,0.0,19,621.7266667,0.010526316,0.024035088,0.0,0.0,Jul,1,1,1,2,Returning_Visitor,False,19,621.7266667,1.0,32.722456142105266,1.0,False,False,0.06813688994638269
0,0.0,0,0.0,1,0.0,0.2,0.2,0.0,0.0,Nov,2,2,4,11,Returning_Visitor,True,1,0.0,1.0,0.0,0.0,False,False,0.0628049302039694
0,0.0,0,0.0,13,98.66666667,0.015384615,0.046153846,0.0,0.0,Dec,2,2,3,13,Returning_Visitor,False,13,98.66666667,1.0,7.589743589999999,1.0,False,False,0.017259015923149542
0,0.0,0,0.0,13,253.3333333,0.030769231,0.073076923,0.0,0.8,May,2,2,5,3,Returning_Visitor,False,13,253.3333333,1.0,19.487179484615385,1.0,False,False,0.011083831763302472
0,0.0,0,0.0,29,453.9,0.101149425,0.128275862,0.0,0.0,Jul,1,1,1,3,Returning_Visitor,False,29,453.9,1.0,15.651724137931032,1.0,False,False,0.024180595205657067
15,584.2,0,0.0,73,2693.963452,0.0,0.001298701,0.0,0.0,Nov,3,2,4,13,Returning_Visitor,False,88,3278.163452,0.8295454545454546,37.25185740909091,0.8217904602518886,False,False,0.062291215621973796
3,57.5,0,0.0,37,1269.645833,0.014197531,0.012037037,0.0,0.0,Nov,1,1,4,1,Returning_Visitor,True,40,1327.145833,0.925,33.178645825000004,0.9566739399919436,False,False,0.13358128152420773
8,103.5,0,0.0,64,1550.211111,0.0,0.016086957,7.868950242,0.0,May,2,2,2,14,Returning_Visitor,True,72,1653.711111,0.8888888888888888,22.968209875,0.9374134942242642,False,False,0.34176283603533886
0,0.0,0,0.0,3,6.0,0.066666667,0.133333333,0.0,0.6,May,2,2,1,1,Returning_Visitor,False,3,6.0,1.0,2.0,1.0,False,False,0.009441794812637868
0,0.0,0,0.0,2,0.0,0.2,0.2,0.0,0.0,Mar,2,2,1,1,Returning_Visitor,False,2,0.0,1.0,0.0,0.0,False,False,0.01232510575347679
11,771.9285714,2,214.1666667,39,1022.474026,0.000833333,0.012361111,52.05165,0.0,May,3,2,1,2,Returning_Visitor,False,52,2008.5692641,0.75,38.62633200192308,0.5090558957936411,True,False,0.4700856496560226
0,0.0,0,0.0,23,997.3142857,0.0,0.039130435,0.0,0.0,June,1,1,3,15,Returning_Visitor,True,23,997.3142857,1.0,43.3614906826087,1.0,False,False,0.032199327010667474
11,188.8333333,3,27.0,64,4829.625,0.004054054,0.017194337,48.60623685,0.0,Nov,1,1,1,3,Returning_Visitor,False,78,5045.4583333,0.8205128205128205,64.6853632474359,0.9572222543439708,True,True,0.7328817705274717
0,0.0,0,0.0,14,340.0,0.0,0.015384615,23.388,0.0,May,2,2,3,1,Returning_Visitor,True,14,340.0,1.0,24.285714285714285,1.0,True,True,0.9086183355003885
0,0.0,0,0.0,6,185.5,0.016666667,0.05,0.0,0.0,Dec,2,2,3,8,New_Visitor,False,6,185.5,1.0,30.916666666666668,1.0,False,False,0.04252807024372136
5,123.0,1,12.25,26,934.15,0.014814815,0.034567901,0.0,0.0,Dec,1,1,3,3,Returning_Visitor,False,32,1069.4,0.8125,33.41875,0.8735272115204786,False,False,0.02589044145622919
7,167.0083333,0,0.0,40,978.0916667,0.001136364,0.016060606,0.0,0.0,Dec,3,2,2,2,Returning_Visitor,False,47,1145.1,0.851063829787234,24.36382978723404,0.854153931272378,False,False,0.03756337205886869
0,0.0,0,0.0,8,856.4166667,0.0,0.028571429,44.56114286,0.6,May,2,4,9,5,Returning_Visitor,False,8,856.4166667,1.0,107.0520833375,1.0,True,True,0.9459273906348312
5,59.0,0,0.0,152,7114.798341,0.002597403,0.010709751,0.0,0.0,Nov,2,2,1,1,Returning_Visitor,False,157,7173.798341,0.9681528662420382,45.69298306369426,0.9917756260776386,False,False,0.23150810369823627
0,0.0,0,0.0,2,19.0,0.0,0.1,0.0,0.0,Nov,1,1,1,2,New_Visitor,True,2,19.0,1.0,9.5,1.0,False,False,0.22643293132685197
4,211.8,0,0.0,15,512.9,0.0,0.00625,0.0,0.0,Nov,1,1,3,2,New_Visitor,False,19,724.7,0.7894736842105263,38.142105263157895,0.7077411342624533,False,False,0.2881566154893802
0,0.0,0,0.0,15,865.0,0.026666667,0.04,57.584,0.0,May,2,2,1,4,Returning_Visitor,False,15,865.0,1.0,57.66666666666666,1.0,False,True,0.8772779625793267
0,0.0,0,0.0,8,118.0,0.0,0.0125,0.0,0.2,May,2,2,2,2,Returning_Visitor,False,8,118.0,1.0,14.75,1.0,False,False,0.019799742334047698
1,18.2,0,0.0,17,225.68,0.0,0.003703704,0.0,0.0,Nov,2,10,1,2,Returning_Visitor,False,18,243.88,0.9444444444444444,13.54888888888889,0.9253731343283582,False,False,0.27598997488395627
0,0.0,0,0.0,16,450.8333333,0.04375,0.06875,0.0,0.0,May,2,2,2,1,Returning_Visitor,False,16,450.8333333,1.0,28.17708333125,1.0,False,False,0.012557798554619562
0,0.0,0,0.0,15,290.1,0.0,0.026666667,0.0,0.0,Dec,2,5,6,3,Returning_Visitor,False,15,290.1,1.0,19.34,1.0,False,False,0.025431029913957407
0,0.0,0,0.0,8,105.0,0.0,0.0125,0.0,0.0,May,4,1,1,3,Returning_Visitor,False,8,105.0,1.0,13.125,1.0,False,False,0.013809323440095911
0,0.0,1,55.0,38,1377.409524,0.000877193,0.018859649,0.0,0.0,May,2,2,2,4,Returning_Visitor,False,39,1432.409524,0.9743589743589745,36.72844933333333,0.9616031595165516,False,False,0.020282711463062084
3,43.0,4,81.0,132,5091.890896,0.006521739,0.029863649,0.0,0.0,Nov,2,2,4,2,Returning_Visitor,True,139,5215.890896,0.9496402877697842,37.5243949352518,0.9762264965904304,True,False,0.26000412888563845
1,55.5,0,0.0,53,4048.583333,0.007843137,0.015490196,0.0,0.0,Dec,4,1,1,1,Returning_Visitor,False,54,4104.0833330000005,0.9814814814814816,76.00154320370372,0.9864768827782472,False,False,0.03613398958201021
0,0.0,0,0.0,7,442.1666667,0.0,0.057142857,0.0,0.0,May,4,2,3,3,Returning_Visitor,False,7,442.1666667,1.0,63.16666667142857,1.0,False,False,0.011369052041840622
6,240.9,2,201.4,237,9437.769068,0.010204082,0.030380952,1.453831135,0.0,June,2,4,3,1,Returning_Visitor,False,245,9880.069068,0.9673469387755104,40.326812522448975,0.9552331064736642,True,False,0.23724316029698542
4,78.5,1,32.75,50,1897.833333,0.0127,0.011746032,0.0,0.0,Dec,1,1,9,3,Returning_Visitor,True,55,2009.083333,0.9090909090909092,36.52878787272727,0.9446264880243272,False,False,0.02784981463368506
4,207.5,0,0.0,2,56.5,0.0,0.02,0.0,0.0,Dec,3,2,2,2,New_Visitor,True,6,264.0,0.3333333333333333,44.0,0.2140151515151515,False,False,0.25766307136744987
13,662.3392857,0,0.0,81,4284.422619,0.002298851,0.022822804,2.647620068,0.0,Dec,1,1,6,2,Returning_Visitor,True,94,4946.7619047,0.8617021276595744,52.62512664574468,0.8661064958330215,True,False,0.34762237960569187
9,124.4266667,0,0.0,19,720.6766667,0.0,0.018933333,0.0,0.0,Oct,2,2,7,4,Returning_Visitor,False,28,845.1033334000001,0.6785714285714286,30.182261907142863,0.8527675116374117,False,False,0.05737894061856511
5,168.0,0,0.0,31,1239.083333,0.006666667,0.02,0.0,0.0,May,3,2,6,13,Returning_Visitor,False,36,1407.083333,0.8611111111111112,39.08564813888889,0.8806040864389941,False,False,0.01154460298044897
0,0.0,0,0.0,5,112.0,0.0,0.02,0.0,0.0,May,2,2,4,1,Returning_Visitor,True,5,112.0,1.0,22.4,1.0,False,False,0.014503128485358093
1,30.5,0,0.0,16,374.5,0.029411765,0.03627451,0.0,0.0,Nov,3,2,3,1,Returning_Visitor,True,17,405.0,0.9411764705882352,23.823529411764707,0.9246913580246914,False,False,0.1046950835194886
9,283.25,0,0.0,38,1166.166667,0.0,0.004761905,18.60589711,0.0,Nov,1,1,9,20,New_Visitor,False,47,1449.416667,0.8085106382978723,30.838652489361703,0.8045765538309488,True,True,0.7975603578120829
3,75.5,1,0.0,130,4737.087716,0.006060606,0.011475964,43.77424082,0.0,Nov,2,2,1,2,Returning_Visitor,False,134,4812.587716,0.9701492537313432,35.91483370149254,0.9843119742526476,True,True,0.923358759516816
3,19.33333333,0,0.0,28,710.9083333,0.006451613,0.012903226,0.0,0.0,May,2,2,8,3,New_Visitor,False,31,730.2416666299999,0.9032258064516128,23.55618279451613,0.9735247463771528,False,False,0.023724781063592944
2,83.4,2,385.8,41,1194.988132,0.0,0.018043478,10.25950957,0.0,Oct,1,1,3,2,Returning_Visitor,False,45,1664.188132,0.9111111111111112,36.981958488888885,0.7180607222356997,False,True,0.6711548142791296
2,37.0,0,0.0,46,3043.916667,0.030434783,0.05,0.0,0.0,Nov,2,2,3,2,Returning_Visitor,False,48,3080.916667,0.9583333333333334,64.18576389583333,0.9879905872183072,False,False,0.27850369368307576
4,104.5,1,54.0,25,796.3,0.0,0.024074074,0.0,0.8,May,2,6,1,4,Returning_Visitor,False,30,954.8,0.8333333333333334,31.826666666666664,0.8339966485127775,False,False,0.016476131342329562
0,0.0,0,0.0,18,623.725,0.016666667,0.055396825,0.0,0.0,Dec,2,2,6,2,Returning_Visitor,False,18,623.725,1.0,34.65138888888889,1.0,False,False,0.038623171447490216
2,84.5,0,0.0,21,710.5416667,0.012121212,0.028787879,0.0,0.0,Nov,2,4,4,2,Returning_Visitor,False,23,795.0416667,0.9130434782608696,34.56702898695652,0.8937162622548622,False,False,0.20704292576915131
7,146.25,0,0.0,42,1030.266667,0.0,0.008695652,0.0,0.0,Mar,2,2,1,2,New_Visitor,False,49,1176.516667,0.8571428571428571,24.0105442244898,0.8756923687507777,False,False,0.03857266572080634
2,235.0,0,0.0,23,1193.0,0.0,0.008333333,45.6125,0.0,May,3,2,7,2,New_Visitor,False,25,1428.0,0.92,57.12,0.8354341736694678,True,True,0.9016160992906435
0,0.0,0,0.0,7,133.5,0.0,0.025,0.0,0.0,Nov,2,2,6,6,Other,False,7,133.5,1.0,19.071428571428573,1.0,False,False,0.13085211961136153
3,49.5,0,0.0,22,458.25,0.02,0.056666667,0.0,0.0,Nov,1,1,1,3,Returning_Visitor,False,25,507.75,0.88,20.31,0.9025110782865584,False,False,0.0836106130917974
6,91.5,0,0.0,9,115.5,0.018181818,0.018181818,0.0,0.0,May,3,2,9,3,Returning_Visitor,True,15,207.0,0.6,13.8,0.5579710144927537,False,False,0.03250917509042592
1,5.0,0,0.0,31,1263.9,0.0,0.009111111,0.0,0.0,Dec,2,2,7,2,Returning_Visitor,False,32,1268.9,0.96875,39.653125,0.9960595791630548,False,False,0.044887997376333755
3,29.0,0,0.0,8,160.5,0.0,0.025,0.0,0.0,May,2,2,9,3,Returning_Visitor,False,11,189.5,0.7272727272727273,17.227272727272727,0.8469656992084432,False,False,0.030423372175709826
3,52.75,0,0.0,31,3069.077778,0.006451613,0.020537634,5.793026792,0.0,Nov,1,1,3,2,Returning_Visitor,False,34,3121.827778,0.9117647058823528,91.81846405882352,0.9831028475139668,True,True,0.8414085301520073
0,0.0,0,0.0,18,410.9166667,0.105263158,0.119473684,0.0,1.0,May,3,2,4,13,Returning_Visitor,True,18,410.9166667,1.0,22.828703705555554,1.0,False,False,0.0065522073395944515
0,0.0,0,0.0,12,166.0,0.028571429,0.071428571,0.0,0.0,Mar,2,2,1,1,Returning_Visitor,True,12,166.0,1.0,13.833333333333334,1.0,False,False,0.016691491355169237
7,109.0416667,0,0.0,35,1136.083333,0.0,0.013157895,46.21605051,0.0,Nov,3,2,3,3,Returning_Visitor,False,42,1245.1249997,0.8333333333333334,29.64583332619048,0.9124251246049412,True,True,0.7946977001494503
0,0.0,3,114.8,22,583.0933333,0.0,0.015942029,2.749716646,0.0,Sep,1,1,3,1,Returning_Visitor,False,25,697.8933333,0.88,27.915733332,0.835504948217278,True,True,0.7051861326001135
2,196.6,0,0.0,0,0.0,0.0,0.033333333,0.0,0.0,Nov,3,2,9,5,New_Visitor,True,2,196.6,0.0,98.3,0.0,False,False,0.28208322466185276
0,0.0,0,0.0,48,1304.666667,0.016666667,0.051215278,0.0,0.6,May,3,2,1,13,Returning_Visitor,False,48,1304.666667,1.0,27.1805555625,1.0,False,False,0.009369535021121478
3,9.0,0,0.0,22,169.5,0.009090909,0.031818182,0.0,0.0,May,2,4,4,3,Returning_Visitor,False,25,178.5,0.88,7.14,0.9495798319327732,False,False,0.017682127675049977
0,0.0,0,0.0,11,419.75,0.0,0.006060606,0.0,0.0,Mar,2,2,6,1,Returning_Visitor,False,11,419.75,1.0,38.15909090909091,1.0,False,False,0.022146222723530312
1,585.5,0,0.0,80,3634.141512,0.004320988,0.007864356,26.41113767,0.0,Nov,3,2,2,2,Returning_Visitor,False,81,4219.641512,0.9876543209876544,52.09433965432099,0.8612441368929257,True,True,0.8254404359425983
0,0.0,0,0.0,10,570.5,0.0,0.02,0.0,0.6,May,2,4,1,3,Returning_Visitor,False,10,570.5,1.0,57.05,1.0,False,False,0.017329919221545465
0,0.0,0,0.0,11,304.0,0.0,0.018181818,0.0,0.0,May,2,2,3,4,Returning_Visitor,False,11,304.0,1.0,27.63636363636364,1.0,False,False,0.01695508120963063
0,0.0,0,0.0,16,283.75,0.0125,0.025,0.0,0.0,Nov,2,2,1,11,Returning_Visitor,False,16,283.75,1.0,17.734375,1.0,False,False,0.13135381862501422
1,21.2,0,0.0,21,836.1,0.0,0.004545455,0.0,0.0,Oct,2,4,9,4,New_Visitor,False,22,857.3000000000001,0.9545454545454546,38.96818181818182,0.9752712002799486,False,False,0.07060148514819223
3,119.5,0,0.0,24,347.9166667,0.0,0.008333333,0.0,0.0,Dec,1,1,3,1,Returning_Visitor,False,27,467.4166667,0.8888888888888888,17.311728396296296,0.7443394544664405,False,False,0.02749004069569212
10,1559.75,1,7.0,41,1663.761905,0.004347826,0.015942029,13.63463318,0.0,Mar,1,1,1,2,Returning_Visitor,False,52,3230.5119050000003,0.7884615384615384,62.1252289423077,0.515014943119363,True,False,0.49889858520403163
0,0.0,0,0.0,12,819.9166667,0.005555556,0.040833333,0.0,0.0,May,1,1,2,3,Returning_Visitor,True,12,819.9166667,1.0,68.32638889166667,1.0,False,False,0.01270779260438854
2,71.3,0,0.0,18,813.8,0.010526316,0.045438596,0.0,0.8,May,3,2,8,13,Returning_Visitor,False,20,885.0999999999999,0.9,44.255,0.9194441306067112,False,False,0.011065820701595255
1,26.2,0,0.0,92,2451.346667,0.007692308,0.021318681,0.0,0.0,Jul,4,1,3,1,Returning_Visitor,False,93,2477.546667,0.989247311827957,26.64028674193548,0.989425022604428,False,False,0.04046005052758809
0,0.0,1,14.0,34,3900.428571,0.035714286,0.078938839,0.0,0.6,May,1,1,1,4,Returning_Visitor,False,35,3914.428571,0.9714285714285714,111.84081631428572,0.99642348819347,False,False,0.019362869211940706
6,128.5,1,0.0,32,796.7066667,0.027027027,0.041441441,0.0,0.0,Nov,2,4,1,1,Returning_Visitor,True,39,925.2066667,0.8205128205128205,23.723247864102564,0.8611121118935189,False,False,0.0974613218905445
3,152.0,1,64.4,9,358.4,0.0,0.015384615,0.0,0.0,Oct,2,2,1,2,New_Visitor,True,13,574.8,0.6923076923076923,44.215384615384615,0.6235212247738344,False,False,0.1324232762755289
2,13.0,0,0.0,23,441.0,0.066666667,0.101449275,0.0,0.0,Nov,2,2,1,1,Returning_Visitor,False,25,454.0,0.92,18.16,0.9713656387665198,False,False,0.08420829667745396
0,0.0,0,0.0,18,5188.5,0.0,0.05,0.0,0.0,Mar,2,5,1,1,Returning_Visitor,False,18,5188.5,1.0,288.25,1.0,False,False,0.019341079036768297
0,0.0,0,0.0,3,0.0,0.2,0.2,0.0,0.0,Aug,1,1,3,4,Returning_Visitor,False,3,0.0,1.0,0.0,0.0,False,False,0.01827047815050305
0,0.0,0,0.0,1,0.0,0.2,0.2,0.0,0.0,Sep,1,8,1,1,Returning_Visitor,False,1,0.0,1.0,0.0,0.0,False,False,0.02374130354483699
0,0.0,0,0.0,17,582.4,0.066666667,0.071111111,0.0,0.2,May,3,2,4,13,Returning_Visitor,False,17,582.4,1.0,34.258823529411764,1.0,False,False,0.007281894758555378
0,0.0,0,0.0,10,455.0,0.0,0.022222222,25.7526389,0.0,Dec,1,1,2,2,New_Visitor,False,10,455.0,1.0,45.5,1.0,True,True,0.9379901607915576
1,68.6,1,29.2,97,4318.668082,0.002520046,0.013784185,0.0,0.0,Jul,2,4,2,2,Returning_Visitor,True,99,4416.468082,0.9797979797979798,44.61078870707071,0.977855608104902,False,False,0.07709892038467218
3,37.0,0,0.0,53,2409.068434,0.001960784,0.018076564,0.0,0.0,May,3,2,1,1,Returning_Visitor,False,56,2446.068434,0.9464285714285714,43.67979346428571,0.9848736856721974,False,False,0.01995072900201782
1,6.0,0,0.0,41,634.6666667,0.012698413,0.024285714,0.0,0.0,May,2,4,7,3,Returning_Visitor,False,42,640.6666667,0.9761904761904762,15.253968254761904,0.9906347554635466,False,False,0.017238959643739678
0,0.0,0,0.0,1,0.0,0.2,0.2,0.0,0.0,Nov,4,2,1,1,Returning_Visitor,True,1,0.0,1.0,0.0,0.0,False,False,0.057953817896793866
0,0.0,0,0.0,3,39.66666667,0.0,0.033333333,0.0,0.0,Mar,2,4,1,10,Returning_Visitor,False,3,39.66666667,1.0,13.222222223333333,1.0,False,False,0.0369096543596972
0,0.0,0,0.0,25,417.9666667,0.0,0.019230769,4.7095,1.0,May,2,2,9,2,Returning_Visitor,True,25,417.9666667,1.0,16.718666668,1.0,True,True,0.697025854708727
0,0.0,0,0.0,5,476.0,0.013333333,0.093333333,0.0,0.0,May,2,4,1,1,Returning_Visitor,False,5,476.0,1.0,95.2,1.0,False,False,0.011970377457751534
0,0.0,0,0.0,15,259.6666667,0.0,0.026666667,0.0,0.0,May,1,1,2,2,Returning_Visitor,True,15,259.6666667,1.0,17.311111113333332,1.0,False,False,0.020741471942064636
0,0.0,0,0.0,8,134.0,0.0,0.025,0.0,0.0,May,2,2,1,2,Returning_Visitor,False,8,134.0,1.0,16.75,1.0,False,False,0.02525814702815148
0,0.0,0,0.0,10,253.25,0.0,0.02,0.0,0.0,Dec,3,2,1,10,Returning_Visitor,False,10,253.25,1.0,25.325,1.0,False,False,0.03882841779354204
3,95.6,0,0.0,10,337.1,0.008333333,0.029166667,0.0,0.0,Jul,1,1,9,3,Returning_Visitor,False,13,432.7000000000001,0.7692307692307693,33.284615384615385,0.7790617055696787,False,False,0.0747473189982507
1,29.0,0,0.0,25,381.3571429,0.0,0.004166667,0.0,0.8,May,2,2,1,2,New_Visitor,False,26,410.3571429,0.9615384615384616,15.782967034615384,0.9293298520526374,False,False,0.037377401175292146
0,0.0,0,0.0,8,95.0,0.025,0.058333333,0.0,0.0,Dec,2,4,7,1,Returning_Visitor,False,8,95.0,1.0,11.875,1.0,False,False,0.019583567564522734
1,34.5,0,0.0,40,1473.658333,0.0,0.031153846,0.0,0.0,Nov,1,1,8,10,Returning_Visitor,True,41,1508.158333,0.975609756097561,36.78434958536585,0.9771244177450698,False,False,0.18023361386182474
4,120.7,0,0.0,5,74.4,0.0,0.022222222,0.0,0.0,Oct,2,2,4,5,New_Visitor,False,9,195.1,0.5555555555555556,21.67777777777778,0.3813429010763711,False,False,0.0900727677643576
0,0.0,0,0.0,1,8.0,0.0,0.0,0.0,0.0,Sep,2,2,2,1,Returning_Visitor,False,1,8.0,1.0,8.0,1.0,False,False,0.042319811202047496
11,104.9733333,2,41.2,27,572.8733333,0.0,0.011111111,23.5504394,0.0,Oct,2,4,1,1,Returning_Visitor,False,40,719.0466666,0.675,17.976166665,0.7967123135537529,False,True,0.5560190663786798
9,216.23,1,140.5,310,8468.339278,0.002821317,0.012414294,0.875047932,0.0,Sep,2,10,3,2,Returning_Visitor,True,320,8825.069277999999,0.96875,27.57834149375,0.95957765443391,False,False,0.2694389630625548
0,0.0,0,0.0,2,68.5,0.0,0.033333333,0.0,0.0,Mar,3,2,1,10,Returning_Visitor,False,2,68.5,1.0,34.25,1.0,False,False,0.0274735938543078
10,166.9318182,2,246.0,51,2697.487879,0.004310345,0.017471264,3.099,0.6,May,2,2,2,19,Returning_Visitor,False,63,3110.4196972,0.8095238095238095,49.371741225396825,0.8672424115074499,False,False,0.22865266133356865
1,24.0,0,0.0,54,801.5095238,0.00754717,0.013274933,0.0,0.2,May,1,1,1,3,Returning_Visitor,False,55,825.5095238,0.9818181818181818,15.009264069090907,0.9709270464990848,False,False,0.01715708944119795
0,0.0,0,0.0,19,220.3848485,0.010526316,0.024642375,0.0,0.0,May,2,4,1,4,Returning_Visitor,False,19,220.3848485,1.0,11.59920255263158,1.0,False,False,0.02298753299678576
0,0.0,0,0.0,1,0.0,0.2,0.2,0.0,0.8,May,2,2,1,11,Returning_Visitor,False,1,0.0,1.0,0.0,0.0,False,False,0.011075830674468523
0,0.0,0,0.0,24,754.3,0.0,0.0125,0.0,0.0,Nov,2,2,3,10,Returning_Visitor,False,24,754.3,1.0,31.429166666666664,1.0,False,False,0.16920368227031463
5,150.0,0,0.0,135,4966.520661,0.003649635,0.011277952,0.0,0.0,Nov,1,1,2,10,Returning_Visitor,True,140,5116.520661,0.9642857142857144,36.54657615,0.97068320252406,False,False,0.18757137207282043
1,23.0,2,272.5,30,974.2698413,0.006451613,0.007885305,11.47812903,0.0,May,2,2,4,1,Returning_Visitor,True,33,1269.7698413,0.9090909090909092,38.47787397878788,0.7672806595426264,True,True,0.7481218141314002
4,1946.0,0,0.0,31,731.0,0.0,0.005882353,0.0,0.0,Dec,2,2,4,2,New_Visitor,True,35,2677.0,0.8857142857142857,76.48571428571428,0.2730668658946582,False,False,0.04086518128442907
1,0.0,1,37.4,23,1146.5,0.015384615,0.023076923,72.52076923,0.0,May,2,4,1,4,Returning_Visitor,True,25,1183.9,0.92,47.356,0.9684094940451052,True,True,0.8651094516244624
5,154.2,0,0.0,12,269.5357143,0.004444444,0.006111111,0.0,0.0,Aug,3,2,1,4,Returning_Visitor,False,17,423.7357143,0.7058823529411765,24.925630252941176,0.636093926482609,False,False,0.06892479871249517
2,26.75,0,0.0,103,2546.856685,0.014920635,0.025223356,0.0,0.0,Nov,3,2,1,1,Returning_Visitor,False,105,2573.606685,0.9809523809523808,24.51053985714286,0.9896060263769482,False,False,0.18118203012286904
4,56.0,0,0.0,10,709.0,0.0,0.016666667,0.0,0.0,Mar,2,2,1,2,New_Visitor,False,14,765.0,0.7142857142857143,54.642857142857146,0.9267973856209152,False,False,0.09176780357123693
0,0.0,0,0.0,25,629.5,0.0,0.01447619,0.0,0.0,May,2,2,1,13,Returning_Visitor,False,25,629.5,1.0,25.18,1.0,False,False,0.013551410128188866
0,0.0,0,0.0,3,249.0,0.0,0.066666667,0.0,0.0,Mar,2,4,9,3,Returning_Visitor,False,3,249.0,1.0,83.0,1.0,False,False,0.0168835046826543
1,12.0,1,11.0,74,6194.852381,0.015540541,0.032152607,0.0,0.0,Nov,2,2,9,13,Returning_Visitor,False,76,6217.852381,0.9736842105263158,81.81384711842105,0.9963009736174694,False,False,0.12058942562648242
6,88.75,0,0.0,22,757.375,0.001481481,0.042222222,27.97632918,0.0,Nov,2,2,1,2,Returning_Visitor,False,28,846.125,0.7857142857142857,30.21875,0.8951100605702467,False,True,0.8487083256356942
0,0.0,0,0.0,15,477.0,0.0,0.02,0.0,0.0,Mar,2,2,2,1,Returning_Visitor,False,15,477.0,1.0,31.8,1.0,False,False,0.020810563640179237
0,0.0,0,0.0,24,778.1666667,0.0,0.0125,0.0,0.0,Mar,2,2,1,2,Returning_Visitor,False,24,778.1666667,1.0,32.4236111125,1.0,False,False,0.04244353693963601
0,0.0,0,0.0,22,355.6666667,0.047619048,0.051428571,25.194,0.8,May,2,2,3,4,Returning_Visitor,False,22,355.6666667,1.0,16.16666666818182,1.0,True,True,0.8376625083886261
3,430.8333333,1,262.0,49,2338.567766,0.023529412,0.028907563,9.609529412,0.6,May,3,2,4,4,Returning_Visitor,False,53,3031.4010993,0.9245283018867924,57.196247156603775,0.7714478188122362,True,False,0.23403880665759244
0,0.0,0,0.0,10,348.25,0.02,0.024,0.0,0.0,Nov,2,2,4,13,Returning_Visitor,False,10,348.25,1.0,34.825,1.0,False,False,0.07616939868855185
4,63.0,0,0.0,22,2232.5,0.0,0.008,0.0,0.0,May,2,2,9,2,New_Visitor,False,26,2295.5,0.8461538461538461,88.28846153846153,0.9725549989109128,False,False,0.03450569170468893
8,197.6666667,0,0.0,7,88.75,0.013333333,0.06,0.0,1.0,May,3,2,3,2,Returning_Visitor,True,15,286.4166667,0.4666666666666667,19.094444446666667,0.3098632528007142,False,False,0.03941908695083129
4,59.86,1,38.3,36,725.21,0.005,0.034166667,0.0,0.0,Oct,2,2,9,2,Returning_Visitor,True,41,823.37,0.8780487804878049,20.08219512195122,0.8807826372104887,False,False,0.049670878340049844
1,107.0,5,143.75,2,17.0,0.025,0.05,0.0,0.0,Dec,3,2,3,1,Returning_Visitor,False,8,267.75,0.25,33.46875,0.0634920634920634,False,False,0.07427692495079379
1,53.9,0,0.0,34,422.5230769,0.0,0.006015038,36.31643173,0.0,Sep,1,1,2,2,Returning_Visitor,False,35,476.4230769,0.9714285714285714,13.61208791142857,0.8868652619627125,True,True,0.8897103282182559
5,121.2666667,0,0.0,8,114.6,0.0,0.01,0.0,0.0,Nov,1,1,1,2,New_Visitor,True,13,235.8666667,0.6153846153846154,18.143589746153847,0.4858677218081023,False,False,0.2719281150207249
6,34.0,0,0.0,69,2456.297619,0.001408451,0.003553372,0.0,0.0,May,2,2,3,2,Returning_Visitor,False,75,2490.297619,0.92,33.20396825333333,0.9863470134089222,False,False,0.022781421826217008
0,0.0,0,0.0,12,396.5,0.0,0.037222222,0.0,0.0,Mar,2,4,3,2,Returning_Visitor,False,12,396.5,1.0,33.041666666666664,1.0,False,False,0.03561329875408884
6,99.60588235,0,0.0,83,2585.61835,0.0,0.00761877,6.871308983,0.0,Mar,2,2,2,2,Returning_Visitor,False,89,2685.2242323500004,0.9325842696629212,30.171058790449443,0.9629059349494888,True,True,0.5345284968774914
0,0.0,0,0.0,53,1618.203333,0.023846154,0.047628205,0.0,0.0,Oct,1,8,1,1,Returning_Visitor,True,53,1618.203333,1.0,30.532138358490563,1.0,False,False,0.02645516590596914
1,2.0,6,657.8333333,140,3252.200476,0.005479452,0.024292237,0.0,0.0,Jul,2,2,4,1,Returning_Visitor,False,147,3912.0338093,0.9523809523809524,26.61247489319728,0.8313324052232393,False,False,0.03835862033088001
3,49.5,0,0.0,68,2853.020833,0.008823529,0.012826797,0.0,0.0,Nov,1,1,1,3,Returning_Visitor,False,71,2902.520833,0.9577464788732394,40.880575112676055,0.982945858842006,False,False,0.2024575304988195
0,0.0,0,0.0,6,227.3333333,0.0,0.013333333,0.0,0.0,May,3,2,3,2,New_Visitor,True,6,227.3333333,1.0,37.88888888333333,1.0,False,False,0.023086637565338693
6,128.5,0,0.0,68,1080.15,0.0,0.001715686,0.0,0.8,May,2,2,2,2,New_Visitor,False,74,1208.65,0.918918918918919,16.33310810810811,0.8936830347908824,False,False,0.028806384303883655
15,169.0333333,0,0.0,223,2477.53655,0.0,0.003694084,0.17982681,0.0,Oct,2,2,7,3,Returning_Visitor,True,238,2646.5698833,0.9369747899159664,11.120041526470589,0.9361311657150604,False,False,0.24626001996175423
0,0.0,0,0.0,19,1040.2,0.0,0.011111111,115.98,0.0,May,2,2,6,2,New_Visitor,True,19,1040.2,1.0,54.74736842105264,1.0,True,True,0.9608922906800745
0,0.0,0,0.0,1,0.0,0.2,0.2,0.0,0.0,Dec,3,2,4,2,Returning_Visitor,False,1,0.0,1.0,0.0,0.0,False,False,0.01897665555910822
0,0.0,0,0.0,1,0.0,0.2,0.2,0.0,0.0,May,3,3,4,4,Returning_Visitor,False,1,0.0,1.0,0.0,0.0,False,False,0.007897514390936744
0,0.0,0,0.0,1,0.0,0.2,0.2,0.0,0.0,Feb,2,2,4,3,Returning_Visitor,False,1,0.0,1.0,0.0,0.0,False,False,0.012326694804315693
3,52.9,0,0.0,8,278.58,0.0,0.01,26.18180656,0.0,Jul,1,1,1,2,New_Visitor,False,11,331.48,0.7272727272727273,30.13454545454545,0.8404126945818753,False,True,0.9344970038482551
0,0.0,0,0.0,3,36.0,0.066666667,0.1,0.0,0.0,Nov,2,2,3,2,Returning_Visitor,False,3,36.0,1.0,12.0,1.0,False,False,0.14830992278302113
0,0.0,0,0.0,8,123.0,0.025,0.029166667,0.0,0.0,Nov,3,2,3,11,Returning_Visitor,True,8,123.0,1.0,15.375,1.0,False,False,0.11235978368388302
0,0.0,0,0.0,7,272.5,0.0,0.033333333,0.0,0.0,Mar,1,1,6,2,New_Visitor,True,7,272.5,1.0,38.92857142857143,1.0,False,False,0.03762490649694716
10,187.7166667,1,11.0,29,277.35,0.0,0.021904762,0.0,0.0,Sep,3,2,9,5,Returning_Visitor,False,40,476.0666667,0.725,11.9016666675,0.5825864724420539,False,False,0.08414859738782324
1,5.0,0,0.0,63,1405.327056,0.003174603,0.006349206,8.44235219,0.0,Nov,2,2,1,1,Returning_Visitor,False,64,1410.327056,0.984375,22.03636025,0.9964547230525512,True,True,0.8771399537979212
0,0.0,0,0.0,108,3279.238428,0.012037037,0.030709877,0.0,0.0,Nov,2,2,7,1,Returning_Visitor,False,108,3279.238428,1.0,30.363318777777778,1.0,False,False,0.16645434953733368
1,27.2,0,0.0,91,1596.412698,0.001098901,0.007912088,33.61787649,0.0,Sep,2,2,2,1,Returning_Visitor,False,92,1623.612698,0.9891304347826086,17.647964108695653,0.9832472362198784,False,True,0.6894123327620628
1,81.0,0,0.0,93,3359.625,0.0,0.015104167,0.0,0.0,Nov,2,2,3,1,Returning_Visitor,False,94,3440.625,0.9893617021276596,36.60239361702128,0.9764577656675748,True,False,0.21177618996340525
3,54.0,0,0.0,20,262.9,0.008333333,0.055555556,0.0,0.0,Dec,2,2,1,2,Returning_Visitor,False,23,316.9,0.8695652173913043,13.778260869565216,0.8295992426633008,False,False,0.05951475929746056
6,89.0625,2,888.0,275,9139.496696,0.00625,0.018539498,0.0,0.0,Nov,2,2,1,2,Returning_Visitor,False,283,10116.559196,0.9717314487632508,35.74755899646643,0.9034194847210184,False,False,0.4318995211112
1,12.5,0,0.0,3,55.5,0.0,0.08,0.0,0.0,Nov,1,1,1,8,Returning_Visitor,True,4,68.0,0.75,17.0,0.8161764705882353,False,False,0.14804435441828495
0,0.0,0,0.0,3,133.5,0.1,0.155555556,0.0,0.4,May,2,4,1,6,Returning_Visitor,False,3,133.5,1.0,44.5,1.0,False,False,0.012146882530351816
8,26.41666667,1,391.0,61,1037.807143,0.003174603,0.027115142,0.0,0.6,May,2,5,2,2,Returning_Visitor,False,70,1455.22380967,0.8714285714285714,20.788911566714287,0.7131598150770655,False,False,0.01896973744476467
0,0.0,0,0.0,41,963.0,0.0,0.015811966,0.0,0.0,May,2,2,6,1,Returning_Visitor,False,41,963.0,1.0,23.48780487804878,1.0,False,False,0.016081548102917027
9,250.2222222,5,343.875,82,5076.380556,0.0,0.010982424,28.41708136,0.0,Dec,3,2,1,13,Returning_Visitor,False,96,5670.4777782,0.8541666666666666,59.06747685625,0.8952297768480831,True,False,0.4610439261111141
0,0.0,0,0.0,3,25.5,0.066666667,0.133333333,0.0,0.0,Nov,1,1,3,2,Returning_Visitor,True,3,25.5,1.0,8.5,1.0,False,False,0.15496316439058858
7,204.3875,4,187.0,61,776.4138158,0.015104167,0.016153274,0.0,0.0,May,3,2,6,3,Returning_Visitor,False,72,1167.8013158,0.8472222222222222,16.219462719444444,0.6648509513522164,False,False,0.009198534348294169
3,119.0,1,86.0,25,413.7222222,0.0,0.013076923,15.40042308,0.0,May,1,1,7,4,Returning_Visitor,False,29,618.7222222,0.8620689655172413,21.33524904137931,0.6686719942414895,False,True,0.8249331116515152
12,569.825,0,0.0,127,6065.016218,0.006716418,0.009265038,0.152167439,0.0,Aug,1,1,2,4,Returning_Visitor,False,139,6634.841218,0.9136690647482014,47.73267063309352,0.9141162567004478,True,False,0.29029296058963683
6,85.2,0,0.0,11,203.0,0.0,0.0,0.0,0.0,Nov,2,2,5,2,Returning_Visitor,False,17,288.2,0.6470588235294118,16.95294117647059,0.7043719639139486,False,False,0.18592088305185278
3,269.1666667,0,0.0,36,2281.208333,0.022916667,0.046203704,0.0,0.0,May,3,2,6,4,Returning_Visitor,False,39,2550.3749997,0.9230769230769232,65.39423076153847,0.8944599650123366,False,False,0.014289065296262877
0,0.0,0,0.0,37,1254.75,0.002631579,0.010175439,34.15414773,0.0,Nov,2,2,2,7,Returning_Visitor,False,37,1254.75,1.0,33.91216216216216,1.0,True,True,0.9328284248384742
0,0.0,0,0.0,10,130.5,0.02,0.1,0.0,0.0,Dec,2,2,7,3,Returning_Visitor,False,10,130.5,1.0,13.05,1.0,False,False,0.015104117439422244
0,0.0,0,0.0,16,1062.666667,0.0,0.0125,54.56704868,0.0,Sep,4,1,1,4,New_Visitor,False,16,1062.666667,1.0,66.4166666875,1.0,True,True,0.9613540467850238
0,0.0,0,0.0,27,187.0,0.0,0.022222222,0.0,0.0,May,4,2,7,4,Returning_Visitor,False,27,187.0,1.0,6.925925925925926,1.0,False,False,0.01290741282692269
2,34.0,0,0.0,18,671.0,0.0,0.010526316,0.0,0.0,Mar,3,2,3,11,New_Visitor,True,20,705.0,0.9,35.25,0.95177304964539,False,False,0.02348646204466728
0,0.0,0,0.0,3,60.5,0.1,0.1,0.0,0.0,Nov,3,2,6,6,Returning_Visitor,False,3,60.5,1.0,20.166666666666668,1.0,False,False,0.06704939720377182
1,8.0,0,0.0,11,701.0,0.0,0.016666667,0.0,0.0,Aug,2,2,1,2,Returning_Visitor,False,12,709.0,0.9166666666666666,59.083333333333336,0.988716502115656,False,False,0.06604368739613384
5,154.8333333,7,285.0,90,3262.350896,0.003125,0.010909616,0.0,0.0,May,3,2,5,6,Returning_Visitor,False,102,3702.1842293,0.8823529411764706,36.295923816666665,0.8811962598135851,False,False,0.007783787729637921
6,79.25,0,0.0,13,150.1666667,0.0,0.012631579,0.0,0.0,Dec,1,1,1,3,New_Visitor,False,19,229.4166667,0.6842105263157895,12.07456140526316,0.6545586633266169,False,False,0.06214751005498599
0,0.0,0,0.0,24,1762.25,0.008333333,0.016666667,0.0,0.0,Mar,2,2,2,1,Returning_Visitor,False,24,1762.25,1.0,73.42708333333333,1.0,False,False,0.020581798442304924
0,0.0,1,20.0,13,816.9545455,0.028571429,0.047619048,0.0,0.0,May,3,2,8,1,Returning_Visitor,False,14,836.9545455,0.9285714285714286,59.78246753571428,0.976103839679786,False,False,0.011906059049441801
0,0.0,1,110.0,20,402.3333333,0.028571429,0.052154195,0.0,0.6,May,2,2,3,13,Returning_Visitor,False,21,512.3333333,0.9523809523809524,24.396825395238096,0.785296031215699,False,False,0.0108853423202694
1,11.83333333,2,27.0,31,424.75,0.019047619,0.039292517,30.81857956,0.0,Nov,2,2,3,1,Returning_Visitor,False,34,463.58333333,0.9117647058823528,13.634803921470589,0.916232248793214,True,True,0.735861397571719
1,17.0,0,0.0,12,616.4,0.0,0.018181818,0.0,0.0,Mar,1,1,3,1,Returning_Visitor,True,13,633.4,0.9230769230769232,48.72307692307693,0.9731607199242184,False,False,0.024102653600370824
0,0.0,0,0.0,5,214.0,0.0,0.04,0.0,0.0,May,3,2,8,1,Returning_Visitor,False,5,214.0,1.0,42.8,1.0,False,False,0.01121932141052763
0,0.0,0,0.0,1,0.0,0.2,0.2,0.0,0.0,May,1,1,1,1,Returning_Visitor,False,1,0.0,1.0,0.0,0.0,False,False,0.00850370567747696
0,0.0,0,0.0,1,0.0,0.2,0.2,0.0,0.0,Mar,3,2,2,10,Returning_Visitor,False,1,0.0,1.0,0.0,0.0,False,False,0.01660986463795783
5,327.4,0,0.0,86,2806.846825,0.001532567,0.004061303,0.0,0.0,Oct,3,2,9,3,Returning_Visitor,True,91,3134.246825,0.945054945054945,34.442272802197806,0.895541092236729,False,False,0.025938131886117686
1,24.0,0,0.0,15,496.75,0.0,0.00625,115.48625,0.0,May,2,2,3,2,Returning_Visitor,False,16,520.75,0.9375,32.546875,0.9539126260201632,True,True,0.915595925731587
0,0.0,0,0.0,59,3033.689449,0.00756193,0.015479685,0.0,0.0,Nov,1,2,3,2,Returning_Visitor,False,59,3033.689449,1.0,51.41846523728813,1.0,False,False,0.3216606615199583
2,671.0,0,0.0,15,1106.0,0.0,0.04,0.0,0.0,Dec,2,2,4,1,Returning_Visitor,False,17,1777.0,0.8823529411764706,104.52941176470588,0.622397298818233,False,False,0.022345269858072753
1,39.2,2,120.8,7,80.5,0.0,0.01,0.0,0.0,Nov,3,2,4,2,New_Visitor,True,10,240.5,0.7,24.05,0.3347193347193347,False,False,0.1690498244283719
1,7.0,7,141.0,25,1644.0,0.002150538,0.018817204,0.0,0.0,Mar,2,4,1,10,Returning_Visitor,False,33,1792.0,0.7575757575757576,54.30303030303031,0.9174107142857144,False,False,0.07529106719459354
2,1223.0,4,416.0,21,2755.67094,0.004545455,0.027575758,0.0,0.0,Mar,3,2,1,2,Returning_Visitor,True,27,4394.67094,0.7777777777777778,162.76559037037038,0.6270482995479976,False,False,0.03854712596031951
0,0.0,2,52.5,18,502.0,0.0,0.01,0.0,0.0,Dec,8,2,9,2,New_Visitor,True,20,554.5,0.9,27.725,0.9053201082055906,False,False,0.054931767065253254
0,0.0,0,0.0,17,433.1333333,0.023529412,0.051960784,0.0,1.0,May,3,2,4,4,Returning_Visitor,True,17,433.1333333,1.0,25.47843137058824,1.0,False,False,0.011088507736993514
4,97.2,2,16.0,26,690.5666667,0.0,0.003703704,59.33984611,0.0,Jul,2,4,8,2,Returning_Visitor,False,32,803.7666667000001,0.8125,25.117708334375003,0.8591631070435382,True,True,0.8827743991887365
10,228.35,0,0.0,3,28.6,0.0,0.001851852,0.0,0.0,Oct,2,2,7,5,New_Visitor,False,13,256.95,0.2307692307692307,19.76538461538461,0.111305701498346,False,False,0.1658199740967179
0,0.0,0,0.0,12,305.4,0.0,0.019444444,0.0,0.0,Dec,3,2,1,11,Returning_Visitor,False,12,305.4,1.0,25.45,1.0,False,False,0.030980081748877498
0,0.0,1,41.5,98,2400.037843,0.000183655,0.011646771,0.0,0.0,Nov,2,2,1,2,Returning_Visitor,False,99,2441.537843,0.98989898989899,24.66199841414141,0.9830025161727548,True,True,0.5055966932279079
1,9.0,0,0.0,7,638.0,0.0375,0.045833333,0.0,0.0,Mar,1,1,1,3,Returning_Visitor,False,8,647.0,0.875,80.875,0.9860896445131376,False,False,0.019269239970953693
4,143.0666667,1,6.5,74,1294.405,0.002666667,0.010666667,0.0,0.0,Aug,2,2,3,1,Returning_Visitor,True,79,1443.9716667,0.9367088607594936,18.27812236329114,0.8964199435839248,False,False,0.028377158438593682
1,4.0,0,0.0,7,417.5333333,0.0,0.027777778,0.0,0.0,Aug,3,2,6,2,Returning_Visitor,False,8,421.5333333,0.875,52.6916666625,0.990510833464377,False,False,0.04564284514176279
1,0.0,1,80.16666667,29,759.75,0.0,0.019354839,0.0,0.0,Nov,2,2,1,2,Returning_Visitor,True,31,839.91666667,0.935483870967742,27.094086021612902,0.904554023212999,False,False,0.2781863361571639
0,0.0,0,0.0,3,75.0,0.066666667,0.133333333,0.0,0.0,Dec,3,2,1,20,Returning_Visitor,False,3,75.0,1.0,25.0,1.0,False,False,0.01956783635967809
5,181.8666667,0,0.0,192,4845.989214,0.005412371,0.022099252,18.67564853,0.0,Nov,2,2,1,1,Returning_Visitor,False,197,5027.8558807,0.9746192893401016,25.522111069543147,0.96382818620595,False,True,0.8454343105902834
0,0.0,0,0.0,3,29.0,0.0,0.066666667,0.0,0.0,May,2,2,1,4,Returning_Visitor,True,3,29.0,1.0,9.666666666666666,1.0,False,False,0.01563781034259356
6,257.5,0,0.0,37,2533.333333,0.014634146,0.031707317,6.651334683,0.0,Nov,2,2,3,1,Returning_Visitor,False,43,2790.833333,0.8604651162790697,64.90310076744186,0.9077336518253488,True,True,0.550280630367353
0,0.0,0,0.0,5,53.0,0.04,0.08,0.0,0.0,Mar,2,5,2,2,Returning_Visitor,True,5,53.0,1.0,10.6,1.0,False,False,0.027305811138405578
0,0.0,0,0.0,38,935.0,0.0,0.007769424,0.0,0.0,Nov,2,2,3,11,New_Visitor,False,38,935.0,1.0,24.605263157894736,1.0,False,False,0.18566254875826835
4,55.0,0,0.0,2,13.0,0.0,0.028571429,0.0,0.0,Dec,2,10,4,2,New_Visitor,False,6,68.0,0.3333333333333333,11.333333333333334,0.1911764705882352,True,False,0.16355977713306613
0,0.0,0,0.0,33,2193.541667,0.0,0.008602151,0.0,0.0,Nov,2,2,2,6,Returning_Visitor,False,33,2193.541667,1.0,66.4709596060606,1.0,False,False,0.14929548507405632
2,34.0,0,0.0,65,1451.227362,0.003030303,0.008492896,0.0,0.0,Mar,2,2,1,1,Returning_Visitor,False,67,1485.227362,0.9701492537313432,22.167572567164186,0.9771078820186724,False,False,0.028916049988537692
0,0.0,0,0.0,13,226.0,0.0,0.023076923,0.0,0.0,Dec,2,2,9,8,New_Visitor,False,13,226.0,1.0,17.384615384615383,1.0,False,False,0.050848003161127635
0,0.0,0,0.0,68,1723.753711,0.011940299,0.023681592,0.0,0.0,Nov,3,2,5,2,Returning_Visitor,False,68,1723.753711,1.0,25.34931927941177,1.0,False,False,0.18887349439220757
2,11.5,0,0.0,12,1562.0,0.023,0.042941176,33.1128,0.8,May,2,2,1,1,Returning_Visitor,False,14,1573.5,0.8571428571428571,112.39285714285714,0.9926914521766762,False,True,0.6416421317963416
0,0.0,0,0.0,5,24.0,0.04,0.12,0.0,0.0,May,1,1,1,4,Returning_Visitor,True,5,24.0,1.0,4.8,1.0,False,False,0.011871141846017503
3,81.0,0,0.0,19,448.0333333,0.0,0.012857143,0.0,0.0,May,3,2,5,4,Returning_Visitor,True,22,529.0333333,0.8636363636363636,24.046969695454543,0.8468905550908506,False,False,0.018668556488778593
5,44.5,1,4.0,37,836.3333333,0.005,0.045416667,0.0,0.0,Mar,2,2,4,1,Returning_Visitor,False,43,884.8333333,0.8604651162790697,20.57751937906977,0.945187417590702,False,False,0.01709253721974916
2,270.0,3,228.5,13,2451.0,0.0,0.021428571,42.22150549,0.0,Nov,2,2,4,2,Returning_Visitor,False,18,2949.5,0.7222222222222222,163.86111111111111,0.8309883031022207,True,True,0.8115037688634975
4,141.7619048,0,0.0,20,850.0357143,0.025,0.041666667,0.0,0.0,May,2,2,6,4,Returning_Visitor,False,24,991.7976191,0.8333333333333334,41.32490079583334,0.857065693575025,False,False,0.018560659998776905
12,1276.264286,0,0.0,118,3215.173074,0.0,0.005446194,22.45841786,0.0,Nov,3,2,8,3,Returning_Visitor,False,130,4491.43736,0.9076923076923076,34.54951815384615,0.7158450216035073,True,True,0.5794064765868837
3,69.16666667,0,0.0,35,869.0611111,0.0,0.00617284,0.0,0.8,May,2,2,1,2,Returning_Visitor,False,38,938.22777777,0.9210526315789472,24.69020467815789,0.926279451207044,False,False,0.029159452930355892
1,18.0,0,0.0,16,1331.75,0.0,0.0125,33.79956701,0.0,Mar,2,5,2,3,New_Visitor,False,17,1349.75,0.9411764705882352,79.3970588235294,0.986664197073532,True,True,0.8978897599430661
4,92.1,2,28.2,29,852.0,0.00625,0.022395833,0.0,0.0,Aug,2,5,8,5,Returning_Visitor,False,35,972.3,0.8285714285714286,27.78,0.8762727553224314,True,False,0.052593424196325546
5,266.0,0,0.0,29,730.35,0.006060606,0.026262626,32.91300914,0.0,Nov,4,1,8,1,Returning_Visitor,False,34,996.35,0.8529411764705882,29.304411764705883,0.7330255432327997,True,True,0.7592604894538671
0,0.0,0,0.0,26,810.3713768,0.019230769,0.02530525,0.0,0.8,May,3,2,3,1,Returning_Visitor,False,26,810.3713768,1.0,31.16812987692308,1.0,False,False,0.011558156878720877
1,5.0,1,7.0,31,561.0940141,0.034375,0.052507716,0.0,0.0,Jul,3,2,3,13,Returning_Visitor,False,33,573.0940141,0.9393939393939394,17.366485275757576,0.9790610271530316,False,False,0.024611371139662223
1,5.0,0,0.0,5,95.1,0.066666667,0.077777778,0.0,0.0,Oct,1,1,4,4,Returning_Visitor,False,6,100.1,0.8333333333333334,16.683333333333334,0.95004995004995,False,False,0.032566843475950735
10,236.0795455,2,5.0,107,2589.881537,0.010601564,0.019627539,0.0,0.0,Dec,3,2,4,2,Returning_Visitor,False,119,2830.9610825,0.8991596638655462,23.78958892857143,0.9148418016092598,False,False,0.023562136433926385
0,0.0,0,0.0,1,1.0,0.0,0.1,0.0,0.0,Mar,2,2,2,1,Returning_Visitor,False,1,1.0,1.0,1.0,1.0,False,False,0.012876814952866727
2,1172.0,0,0.0,24,1244.066667,0.008,0.028,0.0,0.0,May,1,8,2,6,Returning_Visitor,False,26,2416.066667,0.9230769230769232,92.92564103846154,0.5149140476925425,False,False,0.011191695337908345
1,12.0,0,0.0,36,493.3033901,0.0,0.01660575,0.0,0.0,Oct,2,2,5,2,Returning_Visitor,False,37,505.3033901,0.972972972972973,13.65684838108108,0.9762518909726192,False,False,0.047039163031651246
1,40.0,0,0.0,27,1400.5,0.0,0.007142857,0.0,0.0,Mar,1,1,4,2,Returning_Visitor,False,28,1440.5,0.9642857142857144,51.44642857142857,0.9722318639361331,False,False,0.025472464143122348
2,131.0,2,9.0,14,237.75,0.0,0.022222222,0.0,0.0,Dec,2,10,4,2,New_Visitor,False,18,377.75,0.7777777777777778,20.98611111111111,0.6293845135671741,False,False,0.057721521746846735
0,0.0,0,0.0,10,111.0,0.0,0.02,0.0,0.0,Mar,2,4,7,3,Returning_Visitor,False,10,111.0,1.0,11.1,1.0,False,False,0.021596155261200654
0,0.0,0,0.0,1,0.0,0.2,0.2,0.0,0.4,Feb,2,2,3,4,Returning_Visitor,False,1,0.0,1.0,0.0,0.0,False,False,0.01883579386321076
0,0.0,0,0.0,9,0.0,0.12,0.16,0.0,0.6,May,2,2,1,13,Returning_Visitor,False,9,0.0,1.0,0.0,0.0,False,False,0.008002818594012693
0,0.0,1,33.0,25,972.25,0.019230769,0.012937063,0.0,0.0,May,1,2,1,1,Returning_Visitor,False,26,1005.25,0.9615384615384616,38.66346153846154,0.9671723451877644,False,False,0.01786745423379236
4,77.1,0,0.0,4,41.7,0.0,0.028571429,0.0,0.0,Sep,2,2,4,6,Returning_Visitor,True,8,118.8,0.5,14.85,0.351010101010101,False,False,0.11577685426566359
2,51.66666667,0,0.0,35,1977.05,0.005263158,0.014912281,38.20357895,0.0,May,2,2,1,2,Returning_Visitor,False,37,2028.71666667,0.945945945945946,54.83018018027027,0.9745323398191392,False,True,0.8618386754082233
2,18.0,0,0.0,49,1550.916667,0.016,0.041333333,0.0,0.0,Nov,2,2,3,1,Returning_Visitor,False,51,1568.916667,0.9607843137254902,30.763071901960785,0.9885271153155516,False,False,0.12693673663665767
2,11.0,0,0.0,38,938.9333333,0.039473684,0.06622807,0.0,0.0,June,3,2,2,3,Returning_Visitor,False,40,949.9333333,0.95,23.7483333325,0.9884202400164368,False,False,0.020887818850900085
7,65.83333333,2,39.66666667,135,5520.175505,0.002962963,0.010258137,0.0,0.0,Dec,2,2,1,1,Returning_Visitor,False,144,5625.675505,0.9375,39.06719100694445,0.9812466965244914,False,False,0.03842545244842967
0,0.0,0,0.0,2,29.0,0.0,0.05,0.0,0.0,Nov,1,1,3,3,Returning_Visitor,False,2,29.0,1.0,14.5,1.0,False,False,0.08638947386562204
0,0.0,0,0.0,1,0.0,0.2,0.2,0.0,0.0,Mar,2,2,1,3,Returning_Visitor,False,1,0.0,1.0,0.0,0.0,False,False,0.012020426759953512
0,0.0,0,0.0,1,0.0,0.2,0.2,0.0,0.4,Feb,1,1,1,3,Returning_Visitor,False,1,0.0,1.0,0.0,0.0,False,False,0.014654618773203034
0,0.0,0,0.0,1,39.5,0.0,0.1,0.0,0.0,Dec,1,2,1,2,Returning_Visitor,False,1,39.5,1.0,39.5,1.0,False,False,0.035281873391068995
5,100.0,0,0.0,7,137.25,0.02,0.05,0.0,0.0,Dec,1,2,3,3,New_Visitor,False,12,237.25,0.5833333333333334,19.77083333333333,0.5785036880927292,False,False,0.09225683513845445
0,0.0,0,0.0,6,92.0,0.0,0.066666667,0.0,0.0,Mar,1,1,3,10,Returning_Visitor,False,6,92.0,1.0,15.333333333333334,1.0,False,False,0.02291942161107821
0,0.0,0,0.0,11,200.85,0.036363636,0.047107438,0.0,0.0,Mar,1,1,2,1,Returning_Visitor,False,11,200.85,1.0,18.259090909090908,1.0,False,False,0.014882839658039616
0,0.0,0,0.0,12,599.6133333,0.0,0.020833333,0.0,0.0,Nov,2,2,4,20,Returning_Visitor,True,12,599.6133333,1.0,49.967777775,1.0,False,False,0.10393265059786262
0,0.0,0,0.0,34,933.85,0.021875,0.031505682,0.0,0.0,Nov,1,1,1,2,Returning_Visitor,True,34,933.85,1.0,27.46617647058824,1.0,False,False,0.2799846995992567
0,0.0,0,0.0,39,805.7916667,0.007692308,0.013846154,0.0,0.0,Dec,2,2,4,1,Returning_Visitor,False,39,805.7916667,1.0,20.661324787179485,1.0,False,False,0.025103764636077327
0,0.0,1,18.0,36,833.0833333,0.032432432,0.055225225,0.0,1.0,May,1,1,7,3,Returning_Visitor,True,37,851.0833333,0.972972972972973,23.002252251351354,0.9788504846755643,False,False,0.014485463322067805
4,69.96666667,0,0.0,28,2728.755,0.0,0.009313725,0.0,0.0,Oct,1,1,1,5,Returning_Visitor,False,32,2798.72166667,0.875,87.4600520834375,0.9750004912945672,False,False,0.05389501445151039
2,115.2,0,0.0,7,211.1,0.0,0.0,0.0,0.0,Jul,2,2,2,2,New_Visitor,True,9,326.3,0.7777777777777778,36.25555555555556,0.6469506589028501,False,False,0.10370085854414134
2,29.5,0,0.0,36,1110.666667,0.005405405,0.035585586,0.0,0.0,Dec,2,4,9,2,Returning_Visitor,True,38,1140.166667,0.9473684210526316,30.004385973684208,0.9741265896874356,False,False,0.058853967412471675
1,19.0,0,0.0,100,3457.285317,0.006122449,0.028231293,0.0,0.0,Nov,2,2,1,2,Returning_Visitor,False,101,3476.285317,0.99009900990099,34.418666504950494,0.9945343956932752,False,False,0.48877627645068755
3,155.6078431,1,14.0,108,2942.021588,0.00025974,0.013002525,7.890931935,0.0,Dec,1,1,2,10,Returning_Visitor,False,112,3111.6294311,0.9642857142857144,27.78240563482143,0.945492274431907,True,True,0.5606566751866566
0,0.0,0,0.0,10,351.75,0.033333333,0.05,0.0,0.0,Dec,2,2,4,1,Returning_Visitor,True,10,351.75,1.0,35.175,1.0,False,False,0.021269510783361242
9,269.8,0,0.0,112,2478.622727,0.0,0.004005848,60.43385263,0.2,May,2,2,4,3,Returning_Visitor,False,121,2748.422727,0.9256198347107438,22.71423741322314,0.9018346059543408,True,False,0.2920034298109478
5,43.5,0,0.0,6,110.3333333,0.0,0.02,0.0,0.0,Dec,2,2,8,8,New_Visitor,True,11,153.8333333,0.5454545454545454,13.98484848181818,0.7172264354750221,False,False,0.11151289588584658
13,83.9952381,2,99.8,24,364.9619048,0.0,0.018181818,0.0,0.0,Nov,2,2,1,2,Returning_Visitor,False,39,548.7571429,0.6153846153846154,14.070695971794873,0.6650699850052012,False,False,0.21443813505404621
0,0.0,0,0.0,9,71.75,0.0,0.055555556,0.0,1.0,May,2,4,2,3,Returning_Visitor,True,9,71.75,1.0,7.972222222222222,1.0,False,False,0.01439283003775722
2,37.0,0,0.0,36,862.5738095,0.002857143,0.012698413,10.87212857,0.0,May,2,4,6,2,Returning_Visitor,False,38,899.5738095,0.9473684210526316,23.672994986842102,0.9588694117044544,True,True,0.7923744862768789
2,51.0,3,68.75,227,12460.67006,0.007569141,0.014819782,0.0,0.0,Nov,2,2,1,2,Returning_Visitor,False,232,12580.42006,0.978448275862069,54.22594853448276,0.9904812399404096,False,False,0.4860115219900779
1,45.0,0,0.0,13,1610.916667,0.0,0.007142857,0.0,0.0,Mar,1,1,1,3,New_Visitor,True,14,1655.916667,0.9285714285714286,118.27976192857145,0.9728247194458608,False,False,0.02128603774919954
13,374.875,1,53.0,88,5958.071931,0.002105263,0.00954386,0.0,0.0,Mar,2,2,3,2,Returning_Visitor,False,102,6385.946931,0.8627450980392157,62.60732285294118,0.9329974074912964,False,False,0.02979311311132183
1,73.0,0,0.0,12,2156.5,0.018181818,0.027272727,68.88769355,0.0,Nov,3,2,1,2,New_Visitor,False,13,2229.5,0.9230769230769232,171.5,0.967257232563355,True,True,0.8740055328563158
4,62.66666667,0,0.0,82,1805.277375,0.0,0.023295607,0.0,0.0,Dec,1,1,2,2,Returning_Visitor,False,86,1867.94404167,0.9534883720930232,21.720279554302326,0.9664515289151948,False,False,0.040519734284669526
8,57.83333333,1,3.0,115,8388.316083,0.01252501,0.029541047,0.0,0.8,May,3,2,2,6,Returning_Visitor,False,124,8449.14941633,0.9274193548387096,68.13830174459677,0.9928000642038092,False,False,0.01417793761433992
0,0.0,0,0.0,6,186.0,0.0,0.072222222,0.0,0.0,May,1,1,8,3,Returning_Visitor,False,6,186.0,1.0,31.0,1.0,False,False,0.012706279322994183
0,0.0,0,0.0,29,1721.125,0.042528736,0.071264368,0.0,0.6,May,3,2,2,13,Returning_Visitor,False,29,1721.125,1.0,59.34913793103448,1.0,False,False,0.00959684975438688
2,77.0,0,0.0,43,1607.297619,0.002272727,0.015909091,0.0,0.0,Mar,2,2,1,2,Returning_Visitor,False,45,1684.297619,0.9555555555555556,37.42883597777778,0.9542836140528914,False,False,0.052781174463902
0,0.0,0,0.0,22,876.25,0.0,0.004761905,0.0,0.0,Dec,2,2,2,10,Returning_Visitor,False,22,876.25,1.0,39.82954545454545,1.0,False,False,0.03819451624574518
0,0.0,0,0.0,22,402.5,0.047619048,0.059047619,0.0,0.8,May,3,2,1,13,Returning_Visitor,False,22,402.5,1.0,18.295454545454547,1.0,False,False,0.008671711404295008
0,0.0,1,65.5,49,574.8333333,0.0,0.012,0.0,0.0,Mar,2,2,2,10,Returning_Visitor,False,50,640.3333333,0.98,12.806666666000002,0.8977095262830667,False,False,0.03108013803629013
5,241.35,0,0.0,5,244.7,0.011111111,0.033333333,0.0,0.0,Nov,2,2,4,1,Returning_Visitor,True,10,486.05,0.5,48.605,0.5034461475156877,False,False,0.13784649492293274
0,0.0,0,0.0,25,701.8833333,0.0,0.023333333,0.0,0.0,Sep,2,2,1,2,Returning_Visitor,False,25,701.8833333,1.0,28.075333332,1.0,False,False,0.08198323044305353
0,0.0,0,0.0,1,0.0,0.2,0.2,0.0,0.0,Mar,1,2,9,2,Returning_Visitor,False,1,0.0,1.0,0.0,0.0,False,False,0.019064994118862248
0,0.0,0,0.0,42,1185.666667,0.0,0.004761905,0.0,0.0,Mar,2,2,1,1,Returning_Visitor,False,42,1185.666667,1.0,28.23015873809524,1.0,False,False,0.022808253440791095
2,3.0,4,161.5,137,4791.460889,0.004373522,0.020956372,5.482895824,0.0,Nov,2,2,1,2,Returning_Visitor,False,143,4955.960889,0.958041958041958,34.65706915384615,0.966807647662209,True,True,0.9035042376788611
0,0.0,0,0.0,17,287.5,0.066666667,0.087037037,0.0,0.8,May,3,2,4,13,Returning_Visitor,False,17,287.5,1.0,16.91176470588235,1.0,False,False,0.006651947600104987
1,81.0,0,0.0,12,131.5,0.0,0.003076923,0.0,1.0,May,3,2,1,4,Returning_Visitor,True,13,212.5,0.9230769230769232,16.346153846153847,0.6188235294117647,False,False,0.01628587605110013
7,157.5,1,23.0,42,3503.025,0.005142857,0.018193939,21.76475048,0.0,May,2,2,1,2,Returning_Visitor,False,50,3683.525,0.84,73.6705,0.95099802498965,False,True,0.5795991818309159
0,0.0,0,0.0,50,3002.902778,0.002083333,0.013611111,0.0,0.0,Nov,2,2,1,2,Returning_Visitor,True,50,3002.902778,1.0,60.05805556,1.0,False,False,0.3909036675587341
0,0.0,0,0.0,5,337.25,0.0,0.02,0.0,0.0,Mar,2,2,2,10,Returning_Visitor,False,5,337.25,1.0,67.45,1.0,False,False,0.02790019257490985
0,0.0,0,0.0,62,3564.590227,0.021980198,0.052175571,0.0,0.0,Aug,3,2,4,2,Returning_Visitor,False,62,3564.590227,1.0,57.49339075806452,1.0,False,False,0.025606588008114654
3,50.94615385,1,42.4,38,1323.093695,0.007738095,0.012865853,5.62486136,0.0,Sep,3,2,8,2,Returning_Visitor,True,42,1416.43984885,0.9047619047619048,33.724758305952385,0.9340980459383522,False,True,0.6426008024567972
0,0.0,0,0.0,2,8.0,0.0,0.1,0.0,0.0,Mar,2,4,2,1,Returning_Visitor,False,2,8.0,1.0,4.0,1.0,False,False,0.014842009444478907
1,0.0,1,34.2,69,3051.525518,0.000714286,0.016949586,0.0,0.0,Oct,2,4,9,3,Returning_Visitor,False,71,3085.725518,0.971830985915493,43.46092278873239,0.9889167070108794,False,False,0.04932300524590401
0,0.0,0,0.0,12,459.0833333,0.004545455,0.084545455,0.0,0.0,Dec,2,2,1,2,Returning_Visitor,False,12,459.0833333,1.0,38.25694444166667,1.0,False,False,0.04610315404638467
2,738.0,0,0.0,26,1840.666667,0.008,0.042,0.0,0.0,May,2,2,7,13,Returning_Visitor,False,28,2578.666667,0.9285714285714286,92.09523810714286,0.7138055843182775,False,False,0.009966598412418443
1,43.0,0,0.0,38,1348.7,0.0,0.028376068,2.561538462,0.0,May,2,6,1,1,Returning_Visitor,False,39,1391.7,0.9743589743589745,35.684615384615384,0.9691025364661924,False,False,0.3655860853205278
1,18.2,0,0.0,22,624.76,0.009090909,0.015909091,0.0,0.0,Oct,2,2,7,3,Returning_Visitor,False,23,642.96,0.9565217391304348,27.95478260869565,0.971693417942018,False,False,0.038839936471037326
0,0.0,0,0.0,28,4446.625,0.030952381,0.07047619,0.0,0.0,Nov,2,5,1,3,Returning_Visitor,False,28,4446.625,1.0,158.80803571428572,1.0,False,False,0.11047523503051235
6,60.0,1,30.0,51,1403.841919,0.003636364,0.009090909,20.2453697,0.0,May,2,4,1,2,Returning_Visitor,False,58,1493.841919,0.8793103448275862,25.75589515517241,0.939752661338994,False,True,0.7360015607393511
8,106.8333333,1,96.0,16,373.4583333,0.0,0.028333333,0.0,0.0,Nov,2,2,3,2,Returning_Visitor,False,25,576.2916666,0.64,23.051666664,0.6480370183093673,False,False,0.23400253213105265
0,0.0,0,0.0,2,54.0,0.05,0.15,0.0,0.0,May,1,1,1,1,Returning_Visitor,False,2,54.0,1.0,27.0,1.0,False,False,0.009536014509495946
4,38.5,1,308.0,14,582.0,0.0,0.021875,0.0,0.0,May,2,2,2,13,Returning_Visitor,True,19,928.5,0.7368421052631579,48.86842105263158,0.6268174474959612,False,False,0.026785326872846696
2,59.0,0,0.0,3,82.0,0.04,0.06,0.0,0.0,May,1,1,6,3,New_Visitor,False,5,141.0,0.6,28.2,0.5815602836879432,False,False,0.051130779035993765
11,286.9333333,0,0.0,119,7609.82065,0.0032,0.015231111,0.0,0.0,Dec,2,2,3,1,Returning_Visitor,False,130,7896.7539833,0.9153846153846154,60.74426141,0.9636643950277792,False,False,0.024531225381298562
7,200.5,0,0.0,66,2656.183333,0.000925926,0.009652076,2.208494444,0.0,May,2,2,1,1,Returning_Visitor,False,73,2856.683333,0.9041095890410958,39.13264839726028,0.9298137116971096,False,False,0.229882870999092
0,0.0,0,0.0,16,1773.25,0.04375,0.072916667,0.0,0.0,Nov,2,2,3,13,Returning_Visitor,False,16,1773.25,1.0,110.828125,1.0,False,False,0.0887219825660346
0,0.0,0,0.0,5,99.66666667,0.0,0.04,0.0,0.6,May,2,2,5,4,Returning_Visitor,False,5,99.66666667,1.0,19.933333334,1.0,False,False,0.013690178941245554
10,770.7388889,2,138.6666667,35,726.0388889,0.0,0.005434783,10.82357287,0.0,Nov,2,2,7,2,Returning_Visitor,False,47,1635.4444445,0.7446808510638298,34.796690308510634,0.443939805685035,True,True,0.7556510475550431
7,132.0,4,256.0666667,125,3674.803673,0.023134328,0.032705748,5.613708292,0.0,Aug,3,2,3,13,Returning_Visitor,False,136,4062.8703397,0.9191176470588236,29.874046615441177,0.9044846046628564,False,False,0.09639455482543556
0,0.0,0,0.0,33,1324.616667,0.009677419,0.043870968,0.0,0.2,May,2,2,1,4,Returning_Visitor,False,33,1324.616667,1.0,40.139899,1.0,False,False,0.017261790554727534
13,246.5333333,0,0.0,26,892.0,0.0,0.01127451,0.0,0.0,Sep,2,6,1,3,Returning_Visitor,False,39,1138.5333333,0.6666666666666666,29.19316239230769,0.7834641058901353,False,False,0.06258322225160107
0,0.0,0,0.0,154,4800.574762,0.014473684,0.032872807,0.0,0.0,Oct,2,2,1,1,Returning_Visitor,True,154,4800.574762,1.0,31.172563389610392,1.0,False,False,0.02553699341357954
1,47.5,0,0.0,123,3944.384921,0.00516129,0.017112135,3.303059969,0.0,Nov,2,2,1,2,Returning_Visitor,False,124,3991.884921,0.9919354838709676,32.19262033064516,0.988100859383466,False,True,0.9171700458924628
1,153.5,0,0.0,20,1002.847222,0.0,0.00952381,41.13433129,0.0,Nov,2,2,4,2,Returning_Visitor,False,21,1156.347222,0.9523809523809524,55.06415342857142,0.8672544050095017,False,True,0.8959740249176239
0,0.0,0,0.0,6,203.0,0.0,0.033333333,0.0,0.0,Nov,4,1,2,3,Returning_Visitor,False,6,203.0,1.0,33.833333333333336,1.0,False,False,0.08632082998534933
1,43.5,3,230.1666667,93,3773.715179,0.004123711,0.018162523,17.77043431,0.0,Nov,2,2,1,2,Returning_Visitor,False,97,4047.3818457,0.9587628865979382,41.72558603814433,0.9323842728131156,True,True,0.923458798338898
0,0.0,0,0.0,2,0.0,0.2,0.2,0.0,0.6,May,2,2,1,3,Returning_Visitor,False,2,0.0,1.0,0.0,0.0,False,False,0.009562615311535953
1,20.0,1,35.5,35,946.5952381,0.0,0.013333333,0.0,0.0,Nov,2,2,1,2,Returning_Visitor,False,37,1002.0952381,0.945945945945946,27.083655083783785,0.94461604257772,False,False,0.32347339082561893
7,288.5208333,0,0.0,12,402.3958333,0.0,0.002857143,0.0,0.0,Dec,1,1,8,2,New_Visitor,True,19,690.9166666,0.631578947368421,36.36403508421053,0.5824086358781724,False,False,0.09173400997527542
3,19.0,0,0.0,120,3013.116917,0.001680672,0.007407748,14.18391563,0.0,Nov,2,5,1,2,Returning_Visitor,False,123,3032.116917,0.975609756097561,24.651357048780486,0.9937337508677604,True,True,0.9203604272051276
0,0.0,0,0.0,20,2846.833333,0.006666667,0.0475,0.0,0.0,Nov,2,2,3,1,Returning_Visitor,False,20,2846.833333,1.0,142.34166665,1.0,False,False,0.14212298520039826
0,0.0,0,0.0,13,454.5,0.0,0.016666667,0.0,0.0,May,3,2,4,13,Returning_Visitor,False,13,454.5,1.0,34.96153846153846,1.0,False,False,0.008276072687341134
0,0.0,0,0.0,3,60.0,0.0,0.066666667,0.0,0.0,May,2,2,7,2,Returning_Visitor,True,3,60.0,1.0,20.0,1.0,False,False,0.016373267653420693
0,0.0,0,0.0,4,100.25,0.0,0.066666667,0.0,0.0,Dec,3,2,3,20,Returning_Visitor,True,4,100.25,1.0,25.0625,1.0,False,False,0.025127420083736692
0,0.0,0,0.0,7,379.5,0.057142857,0.085714286,0.0,0.0,Mar,3,2,8,1,Returning_Visitor,False,7,379.5,1.0,54.21428571428572,1.0,False,False,0.013594008026399694
0,0.0,0,0.0,9,148.3333333,0.04,0.058,0.0,0.0,May,3,2,6,3,Returning_Visitor,False,9,148.3333333,1.0,16.481481477777777,1.0,False,False,0.010752751648876386
3,214.6,0,0.0,59,1992.733333,0.003225806,0.034331797,13.18078221,0.0,Aug,2,2,1,2,Returning_Visitor,True,62,2207.333333,0.9516129032258064,35.602150532258065,0.9027786167174234,False,True,0.752212466705921
0,0.0,4,8.0,66,1514.83631,0.022887324,0.044913928,0.0,0.0,Dec,2,2,6,2,Returning_Visitor,False,70,1522.83631,0.9428571428571428,21.75480442857143,0.994746644831446,False,False,0.03473141186631691
4,38.30555556,0,0.0,52,1630.972222,0.012,0.026,0.0,1.0,May,6,5,3,2,Returning_Visitor,True,56,1669.27777756,0.9285714285714286,29.808531742142858,0.9770526175601574,False,False,0.020294969550554504
0,0.0,0,0.0,13,524.0,0.0,0.016666667,45.4642609,0.0,Nov,2,4,9,8,New_Visitor,True,13,524.0,1.0,40.30769230769231,1.0,True,True,0.9498849976738576
9,146.3,4,137.8166667,7,197.0666667,0.0,0.012631579,0.0,0.0,June,2,5,2,2,Returning_Visitor,True,20,481.1833334,0.35,24.059166670000003,0.4095459111344192,False,False,0.1146906104610671
0,0.0,1,0.0,24,2244.666667,0.008,0.028,0.0,0.0,Mar,2,2,1,1,Returning_Visitor,False,25,2244.666667,0.96,89.78666668,1.0,False,False,0.03266894226441332
0,0.0,0,0.0,12,157.0,0.008333333,0.033333333,0.0,0.0,Nov,3,2,7,1,Returning_Visitor,False,12,157.0,1.0,13.083333333333334,1.0,False,False,0.0889823468210236
0,0.0,0,0.0,7,42.0,0.057142857,0.085714286,0.0,0.0,Dec,2,4,6,1,Returning_Visitor,True,7,42.0,1.0,6.0,1.0,False,False,0.024013141714836376
5,724.5,0,0.0,23,867.3333333,0.0,0.000826446,59.988,0.0,May,1,1,1,2,Returning_Visitor,False,28,1591.8333333,0.8214285714285714,56.851190475,0.544864412093914,True,True,0.8070807474229721
0,0.0,0,0.0,29,1073.295779,0.013793103,0.017471264,0.0,0.0,Dec,1,1,1,3,Returning_Visitor,True,29,1073.295779,1.0,37.01019927586207,1.0,False,False,0.024458046489243098
0,0.0,0,0.0,8,20.2,0.1,0.175,0.0,0.0,June,3,2,1,1,Returning_Visitor,False,8,20.2,1.0,2.525,1.0,False,False,0.014571563269251995
5,147.4,0,0.0,12,1226.1,0.022222222,0.037301587,5.034409251,0.0,Sep,3,2,2,1,Returning_Visitor,False,17,1373.5,0.7058823529411765,80.79411764705883,0.8926829268292682,True,False,0.3190006274504584
1,20.0,0,0.0,18,375.5547619,0.0,0.0125,32.3171163,0.0,Nov,2,2,5,3,Returning_Visitor,False,19,395.5547619,0.9473684210526316,20.818671678947368,0.9494381007981488,True,True,0.8764939950162604
1,0.0,0,0.0,34,2161.979365,0.00625,0.020233586,0.0,0.0,Mar,3,2,1,1,Returning_Visitor,False,35,2161.979365,0.9714285714285714,61.770839,1.0,False,False,0.02639873916120478
1,5.0,0,0.0,7,1252.766667,0.025,0.021428571,0.0,0.0,Sep,1,2,7,4,Returning_Visitor,False,8,1257.766667,0.875,157.220833375,0.9960246998658934,False,False,0.04362075021668033
0,0.0,0,0.0,19,696.875,0.010526316,0.035087719,0.0,0.0,Dec,1,2,4,2,Returning_Visitor,False,19,696.875,1.0,36.67763157894737,1.0,False,False,0.03337448487547473
8,212.625,3,124.5,52,968.1964286,0.0,0.005172414,214.3066627,0.0,Nov,2,2,1,2,Returning_Visitor,False,63,1305.3214286,0.8253968253968254,20.719387755555555,0.741730279903872,True,True,0.8583107116916923
7,54.63636364,1,75.0,67,1336.554221,0.0,0.027327327,4.148878378,0.0,May,2,2,7,4,Returning_Visitor,False,75,1466.19058464,0.8933333333333333,19.5492077952,0.9115828699228552,False,False,0.1837791700893474
0,0.0,0,0.0,1,67.0,0.1,0.133333333,0.0,0.0,Mar,3,3,1,3,Returning_Visitor,False,1,67.0,1.0,67.0,1.0,False,False,0.010596009472636973
5,74.25,2,84.0,37,1599.083333,0.0,0.006578947,0.0,0.0,Mar,2,2,4,1,Returning_Visitor,False,44,1757.333333,0.8409090909090909,39.93939393181818,0.9099487860223728,False,False,0.019140275521251346
0,0.0,0,0.0,13,266.8,0.0,0.015384615,0.0,0.0,Jul,2,5,7,4,Returning_Visitor,False,13,266.8,1.0,20.523076923076925,1.0,False,False,0.05066340502612516
3,26.0,0,0.0,85,768.5,0.0,0.005813953,0.0,0.0,May,2,5,4,4,Returning_Visitor,False,88,794.5,0.9659090909090908,9.028409090909092,0.9672750157331657,False,False,0.013628365358446854
0,0.0,0,0.0,2,0.0,0.2,0.2,0.0,0.0,Nov,1,8,3,1,Returning_Visitor,True,2,0.0,1.0,0.0,0.0,False,False,0.06455687360322432
2,17.0,0,0.0,30,1448.928571,0.043851852,0.069954545,0.0,0.0,Dec,3,2,1,13,Returning_Visitor,False,32,1465.928571,0.9375,45.81026784375,0.988403254881373,False,False,0.023037099079393376
0,0.0,0,0.0,1,0.0,0.2,0.2,0.0,0.0,June,1,1,3,2,Returning_Visitor,False,1,0.0,1.0,0.0,0.0,False,False,0.023588406877705182
14,295.2,3,56.9,80,1242.063095,0.004545455,0.020707071,0.0,0.0,Oct,2,2,3,1,Returning_Visitor,False,97,1594.163095,0.8247422680412371,16.434671082474225,0.7791317581592867,False,False,0.02342043719535268
1,492.1666667,0,0.0,63,4518.297619,0.012698413,0.039761905,8.137274079,0.0,Nov,2,2,2,1,Returning_Visitor,False,64,5010.4642857,0.984375,78.2885044640625,0.90177224332191,True,True,0.7913757963404979
4,85.6,0,0.0,1,5.0,0.0,0.033333333,0.0,0.0,Sep,2,4,1,5,New_Visitor,False,5,90.6,0.2,18.12,0.0551876379690949,True,False,0.27678852638741136
0,0.0,0,0.0,9,771.5,0.022222222,0.044444444,0.0,0.0,Mar,1,1,6,1,Returning_Visitor,False,9,771.5,1.0,85.72222222222223,1.0,False,False,0.014315428972896851
0,0.0,0,0.0,6,243.0,0.0,0.033333333,0.0,0.0,Feb,2,4,4,1,Returning_Visitor,False,6,243.0,1.0,40.5,1.0,False,False,0.027516080000734085
4,68.66666667,0,0.0,14,617.15,0.0,0.004444444,9.253161679,0.0,Sep,1,1,6,5,New_Visitor,False,18,685.81666667,0.7777777777777778,38.10092592611111,0.8998760601671978,True,True,0.8931174778309175
1,7.0,0,0.0,14,183.3333333,0.0,0.006666667,0.0,0.0,Mar,2,2,3,10,Returning_Visitor,False,15,190.3333333,0.9333333333333332,12.688888886666666,0.9632224168061686,False,False,0.03231986739095063
4,68.5,0,0.0,152,5426.823764,0.005228758,0.018756793,0.0,0.0,Nov,2,2,4,10,Returning_Visitor,False,156,5495.323764,0.9743589743589745,35.22643438461538,0.9875348563721132,False,False,0.2248508222928394
0,0.0,0,0.0,25,317.5,0.0125,0.031944444,0.0,0.0,May,2,2,5,6,Returning_Visitor,False,25,317.5,1.0,12.7,1.0,False,False,0.013605953358816349
11,202.4254386,5,1767.666667,338,13265.35595,0.007520348,0.018855633,1.114150182,0.0,Nov,2,2,3,2,Returning_Visitor,False,354,15235.4480556,0.9548022598870056,43.03798885762712,0.870690241704059,True,True,0.796692561290125
0,0.0,5,14.0,31,750.5904762,0.007407407,0.036957672,0.0,0.0,Mar,2,2,1,2,Returning_Visitor,False,36,764.5904762,0.8611111111111112,21.23862433888889,0.9816895443563728,False,False,0.05306047340336171
0,0.0,0,0.0,102,4509.0,0.011764706,0.037679739,0.0,0.0,Nov,2,2,7,1,Returning_Visitor,False,102,4509.0,1.0,44.20588235294117,1.0,False,False,0.16645434953733368
6,34.4,0,0.0,44,1820.566667,0.029166667,0.055555556,15.184125,0.6,May,2,2,4,6,Returning_Visitor,False,50,1854.966667,0.88,37.09933334,0.981455192369772,False,False,0.48153435142938467
3,57.0,0,0.0,15,486.5166667,0.0,0.011111111,0.0,0.0,Mar,2,2,5,6,Returning_Visitor,False,18,543.5166667,0.8333333333333334,30.19537037222222,0.8951274110027213,False,False,0.02835538732415845
0,0.0,0,0.0,38,314.8333333,0.010526316,0.031578947,0.0,0.6,May,2,2,1,3,Returning_Visitor,False,38,314.8333333,1.0,8.285087718421053,1.0,False,False,0.018152996900608207
1,5.5,0,0.0,22,339.25,0.0,0.026984127,0.0,0.0,Mar,2,2,2,3,Returning_Visitor,False,23,344.75,0.9565217391304348,14.98913043478261,0.9840464104423496,False,False,0.019764644544219657
0,0.0,0,0.0,7,63.0,0.028571429,0.071428571,0.0,0.6,Feb,2,2,1,3,Returning_Visitor,False,7,63.0,1.0,9.0,1.0,False,False,0.021412126550987308
1,0.0,0,0.0,59,2334.105159,0.018421053,0.042076023,0.0,0.0,Dec,2,2,3,3,Returning_Visitor,False,60,2334.105159,0.9833333333333332,38.901752650000006,1.0,False,False,0.022737446969768902
5,68.66666667,0,0.0,11,126.5,0.01547619,0.032291667,0.0,0.0,May,2,2,4,2,Returning_Visitor,False,16,195.16666667,0.6875,12.197916666875,0.6481639624142074,False,False,0.024971160235461518
4,159.0,2,27.75,33,821.6825397,0.000617284,0.019343434,0.0,0.0,Dec,2,2,1,2,Returning_Visitor,False,39,1008.4325397,0.8461538461538461,25.85724460769231,0.8148116084636098,True,False,0.060438895511831535
3,18.0,0,0.0,14,411.5,0.0,0.023529412,0.0,0.0,Mar,2,2,8,2,Returning_Visitor,False,17,429.5,0.8235294117647058,25.264705882352946,0.9580908032596042,False,False,0.043054209637685914
0,0.0,1,242.8,73,1860.95,0.005405405,0.019527027,0.0,0.0,June,2,2,1,2,Returning_Visitor,False,74,2103.75,0.9864864864864864,28.429054054054053,0.8845870469399881,False,False,0.07209835793502264
0,0.0,0,0.0,19,380.9464286,0.0,0.013947368,0.0,0.0,Nov,3,2,4,2,Returning_Visitor,False,19,380.9464286,1.0,20.04981203157895,1.0,True,False,0.15307772961422908
4,63.0,0,0.0,5,95.5,0.0,0.025,0.0,0.0,Mar,3,2,1,9,New_Visitor,True,9,158.5,0.5555555555555556,17.61111111111111,0.6025236593059937,False,False,0.05065044615193891
0,0.0,0,0.0,13,152.3333333,0.023931624,0.03956044,0.0,0.8,May,2,2,4,3,Returning_Visitor,False,13,152.3333333,1.0,11.717948715384615,1.0,False,False,0.011085701291549718
3,63.0,0,0.0,13,400.3333333,0.030769231,0.046153846,0.0,0.0,Mar,4,1,3,1,Returning_Visitor,False,16,463.3333333,0.8125,28.95833333125,0.8640287769686351,False,False,0.01998911955465075
0,0.0,0,0.0,2,0.0,0.2,0.2,0.0,0.0,May,1,1,1,3,Returning_Visitor,False,2,0.0,1.0,0.0,0.0,False,False,0.009004280915603808
0,0.0,0,0.0,19,517.0,0.010526316,0.026315789,0.0,0.0,Dec,4,1,7,1,Returning_Visitor,True,19,517.0,1.0,27.21052631578948,1.0,False,False,0.02409645950508943
0,0.0,1,1729.0,19,1401.083333,0.02,0.05,0.0,0.0,Dec,2,2,1,3,Returning_Visitor,False,20,3130.083333,0.95,156.50416665,0.4476185404486162,False,False,0.014197359575314854
0,0.0,0,0.0,10,229.25,0.0,0.06,0.0,0.0,Mar,1,1,6,2,Returning_Visitor,False,10,229.25,1.0,22.925,1.0,False,False,0.02883426070732805
1,69.0,0,0.0,8,423.0,0.0,0.025,28.05094335,0.0,Mar,2,4,1,8,New_Visitor,False,9,492.0,0.8888888888888888,54.66666666666666,0.8597560975609756,True,True,0.9423634103407266
3,96.0,0,0.0,6,384.0,0.0,0.025,0.0,0.0,Mar,3,2,1,2,New_Visitor,False,9,480.0,0.6666666666666666,53.333333333333336,0.8,False,False,0.06902598852475879
0,0.0,1,16.0,8,308.0,0.0,0.025,35.091,0.0,May,2,4,1,2,Returning_Visitor,False,9,324.0,0.8888888888888888,36.0,0.9506172839506172,True,True,0.9320561440930375
9,299.45,2,48.3,54,2802.367821,0.009289968,0.025442703,16.96885494,0.0,Aug,3,2,7,1,Returning_Visitor,False,65,3150.117821,0.8307692307692308,48.46335109230769,0.8896073036755154,False,False,0.24133573652725113
0,0.0,0,0.0,30,986.5,0.006666667,0.023333333,0.0,0.0,May,2,4,3,3,Returning_Visitor,False,30,986.5,1.0,32.88333333333333,1.0,False,False,0.01668323150013109
5,72.5,0,0.0,55,936.1333333,0.003571429,0.020238095,23.27552205,0.0,Nov,2,2,1,2,Returning_Visitor,False,60,1008.6333333,0.9166666666666666,16.810555555,0.9281205591701022,True,True,0.8950584077112512
6,95.6,0,0.0,12,582.7333333,0.014285714,0.035714286,21.32413414,0.0,Sep,2,2,8,7,Returning_Visitor,False,18,678.3333333,0.6666666666666666,37.68518518333334,0.8590663390594135,False,True,0.7113564907829139
1,63.5,0,0.0,7,58.9,0.0,0.025,0.0,0.0,Dec,1,1,2,2,New_Visitor,False,8,122.4,0.875,15.3,0.4812091503267973,False,False,0.06374558030012226
5,145.8833333,0,0.0,9,112.0833333,0.023529412,0.043137255,2.001640344,0.0,Jul,3,2,4,1,Returning_Visitor,False,14,257.9666666,0.6428571428571429,18.426190471428573,0.43448765988745,False,True,0.5687399692662841
0,0.0,0,0.0,4,95.0,0.0,0.05,0.0,0.0,Dec,8,13,9,20,Other,False,4,95.0,1.0,23.75,1.0,False,False,0.030737324883780715
9,177.2,0,0.0,34,817.4333333,0.0,0.011111111,0.0,0.0,Nov,2,2,3,2,Returning_Visitor,False,43,994.6333333,0.7906976744186046,23.13100775116279,0.8218438955669373,False,False,0.2212232276885885
0,0.0,0,0.0,5,41.66666667,0.0,0.04,0.0,0.0,Dec,2,2,4,2,New_Visitor,False,5,41.66666667,1.0,8.333333333999999,1.0,False,False,0.03884168244986446
5,224.8,0,0.0,30,974.9,0.00625,0.0140625,25.11150884,0.0,Nov,2,2,4,4,Returning_Visitor,False,35,1199.7,0.8571428571428571,34.277142857142856,0.8126198216220721,False,True,0.846936958414516
5,110.3,1,21.8,78,3621.606667,0.0,0.006024096,18.78186098,0.0,Jul,2,4,4,1,Returning_Visitor,False,84,3753.706667,0.9285714285714286,44.68698413095238,0.9648081185561642,False,True,0.6064329747356059
2,49.5,0,0.0,260,8555.765985,0.005401961,0.017330846,0.0,0.0,Nov,1,2,1,2,Returning_Visitor,False,262,8605.265985,0.9923664122137404,32.84452666030534,0.9942477083118308,True,False,0.4670700719754829
0,0.0,1,232.0,16,343.2,0.0,0.006666667,0.0,0.4,May,2,2,1,2,Returning_Visitor,False,17,575.2,0.9411764705882352,33.83529411764706,0.5966620305980528,False,False,0.02782688182677366
0,0.0,0,0.0,11,194.0,0.0,0.018181818,0.0,0.0,Mar,2,2,6,1,Returning_Visitor,False,11,194.0,1.0,17.636363636363637,1.0,False,False,0.020664792748178756
5,85.16666667,1,8.0,95,3715.777564,0.01010101,0.011851852,0.0,0.0,Jul,2,4,4,1,Returning_Visitor,False,101,3808.94423067,0.9405940594059404,37.71231911554455,0.9755400286725616,False,False,0.05929053221664118
7,96.6,0,0.0,9,230.62,0.028571429,0.028571429,71.23156574,0.0,Nov,3,2,1,1,Returning_Visitor,False,16,327.22,0.5625,20.45125,0.7047857710408899,False,False,0.48197856037107384
0,0.0,0,0.0,12,1484.0,0.0,0.016666667,0.0,0.0,Mar,2,2,7,1,Returning_Visitor,False,12,1484.0,1.0,123.66666666666669,1.0,False,False,0.017004905142553622
0,0.0,0,0.0,7,58.0,0.028571429,0.057142857,0.0,0.0,May,2,2,1,4,Returning_Visitor,False,7,58.0,1.0,8.285714285714286,1.0,False,False,0.014102523130792353
0,0.0,0,0.0,38,1372.0,0.005405405,0.018918919,0.0,0.0,Mar,2,2,1,2,Returning_Visitor,False,38,1372.0,1.0,36.10526315789474,1.0,False,False,0.04534693711507465
2,119.8,1,22.2,15,643.5,0.0,0.005882353,0.0,0.0,Sep,3,2,1,5,Returning_Visitor,True,18,785.5,0.8333333333333334,43.638888888888886,0.8192234245703374,False,False,0.06704670712576404
1,49.5,0,0.0,9,350.25,0.0,0.035714286,0.0,0.0,Dec,2,2,1,7,New_Visitor,True,10,399.75,0.9,39.975,0.8761726078799249,False,False,0.05088355646926617
0,0.0,0,0.0,14,862.7916667,0.014285714,0.02,0.0,0.0,Nov,1,1,1,10,Returning_Visitor,False,14,862.7916667,1.0,61.62797619285714,1.0,False,False,0.1445690537085881
1,0.0,2,11.0,50,1799.666667,0.056410256,0.083012821,0.0,0.0,Dec,1,1,1,3,Returning_Visitor,False,53,1810.666667,0.9433962264150944,34.16352201886792,0.9939248895445646,False,False,0.023048415498053157
3,59.5,0,0.0,2,13.1,0.0,0.008333333,0.0,0.0,Sep,1,1,4,5,New_Visitor,False,5,72.6,0.4,14.52,0.1804407713498622,False,False,0.21226315646342173
0,0.0,0,0.0,3,17.0,0.0,0.033333333,0.0,0.0,Mar,1,1,1,3,Returning_Visitor,False,3,17.0,1.0,5.666666666666667,1.0,False,False,0.01774518788045369
2,14.0,0,0.0,8,57.0,0.0,0.057142857,0.0,0.0,Mar,1,2,4,8,New_Visitor,False,10,71.0,0.8,7.1,0.8028169014084507,False,False,0.03125238621414156
2,140.1666667,4,244.3,14,307.4435055,0.044444444,0.067397661,0.0,0.0,Sep,3,2,1,1,Returning_Visitor,False,20,691.9101722,0.7,34.59550861,0.4443402017381123,False,False,0.051530671468580216
9,779.3556619,4,163.6666667,75,13430.97606,0.002941176,0.032017551,16.16333333,0.0,May,2,2,2,13,Returning_Visitor,False,88,14373.9983886,0.8522727272727273,163.34089077954548,0.9343938754474947,True,False,0.1886447090069263
2,110.8,0,0.0,6,85.76666667,0.0,0.028571429,59.57182786,0.0,Aug,1,1,1,4,Returning_Visitor,False,8,196.56666667,0.75,24.57083333375,0.436323554359228,True,True,0.8784496377112706
0,0.0,0,0.0,5,186.5,0.0,0.04,0.0,0.0,Nov,2,2,1,2,Returning_Visitor,False,5,186.5,1.0,37.3,1.0,False,False,0.23775808041175
2,21.0,0,0.0,9,84.1,0.0,0.006060606,0.0,0.0,Oct,2,2,3,2,New_Visitor,False,11,105.1,0.8181818181818182,9.554545454545456,0.8001902949571836,False,False,0.08820701250772393
0,0.0,0,0.0,6,81.75,0.0,0.066666667,0.0,0.0,Nov,2,2,1,3,Returning_Visitor,False,6,81.75,1.0,13.625,1.0,True,False,0.08542556670697098
0,0.0,0,0.0,11,547.5,0.018181818,0.024747475,0.0,1.0,May,3,3,3,1,Returning_Visitor,True,11,547.5,1.0,49.77272727272727,1.0,False,False,0.01237072073200447
0,0.0,0,0.0,22,1664.0,0.03030303,0.032424242,0.0,0.0,Nov,1,1,1,2,Returning_Visitor,False,22,1664.0,1.0,75.63636363636364,1.0,True,False,0.25159263102391133
1,18.2,0,0.0,58,2007.206667,0.003448276,0.027298851,0.0,0.0,Jul,4,2,8,1,Returning_Visitor,False,59,2025.406667,0.9830508474576272,34.328926559322035,0.9910141502462032,False,False,0.05734904788508437
0,0.0,0,0.0,10,357.5555556,0.0,0.022222222,0.0,0.0,Dec,1,8,3,11,New_Visitor,False,10,357.5555556,1.0,35.75555556,1.0,False,False,0.042489539429364
5,179.875,0,0.0,47,1011.319444,0.019607843,0.046744236,3.322660364,0.0,Nov,3,2,2,1,Returning_Visitor,False,52,1191.194444,0.903846153846154,22.90758546153846,0.8489961056265638,True,True,0.5449860737414586
0,0.0,0,0.0,3,98.0,0.0,0.066666667,0.0,0.0,Nov,4,1,6,2,Returning_Visitor,False,3,98.0,1.0,32.666666666666664,1.0,False,False,0.2003038169305496
2,58.4,0,0.0,24,589.8,0.032098765,0.05617284,1.696968944,0.0,Sep,2,2,1,1,Returning_Visitor,True,26,648.1999999999999,0.9230769230769232,24.93076923076923,0.909904350509102,False,False,0.49485396538753096
2,144.5,0,0.0,7,416.5,0.044444444,0.031111111,0.0,0.0,Nov,3,2,3,8,Returning_Visitor,True,9,561.0,0.7777777777777778,62.333333333333336,0.7424242424242424,False,False,0.13040502568305323
9,726.3666667,0,0.0,80,4322.779121,0.002272727,0.0163943,8.069027652,0.0,May,2,2,2,2,Returning_Visitor,False,89,5049.145787699999,0.898876404494382,56.73197514269662,0.856140682554766,True,False,0.22037274678246888
0,0.0,0,0.0,4,1623.666667,0.133333333,0.140833333,0.0,0.0,Aug,1,1,1,3,Returning_Visitor,False,4,1623.666667,1.0,405.91666675,1.0,False,False,0.013176498779642382
0,0.0,0,0.0,13,252.0,0.0,0.061538462,0.0,0.0,May,2,2,8,3,Returning_Visitor,False,13,252.0,1.0,19.384615384615383,1.0,False,False,0.012581134001411639
0,0.0,0,0.0,24,1476.021429,0.013043478,0.024378882,0.0,0.0,Sep,2,2,8,2,Returning_Visitor,False,24,1476.021429,1.0,61.500892875,1.0,False,False,0.05824335216542127
1,0.0,0,0.0,1,74.6,0.1,0.1,0.0,0.0,Oct,3,2,1,4,Returning_Visitor,False,2,74.6,0.5,37.3,1.0,False,False,0.05976777798802928
2,22.2,0,0.0,18,470.8966667,0.0,0.005,0.0,0.0,Nov,2,2,2,4,New_Visitor,False,20,493.0966667,0.9,24.654833335,0.9549784018039074,False,False,0.18289687904526478
0,0.0,0,0.0,31,502.9666667,0.012903226,0.04516129,0.0,0.0,Oct,2,2,2,1,Returning_Visitor,False,31,502.9666667,1.0,16.22473118387097,1.0,False,False,0.02516479604482746
0,0.0,2,11.0,1,0.0,0.066666667,0.133333333,0.0,0.0,Nov,1,1,1,2,Returning_Visitor,False,3,11.0,0.3333333333333333,3.6666666666666665,0.0,False,False,0.1383962895080238
6,32.06666667,0,0.0,41,1921.10307,0.014074074,0.032987654,5.290262526,0.0,Jul,2,2,3,1,Returning_Visitor,False,47,1953.16973667,0.8723404255319149,41.55680290787234,0.9835822427165644,False,False,0.4397621541475614
4,65.4,0,0.0,23,1954.4,0.0,0.006666667,15.13596148,0.0,Aug,2,2,3,2,Returning_Visitor,False,27,2019.8,0.8518518518518519,74.80740740740741,0.9676205564907416,False,True,0.802254690780794
0,0.0,0,0.0,12,666.0,0.0,0.018181818,0.0,0.0,May,2,4,8,2,Returning_Visitor,False,12,666.0,1.0,55.5,1.0,False,False,0.02396510142679164
2,114.0,0,0.0,24,368.3333333,0.092592593,0.114285714,0.0,0.4,May,3,2,4,3,Returning_Visitor,False,26,482.3333333,0.9230769230769232,18.55128205,0.7636489288019108,False,False,0.007185811174874115
2,75.0,0,0.0,29,1279.089286,0.003333333,0.014166667,35.60912359,0.0,Nov,2,2,3,11,Returning_Visitor,False,31,1354.089286,0.935483870967742,43.68029954838709,0.9446122196110486,True,True,0.9086729932978664
0,0.0,0,0.0,8,372.8333333,0.0,0.0125,0.0,0.0,Mar,1,1,1,1,Returning_Visitor,False,8,372.8333333,1.0,46.6041666625,1.0,False,False,0.020740885260198082
2,152.0,0,0.0,13,241.5833333,0.013333333,0.013333333,0.0,0.0,Sep,1,1,1,2,New_Visitor,False,15,393.5833333,0.8666666666666667,26.238888886666665,0.6138047850615121,False,False,0.10296762141471195
9,145.7708333,8,408.5,139,6566.867562,0.003477444,0.015531015,67.39709637,0.0,Nov,2,2,3,2,Returning_Visitor,True,156,7121.1383953,0.8910256410256411,45.64832304679487,0.9221654175874712,False,True,0.7921254282411223
2,128.8,2,49.3,13,700.55,0.0,0.005882353,0.0,0.0,Jul,2,2,6,2,New_Visitor,False,17,878.65,0.7647058823529411,51.68529411764706,0.7973026802481079,False,False,0.13181560435632628
0,0.0,0,0.0,9,250.2,0.022222222,0.033333333,0.0,0.0,June,2,2,4,1,Returning_Visitor,False,9,250.2,1.0,27.8,1.0,False,False,0.02446353108029844
0,0.0,0,0.0,40,2426.266667,0.004878049,0.02296748,0.0,0.0,Nov,2,2,2,11,Returning_Visitor,False,40,2426.266667,1.0,60.656666675,1.0,False,False,0.19160740193240777
3,231.0,0,0.0,16,386.4444444,0.0,0.02745098,0.0,0.2,May,1,1,1,3,Returning_Visitor,False,19,617.4444444000001,0.8421052631578947,32.497076021052635,0.6258772718823737,False,False,0.016767417301711857
0,0.0,0,0.0,13,472.4333333,0.0,0.004395604,0.0,0.0,Jul,2,2,3,2,Returning_Visitor,False,13,472.4333333,1.0,36.34102563846154,1.0,False,False,0.050608829035008004
2,26.0,1,6.0,103,3400.248897,0.014692557,0.025598706,0.0,0.0,Nov,3,2,9,13,Returning_Visitor,True,106,3432.248897,0.9716981132075472,32.3797065754717,0.9906766668268232,False,False,0.10488052284397148
2,81.6,1,0.0,32,2230.600476,0.0125,0.023125,0.0,0.0,Jul,2,2,9,1,Returning_Visitor,False,35,2312.200476,0.9142857142857144,66.06287074285714,0.9647089424783944,False,False,0.06420962577446261
3,335.0,0,0.0,6,1615.0,0.0,0.016666667,0.0,0.8,May,3,3,1,4,Returning_Visitor,False,9,1950.0,0.6666666666666666,216.66666666666663,0.8282051282051283,False,False,0.02907784118940492
0,0.0,0,0.0,14,169.9166667,0.0,0.076190476,0.0,0.0,Nov,2,2,4,2,Returning_Visitor,False,14,169.9166667,1.0,12.136904764285717,1.0,True,False,0.14676122164284536
0,0.0,0,0.0,16,507.8333333,0.0,0.01,0.0,0.0,May,2,4,1,4,Returning_Visitor,False,16,507.8333333,1.0,31.73958333125,1.0,False,False,0.020047376241484206
4,114.3333333,0,0.0,55,1247.357143,0.001886792,0.010691824,0.0,0.0,May,3,2,3,4,Returning_Visitor,True,59,1361.6904763,0.9322033898305084,23.079499598305084,0.916035739920376,False,False,0.01576930933585341
5,194.2857143,4,162.75,98,5325.234886,0.001941748,0.012604407,56.1773806,0.0,Nov,2,2,1,10,Returning_Visitor,True,107,5682.2706003,0.9158878504672896,53.10533271308412,0.9371667174243428,True,True,0.8440861295328155
0,0.0,0,0.0,4,87.875,0.0,0.026666667,0.0,0.0,Nov,1,1,4,10,Returning_Visitor,True,4,87.875,1.0,21.96875,1.0,True,False,0.1052732166055599
0,0.0,0,0.0,18,490.3,0.011111111,0.022222222,0.0,0.0,Sep,2,2,1,13,Returning_Visitor,False,18,490.3,1.0,27.23888888888889,1.0,False,False,0.0417022536269931
0,0.0,0,0.0,81,2071.0,0.012345679,0.025308642,0.0,0.6,May,1,8,3,2,Returning_Visitor,False,81,2071.0,1.0,25.567901234567906,1.0,False,False,0.021574240899434487
2,75.05,0,0.0,106,4143.175238,0.019711538,0.03900641,4.484328486,0.0,Aug,3,2,1,1,Returning_Visitor,False,108,4218.225238,0.9814814814814816,39.05764109259259,0.9822081572781106,False,False,0.3190347721722394
10,2407.42381,3,434.3,486,23050.10414,0.000323719,0.011248517,0.0,0.0,Jul,2,2,1,3,Returning_Visitor,False,499,25891.82795,0.9739478957915833,51.88743076152304,0.8902463041432345,False,False,0.03743561653163014
0,0.0,0,0.0,5,43.0,0.0,0.04,0.0,0.0,Mar,1,1,1,9,Returning_Visitor,True,5,43.0,1.0,8.6,1.0,False,False,0.022623955765191262
2,38.04,0,0.0,8,886.57,0.0,0.030769231,0.0,0.0,Nov,1,1,1,2,Returning_Visitor,False,10,924.61,0.8,92.461,0.9588583294578256,False,False,0.26430239206442485
4,57.0,1,0.0,19,479.8666667,0.0,0.018181818,0.0,0.0,Mar,4,2,1,2,Returning_Visitor,False,24,536.8666667,0.7916666666666666,22.36944444583333,0.8938283869431375,False,False,0.043497771435085125
10,815.7666667,3,618.0,129,6657.151362,0.010917582,0.022102102,0.0,0.4,May,2,2,2,2,Returning_Visitor,False,142,8090.9180287,0.908450704225352,56.97829597676056,0.8227930796463193,False,False,0.014695987271330173
1,82.0,0,0.0,62,1243.17619,0.006451613,0.00983871,0.0,0.0,Dec,1,1,6,2,Returning_Visitor,False,63,1325.17619,0.984126984126984,21.034542698412697,0.9381214357616854,False,False,0.04743983664611465
5,41.0,1,9.307692308,49,1042.416667,0.012,0.025444444,0.0,0.6,May,2,2,6,3,Returning_Visitor,False,55,1092.724359308,0.8909090909090909,19.867715623781816,0.9539612237253876,False,False,0.014102223472021044
7,123.5,0,0.0,27,477.5,0.005,0.012,0.0,0.0,May,2,2,9,4,Returning_Visitor,False,34,601.0,0.7941176470588235,17.676470588235293,0.7945091514143094,False,False,0.01831739706686841
0,0.0,1,29.5,7,103.5208333,0.0,0.002777778,0.0,0.0,Nov,3,2,8,1,Returning_Visitor,True,8,133.0208333,0.875,16.6276041625,0.7782302270391808,False,False,0.101496808752051
0,0.0,0,0.0,3,15.0,0.0,0.066666667,0.0,0.0,Mar,2,4,3,12,Returning_Visitor,False,3,15.0,1.0,5.0,1.0,False,False,0.022274773537210853
6,615.25,0,0.0,68,2524.719048,0.0,0.000175593,0.0,0.0,Mar,1,2,6,1,Returning_Visitor,False,74,3139.969048,0.918918918918919,42.43201416216216,0.8040585780958946,False,False,0.01966117556760787
0,0.0,0,0.0,7,205.5,0.0,0.042857143,0.0,0.0,Nov,3,2,9,13,Returning_Visitor,False,7,205.5,1.0,29.357142857142858,1.0,False,False,0.0543866930656558
0,0.0,0,0.0,1,0.0,0.2,0.2,0.0,0.0,Feb,3,3,3,2,Returning_Visitor,True,1,0.0,1.0,0.0,0.0,False,False,0.02437737998403141
6,77.75,0,0.0,18,941.9166667,0.0,0.001428571,0.0,0.0,Nov,2,2,1,2,New_Visitor,False,24,1019.6666667,0.75,42.4861111125,0.9237495913722212,False,False,0.3367771750884273
2,59.5,0,0.0,3,67.66666667,0.0,0.02,0.0,0.0,Nov,3,2,8,2,New_Visitor,False,5,127.16666667,0.6,25.433333334,0.5321100917553837,False,False,0.2614652829295839
0,0.0,0,0.0,1,0.0,0.2,0.2,0.0,0.0,Feb,2,2,2,3,Returning_Visitor,False,1,0.0,1.0,0.0,0.0,False,False,0.015463761918501967
0,0.0,0,0.0,3,62.4,0.0,0.05,23.79060609,0.0,Aug,1,1,8,3,New_Visitor,False,3,62.4,1.0,20.8,1.0,True,True,0.914145916353706
1,19.0,1,11.0,11,66.83333333,0.0,0.019230769,0.0,0.0,Nov,2,2,1,8,New_Visitor,False,13,96.83333333,0.8461538461538461,7.448717948461539,0.6901893287328809,False,False,0.2068255814744876
2,47.5,0,0.0,50,1870.791667,0.002641509,0.024025157,0.0,0.0,Dec,2,2,6,1,Returning_Visitor,False,52,1918.291667,0.9615384615384616,36.89022436538461,0.975238384851932,False,False,0.03444122756603768
16,445.35,0,0.0,103,2091.037588,0.007894737,0.028165804,7.224419132,0.0,Oct,3,2,1,2,Returning_Visitor,True,119,2536.387588,0.865546218487395,21.314181411764707,0.8244156365900022,False,False,0.3159029946118689
2,107.3333333,0,0.0,8,224.0,0.0,0.01,0.0,0.0,Mar,1,2,7,2,Returning_Visitor,True,10,331.3333333,0.8,33.13333333,0.6760563380961827,False,False,0.04026864086098534
1,27.33333333,0,0.0,3,20.0,0.028571429,0.085714286,0.0,0.0,Nov,1,1,4,8,Returning_Visitor,False,4,47.33333333,0.75,11.8333333325,0.4225352112973616,False,False,0.109640296929025
0,0.0,0,0.0,14,654.875,0.028571429,0.042857143,0.0,0.0,Nov,2,2,1,13,Returning_Visitor,False,14,654.875,1.0,46.77678571428572,1.0,False,False,0.09129938655779175
0,0.0,0,0.0,3,0.0,0.2,0.2,0.0,0.0,Nov,3,2,1,11,Returning_Visitor,False,3,0.0,1.0,0.0,0.0,True,False,0.06331776932152018
0,0.0,0,0.0,36,631.3068627,0.021142857,0.047901224,0.0,0.8,May,2,2,3,6,Returning_Visitor,False,36,631.3068627,1.0,17.536301741666666,1.0,False,False,0.010927535431746991
4,31.70833333,1,4.0,51,946.3934211,0.02254902,0.035630252,10.37175846,0.0,Nov,1,1,3,2,Returning_Visitor,False,56,982.10175443,0.9107142857142856,17.537531329107143,0.9636409026163234,False,True,0.7194873897070444
2,36.5,0,0.0,32,770.375,0.0,0.01372549,0.0,0.0,Dec,2,2,3,2,Returning_Visitor,False,34,806.875,0.9411764705882352,23.731617647058822,0.9547637490317584,False,False,0.04142058231444076
1,0.0,0,0.0,23,975.75,0.0,0.05030303,16.197,0.0,May,2,2,6,6,Returning_Visitor,True,24,975.75,0.9583333333333334,40.65625,1.0,False,True,0.8992479011435253
0,0.0,1,30.5,14,327.0,0.013333333,0.026666667,0.0,0.0,Nov,1,1,4,3,Returning_Visitor,False,15,357.5,0.9333333333333332,23.83333333333333,0.9146853146853148,False,False,0.08145739796258832
4,229.25,0,0.0,8,372.25,0.022222222,0.00952381,0.0,0.0,Dec,1,2,1,8,Returning_Visitor,False,12,601.5,0.6666666666666666,50.125,0.6188694929343308,False,False,0.07044156966563618
6,190.2857143,6,609.0,47,2989.494048,0.0,0.004813218,30.897985,0.0,Mar,2,2,1,8,New_Visitor,True,59,3788.7797623,0.7966101694915254,64.21660614067797,0.7890387500869701,True,True,0.8250862853103831
5,71.08333333,0,0.0,24,1249.708333,0.0,0.005128205,52.28491058,0.0,Dec,2,2,3,2,New_Visitor,False,29,1320.79166633,0.8275862068965517,45.54454021827586,0.9461812675366776,True,True,0.9050170012236975
1,2.0,0,0.0,6,106.75,0.033333333,0.044444444,0.0,0.0,Nov,3,2,3,3,Returning_Visitor,False,7,108.75,0.8571428571428571,15.535714285714286,0.9816091954022989,False,False,0.09304651454376564
5,419.0,0,0.0,14,362.1029825,0.022916667,0.021979167,3.164088313,0.0,Jul,3,2,3,2,Returning_Visitor,True,19,781.1029825,0.7368421052631579,41.11068328947368,0.4635790550191632,True,True,0.6815955725871731
0,0.0,0,0.0,28,1384.071429,0.007142857,0.032380952,11.01942857,0.0,May,2,4,3,2,Returning_Visitor,False,28,1384.071429,1.0,49.431122464285714,1.0,True,True,0.7505437458180682
1,95.33333333,0,0.0,16,819.3333333,0.0,0.015625,25.25564195,0.0,Dec,2,2,7,2,New_Visitor,False,17,914.66666663,0.9411764705882352,53.80392156647059,0.8957725947516527,True,True,0.9267242596548326
4,82.0,0,0.0,17,269.0,0.034782609,0.046376812,0.0,0.0,Jul,3,2,1,13,Returning_Visitor,False,21,351.0,0.8095238095238095,16.714285714285715,0.7663817663817664,False,False,0.04223911285781189
2,452.5,0,0.0,18,762.2380952,0.0,0.002352941,0.0,0.0,Nov,1,1,6,2,New_Visitor,False,20,1214.7380952,0.9,60.73690476,0.627491718759756,False,False,0.2513016160613574
0,0.0,3,29.0,41,1652.75,0.013636364,0.035119048,0.0,0.0,May,2,2,4,4,Returning_Visitor,True,44,1681.75,0.9318181818181818,38.22159090909091,0.982756057678014,False,False,0.014174445709859
0,0.0,0,0.0,11,216.0,0.018181818,0.036363636,0.0,0.0,May,2,5,1,1,Returning_Visitor,False,11,216.0,1.0,19.63636363636364,1.0,False,False,0.0139060239357927
0,0.0,0,0.0,4,135.6666667,0.05,0.025,0.0,0.4,Feb,3,3,1,4,Returning_Visitor,False,4,135.6666667,1.0,33.916666675,1.0,False,False,0.028997861863619193
5,230.25,2,135.0,27,517.3928571,0.0,0.011458333,30.269375,0.0,May,2,2,4,2,New_Visitor,True,34,882.6428571,0.7941176470588235,25.960084032352945,0.5861859674477391,True,True,0.8521594145034275
8,447.125,3,168.375,142,4777.812554,0.005666252,0.019707705,0.0,0.0,Nov,3,2,1,1,Returning_Visitor,True,153,5393.312554,0.9281045751633988,35.25040884967321,0.8858771870093995,False,False,0.11831449108528037
1,17.0,0,0.0,15,247.0,0.0,0.014285714,0.0,0.0,Nov,4,1,1,3,New_Visitor,False,16,264.0,0.9375,16.5,0.9356060606060606,False,False,0.13324488479493182
4,738.0,0,0.0,21,664.3333333,0.0,0.015277778,0.0,0.0,May,2,2,1,2,Returning_Visitor,True,25,1402.3333333,0.84,56.093333332,0.4737342524239062,False,False,0.023766563794669886
0,0.0,0,0.0,10,316.5,0.0,0.025,17.538,0.0,Mar,2,4,1,8,New_Visitor,True,10,316.5,1.0,31.65,1.0,True,True,0.9348109210537995
1,28.5,2,44.5,12,445.5,0.00625,0.022916667,0.0,0.0,Nov,3,2,1,8,New_Visitor,False,15,518.5,0.8,34.56666666666667,0.8592092574734812,False,False,0.19654350948527202
11,201.84,0,0.0,48,2074.401905,0.0,0.016071429,7.248757745,0.0,Aug,2,7,3,1,Returning_Visitor,False,59,2276.2419050000003,0.8135593220338984,38.58037127118644,0.9113275265003083,False,False,0.3224630057886306
0,0.0,0,0.0,10,250.8,0.0,0.01,0.0,0.0,Mar,2,2,4,3,Returning_Visitor,False,10,250.8,1.0,25.08,1.0,False,False,0.014445078014547162
0,0.0,0,0.0,14,342.5,0.0,0.021428571,0.0,0.0,May,2,2,8,4,Returning_Visitor,False,14,342.5,1.0,24.464285714285715,1.0,False,False,0.017601049837748226
6,513.8333333,0,0.0,33,2690.333333,0.0,0.01754386,30.21878011,0.0,Nov,2,4,1,2,Returning_Visitor,False,39,3204.1666663,0.8461538461538461,82.15811964871796,0.8396358907592821,True,True,0.8859377428014691
0,0.0,0,0.0,2,73.0,0.05,0.15,0.0,0.0,Mar,2,2,1,1,Returning_Visitor,False,2,73.0,1.0,36.5,1.0,False,False,0.013814850445662339
0,0.0,0,0.0,3,35.4,0.0,0.066666667,0.0,0.0,Nov,1,1,1,1,Returning_Visitor,False,3,35.4,1.0,11.8,1.0,False,False,0.082701224719667
0,0.0,0,0.0,16,142.5,0.0375,0.08125,0.0,0.0,May,2,2,1,4,Returning_Visitor,False,16,142.5,1.0,8.90625,1.0,False,False,0.01382214016063974
0,0.0,0,0.0,4,157.5,0.0,0.05,0.0,0.0,Nov,2,4,9,2,Returning_Visitor,False,4,157.5,1.0,39.375,1.0,False,False,0.1734877325179811
14,324.0,2,40.5,12,338.25,0.0,0.002380952,0.0,0.0,Dec,1,1,1,10,Returning_Visitor,True,28,702.75,0.4285714285714285,25.098214285714285,0.4813233724653148,False,False,0.07849313747160266
3,55.0,0,0.0,18,376.5,0.021052632,0.040350877,0.0,0.4,May,4,2,3,11,Returning_Visitor,False,21,431.5,0.8571428571428571,20.547619047619047,0.8725376593279258,False,False,0.014531595044437086
0,0.0,0,0.0,9,257.9,0.011111111,0.044444444,0.0,0.0,June,1,1,1,20,Returning_Visitor,True,9,257.9,1.0,28.65555555555555,1.0,False,False,0.037813393432038434
2,44.0,2,53.0,8,667.6666667,0.0,0.018181818,56.62363636,0.0,May,2,2,1,4,Returning_Visitor,True,12,764.6666667,0.6666666666666666,63.722222225,0.8731473408948062,True,True,0.86915010584959
1,0.0,0,0.0,8,162.5,0.0,0.022222222,0.0,0.0,May,2,2,1,1,Returning_Visitor,False,9,162.5,0.8888888888888888,18.05555555555556,1.0,False,False,0.01780242009788304
2,96.75,0,0.0,103,3216.920172,0.012190476,0.030754266,0.0,0.0,Dec,2,2,6,2,Returning_Visitor,True,105,3313.670172,0.9809523809523808,31.558763542857143,0.9708027670292828,False,False,0.04135692509404616
0,0.0,0,0.0,53,2052.125,0.0,0.003921569,52.49862029,0.0,Nov,2,4,2,2,New_Visitor,True,53,2052.125,1.0,38.71933962264151,1.0,True,True,0.9445903812448179
0,0.0,0,0.0,89,5044.75689,0.002528736,0.008376076,0.0,0.8,May,1,1,6,6,Returning_Visitor,False,89,5044.75689,1.0,56.682661685393256,1.0,False,False,0.02159468640941959
0,0.0,0,0.0,15,907.5,0.006666667,0.031111111,0.0,0.6,May,2,2,7,2,Returning_Visitor,False,15,907.5,1.0,60.5,1.0,False,False,0.019797875856418793
4,822.7666667,0,0.0,17,1229.466667,0.0,0.041269841,0.0,0.0,June,2,2,1,16,Returning_Visitor,False,21,2052.2333337,0.8095238095238095,97.72539684285714,0.5990871733787587,True,False,0.03617346837345209
4,226.0,0,0.0,81,4836.486905,0.002380952,0.010714286,5.312300227,0.0,Nov,2,2,1,2,Returning_Visitor,False,85,5062.486905,0.9529411764705882,59.55866947058824,0.95535790921715,True,True,0.904210611605325
0,0.0,0,0.0,64,1911.610665,0.0125,0.026739194,0.0,0.0,Nov,1,2,2,10,Returning_Visitor,True,64,1911.610665,1.0,29.868916640625,1.0,False,False,0.18193915861895335
0,0.0,0,0.0,9,210.0,0.044444444,0.055555556,0.0,0.0,Mar,1,1,3,3,Returning_Visitor,False,9,210.0,1.0,23.33333333333333,1.0,False,False,0.013448834576518697
2,50.0,0,0.0,24,602.25,0.0,0.003846154,0.0,0.0,Nov,2,2,1,2,Returning_Visitor,True,26,652.25,0.9230769230769232,25.08653846153846,0.923342276734381,False,False,0.2845153671015061
0,0.0,0,0.0,10,172.5,0.01,0.043333333,0.0,0.0,Mar,2,2,3,6,Returning_Visitor,False,10,172.5,1.0,17.25,1.0,False,False,0.021095219348782453
1,24.5,0,0.0,27,1792.466667,0.0,0.01469428,0.0,0.0,Dec,2,2,2,2,Returning_Visitor,False,28,1816.966667,0.9642857142857144,64.89166667857143,0.986515988187911,False,False,0.042859412771744
2,248.5,5,192.25,9,1176.5,0.0,0.0125,0.0,0.0,Dec,1,1,3,2,New_Visitor,False,16,1617.25,0.5625,101.078125,0.7274694697789458,False,False,0.0866349078881166
0,0.0,0,0.0,231,11246.13379,0.001746725,0.010029112,0.0,0.0,Nov,2,2,3,2,Returning_Visitor,True,231,11246.13379,1.0,48.68456186147186,1.0,False,False,0.3348659163542425
0,0.0,0,0.0,24,985.0,0.070833333,0.0875,0.0,0.0,June,3,2,6,13,Returning_Visitor,False,24,985.0,1.0,41.04166666666666,1.0,False,False,0.016074392188475423
2,63.5,0,0.0,9,99.06666667,0.036363636,0.072727273,0.0,0.0,Oct,1,1,1,4,Returning_Visitor,False,11,162.56666667000002,0.8181818181818182,14.778787879090912,0.609391019077109,False,False,0.039239648401680864
1,14.0,0,0.0,6,156.0,0.0,0.04,0.0,0.0,Mar,1,1,3,1,Returning_Visitor,True,7,170.0,0.8571428571428571,24.285714285714285,0.9176470588235294,False,False,0.022778877924070493
0,0.0,0,0.0,14,116.8333333,0.064285714,0.085714286,0.0,0.6,May,2,2,2,3,Returning_Visitor,False,14,116.8333333,1.0,8.345238092857143,1.0,False,False,0.011740392968349353
0,0.0,0,0.0,3,50.2,0.0,0.066666667,0.0,0.0,Sep,2,2,1,13,Returning_Visitor,False,3,50.2,1.0,16.733333333333334,1.0,False,False,0.03441888449216255
2,168.4,0,0.0,10,208.0,0.0,0.008333333,0.0,0.0,Nov,3,2,5,2,New_Visitor,False,12,376.4,0.8333333333333334,31.366666666666664,0.5526036131774708,False,False,0.21798788236833436
0,0.0,0,0.0,6,56.0,0.0,0.033333333,0.0,0.8,May,2,2,1,13,Returning_Visitor,False,6,56.0,1.0,9.333333333333334,1.0,False,False,0.012637483729596782
0,0.0,0,0.0,10,1678.333333,0.0,0.02,0.0,0.0,Nov,2,2,1,2,Returning_Visitor,False,10,1678.333333,1.0,167.8333333,1.0,False,False,0.2709058681165025
0,0.0,0,0.0,9,186.7,0.0,0.022222222,0.0,0.0,Mar,2,2,1,2,Returning_Visitor,True,9,186.7,1.0,20.744444444444444,1.0,False,False,0.04119147034013309
2,48.5,0,0.0,53,2438.075,0.005357143,0.017261905,29.04476648,0.0,Nov,2,2,1,6,Returning_Visitor,True,55,2486.575,0.9636363636363636,45.21045454545454,0.98049525954375,True,True,0.9071131633001657
0,0.0,0,0.0,2,0.0,0.2,0.2,0.0,0.0,Mar,2,4,1,1,Returning_Visitor,False,2,0.0,1.0,0.0,0.0,False,False,0.014207313019608581
13,407.57,0,0.0,146,2650.780526,0.0,0.011184211,0.0,0.0,Oct,4,1,1,2,Returning_Visitor,True,159,3058.350526,0.9182389937106918,19.23490896855346,0.8667353540625512,False,False,0.038851807939033714
2,2.0,3,261.0,10,281.0,0.0,0.042857143,0.0,0.0,Mar,2,2,1,2,Returning_Visitor,False,15,544.0,0.6666666666666666,36.266666666666666,0.5165441176470589,False,False,0.06414542040903015
7,112.375,0,0.0,24,916.5,0.010967742,0.036129032,0.0,0.0,Nov,3,2,3,3,Returning_Visitor,False,31,1028.875,0.7741935483870968,33.189516129032256,0.8907787632122464,False,False,0.10092408296958624
0,0.0,2,65.5,4,71.5,0.0,0.033333333,0.0,0.0,Nov,2,2,1,11,Returning_Visitor,True,6,137.0,0.6666666666666666,22.83333333333333,0.5218978102189781,False,False,0.12561815559738745
0,0.0,2,23.0,4,57.75,0.0,0.066666667,0.0,0.0,Nov,2,5,3,1,Returning_Visitor,False,6,80.75,0.6666666666666666,13.458333333333334,0.7151702786377709,False,False,0.08895630013870753
5,171.7333333,0,0.0,93,2087.64987,0.013829787,0.023551165,0.0,0.0,Oct,3,2,1,4,Returning_Visitor,True,98,2259.3832033000003,0.9489795918367347,23.05493064591837,0.9239910551476302,False,False,0.026127897712657167
0,0.0,0,0.0,5,162.5,0.04,0.073333333,0.0,0.0,May,3,2,1,3,Returning_Visitor,False,5,162.5,1.0,32.5,1.0,False,False,0.01111162999419366
0,0.0,0,0.0,1,0.0,0.2,0.2,0.0,0.0,Nov,1,1,1,1,Other,False,1,0.0,1.0,0.0,0.0,False,False,0.05753341995914523
0,0.0,0,0.0,2,20.0,0.0,0.05,0.0,0.0,May,4,5,1,13,Returning_Visitor,False,2,20.0,1.0,10.0,1.0,False,False,0.011336189528430497
0,0.0,0,0.0,14,811.0,0.015384615,0.041025641,0.0,0.0,Mar,2,2,8,1,Returning_Visitor,False,14,811.0,1.0,57.92857142857143,1.0,False,False,0.01667831196616598
1,14.0,0,0.0,10,90.0,0.0,0.018181818,0.0,0.0,Mar,2,2,2,10,New_Visitor,False,11,104.0,0.9090909090909092,9.454545454545457,0.8653846153846154,False,False,0.03182165979354333
8,127.7,3,36.0,70,1675.525366,0.018181818,0.026731602,15.02583766,0.0,May,3,2,3,11,Returning_Visitor,False,81,1839.225366,0.8641975308641975,22.706486,0.9109951379389576,False,False,0.3117083661083569
0,0.0,2,101.7,42,1892.198319,0.0,0.004545455,153.5776975,0.0,Aug,2,2,1,1,Returning_Visitor,False,44,1993.898319,0.9545454545454546,45.31587088636364,0.9489943900193438,True,True,0.8145056075665211
18,514.075,4,67.5,178,6630.479365,0.003645833,0.010805067,0.0,0.0,Nov,3,2,1,8,Returning_Visitor,False,200,7212.054365,0.89,36.060271825,0.9193607021568811,True,False,0.2215160927661588
0,0.0,0,0.0,8,133.0,0.0,0.025,0.0,0.0,May,1,1,1,3,Returning_Visitor,True,8,133.0,1.0,16.625,1.0,False,False,0.01503097151670772
0,0.0,0,0.0,37,5208.65,0.0,0.01829932,0.0,0.0,Nov,2,2,1,6,Returning_Visitor,False,37,5208.65,1.0,140.7743243243243,1.0,False,False,0.16891047979901627
0,0.0,0,0.0,5,1162.5,0.0,0.025,0.0,0.0,Mar,2,2,2,2,Returning_Visitor,False,5,1162.5,1.0,232.5,1.0,False,False,0.030863486627108076
8,105.5644231,5,249.0,128,3158.561476,0.005474453,0.005815392,5.472974626,0.0,May,1,1,6,13,Returning_Visitor,False,141,3513.1258991,0.9078014184397164,24.91578651843972,0.8990743761301486,False,False,0.07759176319794407
1,9.0,0,0.0,33,1597.10609,0.0,0.008754209,5.774785164,0.0,Dec,2,2,3,2,Returning_Visitor,False,34,1606.10609,0.9705882352941176,47.23841441176471,0.9943963851105252,True,True,0.7265956279649883
0,0.0,0,0.0,7,208.0,0.0,0.028571429,0.0,0.0,Feb,4,1,1,5,Returning_Visitor,True,7,208.0,1.0,29.714285714285715,1.0,False,False,0.03989425343914092
3,151.0,0,0.0,21,840.2863203,0.0,0.010763889,0.0,0.0,Oct,2,2,3,2,Returning_Visitor,False,24,991.2863203,0.875,41.30359667916667,0.8476726684230831,False,False,0.05062042062922135
2,15.0,0,0.0,26,601.7681818,0.0,0.007407407,0.0,0.8,May,2,4,1,2,New_Visitor,False,28,616.7681818,0.9285714285714286,22.027435064285715,0.9756796792658412,False,False,0.042790537078644164
3,29.0,0,0.0,2,7.0,0.0,0.04,0.0,0.0,Dec,2,2,3,2,New_Visitor,False,5,36.0,0.4,7.2,0.1944444444444444,False,False,0.21757502497230266
0,0.0,0,0.0,60,1288.563333,0.0,0.017777778,0.0,0.0,June,2,4,3,4,Returning_Visitor,False,60,1288.563333,1.0,21.47605555,1.0,False,False,0.033024081112409724
0,0.0,0,0.0,4,132.5,0.175,0.183333333,0.0,0.0,Nov,3,2,4,13,Returning_Visitor,True,4,132.5,1.0,33.125,1.0,False,False,0.04806338273523746
4,15.0,1,0.0,38,1155.0,0.004545455,0.020454545,5.903181818,0.0,May,2,2,5,2,Returning_Visitor,False,43,1170.0,0.8837209302325582,27.2093023255814,0.9871794871794872,True,True,0.5046283724216513
0,0.0,0,0.0,42,1433.083333,0.005,0.02575,0.0,0.4,May,2,2,1,11,Returning_Visitor,False,42,1433.083333,1.0,34.12103173809524,1.0,False,False,0.020028999324279376
0,0.0,0,0.0,71,1094.310476,0.0,0.009285714,4.718931118,0.0,Oct,4,1,2,2,Returning_Visitor,False,71,1094.310476,1.0,15.412823605633804,1.0,False,True,0.7514313853919177
9,252.8,0,0.0,36,1191.616667,0.013636364,0.029545455,14.75943613,0.0,Oct,2,2,2,13,Returning_Visitor,False,45,1444.416667,0.8,32.09814815555556,0.8249812496798059,False,False,0.418730947273951
0,0.0,0,0.0,12,304.75,0.0,0.025,0.0,0.8,May,1,2,3,4,Returning_Visitor,False,12,304.75,1.0,25.39583333333333,1.0,False,False,0.015564197130989735
0,0.0,0,0.0,2,22.0,0.05,0.066666667,0.0,0.0,Dec,3,2,7,20,Returning_Visitor,False,2,22.0,1.0,11.0,1.0,False,False,0.02133047966523225
2,48.66666667,4,155.3333333,20,540.75,0.0,0.004166667,38.88816225,0.0,Nov,2,2,3,2,Returning_Visitor,False,26,744.74999997,0.7692307692307693,28.644230768076923,0.7260825780755723,True,True,0.8608088475710042
0,0.0,0,0.0,1,0.0,0.2,0.2,0.0,0.0,Nov,3,2,3,3,Returning_Visitor,False,1,0.0,1.0,0.0,0.0,False,False,0.049131383002235865
0,0.0,0,0.0,44,547.0,0.06,0.087407407,0.0,0.6,May,3,2,1,13,Returning_Visitor,False,44,547.0,1.0,12.431818181818182,1.0,False,False,0.00856054621030765
3,80.5,0,0.0,62,2337.196667,0.008196721,0.023911007,0.0,0.0,Aug,2,2,5,1,Returning_Visitor,False,65,2417.696667,0.953846153846154,37.19533333846154,0.9667038462273728,False,False,0.024547674214241255
0,0.0,0,0.0,31,1297.464286,0.0,0.018010753,0.0,0.0,Nov,2,1,1,2,Returning_Visitor,True,31,1297.464286,1.0,41.85368664516129,1.0,False,False,0.30771917591697634
0,0.0,0,0.0,7,152.75,0.014285714,0.047619048,0.0,0.0,Dec,3,2,3,2,New_Visitor,False,7,152.75,1.0,21.821428571428573,1.0,False,False,0.03944358079988821
0,0.0,0,0.0,15,340.1,0.0,0.04,0.0,0.0,Aug,2,2,1,1,Returning_Visitor,False,15,340.1,1.0,22.673333333333336,1.0,False,False,0.024086078637459186
3,57.0,1,163.0,36,2928.777778,0.002631579,0.021052632,0.0,0.0,May,2,10,2,5,Returning_Visitor,True,40,3148.777778,0.9,78.71944445,0.9301316207396076,False,False,0.024181598817981736
3,22.0,0,0.0,10,53.83333333,0.025,0.0375,0.0,0.0,Dec,4,2,3,10,Returning_Visitor,True,13,75.83333333,0.7692307692307693,5.833333333076923,0.7098901098773578,False,False,0.055183191100677244
2,91.0,3,865.0,27,1244.833333,0.0,0.006896552,0.0,0.0,Mar,2,2,1,2,New_Visitor,True,32,2200.833333,0.84375,68.77604165625,0.5656190836146338,False,False,0.040168420036278775
0,0.0,0,0.0,17,591.25,0.041176471,0.078431373,0.0,0.0,May,3,3,8,4,Returning_Visitor,True,17,591.25,1.0,34.779411764705884,1.0,False,False,0.01339132048955628
0,0.0,0,0.0,10,111.4166667,0.0,0.025,0.0,0.0,May,2,2,1,2,Returning_Visitor,False,10,111.4166667,1.0,11.14166667,1.0,False,False,0.02525814702815148
0,0.0,0,0.0,2,233.5,0.0,0.033333333,0.0,0.0,May,1,1,1,1,Returning_Visitor,False,2,233.5,1.0,116.75,1.0,False,False,0.011830771697852642
5,140.6,0,0.0,16,423.5,0.0125,0.0125,0.0,0.0,Aug,3,2,1,3,Returning_Visitor,True,21,564.1,0.7619047619047619,26.861904761904764,0.7507534125155114,False,False,0.031925943451114894
0,0.0,0,0.0,6,301.5,0.0,0.111111111,0.0,0.0,Feb,2,4,9,3,Returning_Visitor,False,6,301.5,1.0,50.25,1.0,False,False,0.019354798211184857
0,0.0,0,0.0,4,137.5,0.0,0.066666667,0.0,0.0,Nov,2,2,2,11,Returning_Visitor,False,4,137.5,1.0,34.375,1.0,False,False,0.10556947184548479
1,0.0,3,447.5,27,1381.75,0.006896552,0.034482759,0.0,0.0,Nov,2,2,1,2,Returning_Visitor,True,31,1829.25,0.8709677419354839,59.00806451612903,0.7553642203088697,False,False,0.29194355714835213
0,0.0,0,0.0,21,1296.716667,0.0,0.007017544,70.01826316,0.0,May,2,2,1,2,Returning_Visitor,False,21,1296.716667,1.0,61.74841271428571,1.0,True,True,0.9447993340044611
0,0.0,1,16.0,25,902.0833333,0.0,0.007692308,0.0,0.0,Dec,3,3,3,2,New_Visitor,False,26,918.0833333,0.9615384615384616,35.310897434615384,0.9825723881268068,True,False,0.05716543464533974
0,0.0,0,0.0,2,0.0,0.2,0.2,0.0,0.0,Feb,3,3,1,3,Returning_Visitor,False,2,0.0,1.0,0.0,0.0,False,False,0.013559996619901026
0,0.0,0,0.0,20,869.8,0.011111111,0.033333333,0.0,0.0,May,3,2,4,2,Returning_Visitor,True,20,869.8,1.0,43.49,1.0,False,False,0.016549753210928185
0,0.0,0,0.0,116,5389.883333,0.009565217,0.020786749,0.0,0.0,Nov,3,2,1,1,Returning_Visitor,False,116,5389.883333,1.0,46.464511491379305,1.0,False,False,0.18138297843316167
0,0.0,2,861.0,12,2250.35,0.014285714,0.030952381,0.0,0.0,Nov,1,1,3,2,Returning_Visitor,True,14,3111.35,0.8571428571428571,222.2392857142857,0.7232712488148232,False,False,0.2089729971412061
0,0.0,0,0.0,11,142.4166667,0.0,0.036363636,0.0,0.0,May,2,2,1,2,Returning_Visitor,False,11,142.4166667,1.0,12.9469697,1.0,False,False,0.02525814702815148
0,0.0,0,0.0,27,892.9679487,0.014814815,0.022751323,0.0,0.0,Dec,2,2,3,2,Returning_Visitor,True,27,892.9679487,1.0,33.07288698888889,1.0,False,False,0.04007577602637544
6,186.5,0,0.0,16,476.25,0.011111111,0.038888889,16.04403014,0.0,Dec,2,2,3,1,Returning_Visitor,False,22,662.75,0.7272727272727273,30.125,0.7185967559411542,True,True,0.5735732006899397
3,423.0,0,0.0,24,1203.533333,0.0,0.011111111,0.0,0.0,Oct,4,1,1,4,New_Visitor,False,27,1626.533333,0.8888888888888888,60.241975296296296,0.7399376997581641,False,False,0.04956563190718393
2,7.0,0,0.0,27,559.4,0.014814815,0.030452675,0.0,0.0,Mar,2,4,4,3,Returning_Visitor,True,29,566.4,0.9310344827586208,19.53103448275862,0.9876412429378532,False,False,0.019948726295514106
1,10.0,0,0.0,16,120.0,0.053333333,0.08,0.0,0.0,May,2,2,6,4,Returning_Visitor,False,17,130.0,0.9411764705882352,7.647058823529412,0.9230769230769232,False,False,0.016717782236178935
7,644.5,2,166.5,31,1629.641667,0.0,0.026063126,0.0,0.0,Dec,2,2,4,2,Returning_Visitor,False,40,2440.641667,0.775,61.016041675,0.6677103357835938,False,False,0.03898553528143529
0,0.0,0,0.0,5,124.0,0.0,0.06,0.0,0.0,Nov,1,1,3,11,Returning_Visitor,False,5,124.0,1.0,24.8,1.0,False,False,0.10568954879300525
1,8.0,0,0.0,47,1459.576667,0.010416667,0.017638889,0.0,0.0,Oct,1,1,3,3,Returning_Visitor,False,48,1467.576667,0.9791666666666666,30.57451389583333,0.9945488367457126,False,False,0.02957737039220084
2,126.75,0,0.0,22,2281.583333,0.02969697,0.043686869,0.0,0.0,Dec,3,2,2,3,Returning_Visitor,False,24,2408.333333,0.9166666666666666,100.34722220833332,0.9473702422072484,False,False,0.021630017948657834
0,0.0,0,0.0,7,43.0,0.085714286,0.121428571,0.0,0.0,Dec,3,2,1,1,Returning_Visitor,False,7,43.0,1.0,6.142857142857143,1.0,False,False,0.014571563269251995
11,157.3889922,3,338.4,46,1624.935625,0.005357143,0.021391443,0.0,0.0,Nov,3,2,3,3,Returning_Visitor,False,60,2120.7246172,0.7666666666666667,35.34541028666667,0.7662171749321268,False,False,0.10914848142568544
5,46.5,0,0.0,17,219.5,0.011111111,0.022222222,0.0,0.0,Dec,3,2,2,13,Returning_Visitor,False,22,266.0,0.7727272727272727,12.090909090909092,0.825187969924812,False,False,0.03424472254926198
3,37.3,0,0.0,19,317.8,0.018181818,0.045454545,0.0,0.0,Jul,2,2,7,4,Returning_Visitor,False,22,355.1,0.8636363636363636,16.14090909090909,0.8949591664319909,False,False,0.06254112312699957
9,174.475,0,0.0,43,895.9731685,0.0,0.009929078,30.66624113,0.0,May,1,2,6,2,Returning_Visitor,False,52,1070.4481685,0.8269230769230769,20.58554170192308,0.8370075215837038,True,True,0.7047997951768733
0,0.0,0,0.0,20,1606.333333,0.01,0.034761905,0.0,0.0,Mar,2,2,2,1,Returning_Visitor,False,20,1606.333333,1.0,80.31666665,1.0,False,False,0.019350251750627656
0,0.0,0,0.0,13,208.8333333,0.030769231,0.088461538,0.0,0.4,May,2,2,6,4,Returning_Visitor,False,13,208.8333333,1.0,16.064102561538462,1.0,False,False,0.01434352664101451
15,292.88,1,48.35,130,3645.909048,0.001459854,0.008515815,10.41358118,0.0,Nov,2,4,8,2,Returning_Visitor,False,146,3987.139048,0.8904109589041096,27.30917156164384,0.9144173313516204,False,True,0.8514243657952277
4,169.2,0,0.0,14,315.4666667,0.0,0.011111111,34.75023292,0.0,Jul,2,2,1,2,Returning_Visitor,True,18,484.6666667,0.7777777777777778,26.92592592777778,0.6508940853059908,True,True,0.9029869057318778
5,73.0,0,0.0,18,498.3333333,0.01,0.04,0.0,0.0,May,2,4,7,3,Returning_Visitor,False,23,571.3333333,0.782608695652174,24.840579708695653,0.872228704776676,False,False,0.019723219074779856
3,15.0,0,0.0,102,4021.172222,0.0,0.01,0.0,0.0,Nov,2,2,1,2,Returning_Visitor,True,105,4036.172222,0.9714285714285714,38.43973544761905,0.9962836075432462,False,False,0.37935670838619684
3,112.9607843,0,0.0,13,3014.018519,0.013068182,0.06140625,0.0,0.0,Mar,2,2,1,2,Returning_Visitor,False,16,3126.9793033,0.8125,195.43620645625,0.9638754294981138,False,False,0.048011319818413535
6,40.66666667,0,0.0,49,783.45,0.0,0.007692308,4.272807692,0.0,May,2,2,1,2,Returning_Visitor,True,55,824.1166666700001,0.8909090909090909,14.983939394000002,0.950654235844639,False,False,0.48469637355343964
3,31.2,0,0.0,4,36.2,0.028571429,0.057142857,0.0,0.0,June,2,2,3,2,Returning_Visitor,False,7,67.4,0.5714285714285714,9.62857142857143,0.5370919881305638,False,False,0.09201502685357375
3,97.5,0,0.0,5,155.3333333,0.0,0.028571429,0.0,0.0,Dec,3,2,1,2,New_Visitor,False,8,252.8333333,0.625,31.6041666625,0.6143704679781635,False,False,0.11822547860396661
1,41.125,0,0.0,126,4310.004668,0.000687831,0.012822843,3.451072113,0.0,Nov,2,2,2,2,Returning_Visitor,False,127,4351.129668,0.9921259842519684,34.26086352755905,0.9905484315251624,False,True,0.8711361790097513
3,51.5,0,0.0,21,1623.5,0.0,0.005,49.3886,0.6,May,2,4,2,3,New_Visitor,False,24,1675.0,0.875,69.79166666666667,0.9692537313432836,True,True,0.9198009278257265
4,133.8,2,54.4,13,421.7857143,0.0,0.023529412,0.0,0.0,Nov,1,1,3,2,New_Visitor,False,19,609.9857143,0.6842105263157895,32.10451127894737,0.6914681842738362,False,False,0.26525110774534616
0,0.0,0,0.0,15,455.5,0.0,0.014285714,0.0,0.0,May,2,10,3,2,New_Visitor,False,15,455.5,1.0,30.366666666666667,1.0,False,False,0.029505915023053567
5,118.9,4,380.7,4,188.4,0.0,0.006666667,0.0,0.0,Oct,4,2,1,4,Returning_Visitor,False,13,688.0,0.3076923076923077,52.92307692307692,0.2738372093023256,False,False,0.07484147240097294
7,77.5,0,0.0,14,192.9333333,0.0,0.013333333,0.0,0.0,Mar,2,2,1,1,Returning_Visitor,False,21,270.4333333,0.6666666666666666,12.877777776190474,0.7134229014807622,False,False,0.03185643320932895
0,0.0,0,0.0,12,770.25,0.0,0.033333333,0.0,0.0,Dec,2,4,1,8,New_Visitor,False,12,770.25,1.0,64.1875,1.0,False,False,0.06184884258943816
0,0.0,0,0.0,1,0.0,0.2,0.2,0.0,0.0,Mar,3,2,2,1,Returning_Visitor,False,1,0.0,1.0,0.0,0.0,False,False,0.011075842861747958
0,0.0,0,0.0,65,1624.941667,0.0,0.0203125,0.0,0.0,Nov,2,6,2,11,Returning_Visitor,True,65,1624.941667,1.0,24.99910256923077,1.0,False,False,0.10414384889206237
0,0.0,0,0.0,29,2159.4,0.010344828,0.02183908,0.0,0.0,Oct,3,2,1,13,Returning_Visitor,False,29,2159.4,1.0,74.46206896551725,1.0,False,False,0.029782240779510145
5,88.0,0,0.0,34,3195.828571,0.002564103,0.015897436,0.0,0.0,May,2,2,3,2,Returning_Visitor,False,39,3283.828571,0.8717948717948718,84.2007325897436,0.9732020115857624,False,False,0.01898565354076256
0,0.0,0,0.0,8,361.0,0.0,0.025,0.0,0.0,Dec,2,2,3,3,Returning_Visitor,False,8,361.0,1.0,45.125,1.0,False,False,0.02387860958324477
3,139.0,0,0.0,35,631.9333333,0.005263158,0.015789474,0.0,0.0,Nov,1,2,1,2,New_Visitor,False,38,770.9333333,0.9210526315789472,20.28771929736842,0.819699066059309,False,False,0.3476232868878943
0,0.0,0,0.0,6,48.0,0.0,0.066666667,0.0,0.0,Nov,2,2,4,1,Returning_Visitor,False,6,48.0,1.0,8.0,1.0,False,False,0.07477243079875598
0,0.0,0,0.0,22,337.1,0.0,0.027272727,0.0,0.0,Aug,2,4,1,3,Returning_Visitor,False,22,337.1,1.0,15.322727272727274,1.0,False,False,0.03132392570137054
2,11.0,0,0.0,4,15.0,0.0,0.04,0.0,0.0,Aug,2,10,1,1,Returning_Visitor,False,6,26.0,0.6666666666666666,4.333333333333333,0.5769230769230769,False,False,0.059440355973373125
0,0.0,0,0.0,3,34.0,0.0,0.066666667,0.0,0.0,May,1,1,6,3,Returning_Visitor,False,3,34.0,1.0,11.333333333333334,1.0,False,False,0.01269960756285949
0,0.0,0,0.0,2,46.5,0.1,0.1,0.0,0.0,Nov,2,2,3,1,Returning_Visitor,False,2,46.5,1.0,23.25,1.0,False,False,0.07050425052354913
0,0.0,0,0.0,17,557.4,0.0,0.011111111,83.93274289,0.0,Sep,2,2,2,2,New_Visitor,True,17,557.4,1.0,32.78823529411765,1.0,True,True,0.949410180652373
0,0.0,0,0.0,4,186.25,0.05,0.066666667,0.0,0.0,Nov,3,2,3,2,Returning_Visitor,False,4,186.25,1.0,46.5625,1.0,False,False,0.17618889021606246
3,89.0,0,0.0,26,655.5357143,0.0,0.0375,0.0,0.0,Nov,2,2,4,1,Returning_Visitor,False,29,744.5357143,0.896551724137931,25.67364532068965,0.8804624166569681,False,False,0.1007201345269731
1,2.0,0,0.0,118,4541.925,0.013114754,0.031399948,0.0,0.4,May,2,2,1,20,Returning_Visitor,False,119,4543.925,0.9915966386554622,38.18424369747899,0.999559851890161,False,False,0.026051159453708218
0,0.0,0,0.0,2,135.5,0.0,0.1,0.0,0.0,Dec,2,2,4,3,Returning_Visitor,False,2,135.5,1.0,67.75,1.0,False,False,0.01243453733726617
3,37.0,1,9.0,17,1075.713095,0.011111111,0.034920635,0.0,0.0,May,3,2,1,2,Returning_Visitor,True,21,1121.713095,0.8095238095238095,53.41490928571429,0.95899129625477,False,False,0.0321089939252795
0,0.0,0,0.0,3,24.0,0.0,0.066666667,0.0,0.0,Sep,2,2,3,3,Returning_Visitor,False,3,24.0,1.0,8.0,1.0,False,False,0.031522491214564324
2,74.0,0,0.0,30,1708.083333,0.006666667,0.013333333,16.1892,0.0,May,2,2,7,1,Returning_Visitor,True,32,1782.083333,0.9375,55.69010415625,0.9584755669784384,True,True,0.8089244661584063
2,143.25,0,0.0,38,2508.413853,0.0,0.00745614,54.16451768,0.0,Nov,2,2,7,2,Returning_Visitor,False,40,2651.663853,0.95,66.291596325,0.9459773153984312,True,True,0.8656844276070726
6,103.9,3,50.2,9,1759.066667,0.011764706,0.024705882,0.0,0.0,Sep,1,1,7,5,Returning_Visitor,False,18,1913.166667,0.5,106.28703705555556,0.9194529140309344,False,False,0.09504471212800794
0,0.0,0,0.0,50,2617.233333,0.0,0.001360544,53.22881633,0.0,May,4,1,3,2,New_Visitor,True,50,2617.233333,1.0,52.34466666,1.0,True,True,0.8415863826011646
3,515.0,0,0.0,29,3229.169841,0.003225806,0.033064516,15.65808387,0.0,May,1,1,1,1,Returning_Visitor,False,32,3744.169841,0.90625,117.00530753125,0.8624528208201012,True,True,0.6718342960377057
1,11.1,0,0.0,48,830.3142529,0.004347826,0.017619048,0.0,0.0,Nov,1,1,1,3,Returning_Visitor,False,49,841.4142529000001,0.979591836734694,17.171719446938777,0.9868079249171938,False,False,0.1417461369887373
0,0.0,6,270.3333333,11,160.5,0.0,0.004761905,0.0,0.0,Mar,2,4,1,8,New_Visitor,False,17,430.8333333,0.6470588235294118,25.343137252941176,0.3725338491584165,False,False,0.0742174873095692
3,150.0,0,0.0,12,271.3333333,0.0,0.014285714,0.0,0.0,Mar,1,1,4,2,New_Visitor,False,15,421.3333333,0.8,28.088888886666663,0.6439873417439863,False,False,0.034621488573321
4,35.125,0,0.0,31,1975.458333,0.0,0.01,0.0,0.0,Mar,2,2,3,3,New_Visitor,True,35,2010.583333,0.8857142857142857,57.44523808571429,0.9825299457010868,False,False,0.022519990139998718
2,31.2,0,0.0,17,2077.166667,0.0,0.011764706,0.0,0.0,Nov,2,2,8,2,Returning_Visitor,True,19,2108.366667,0.8947368421052632,110.96666668421052,0.985201814993407,False,False,0.3028987839282361
0,0.0,0,0.0,145,4108.808442,0.007552448,0.023216783,0.0,0.0,Nov,2,2,4,2,Returning_Visitor,False,145,4108.808442,1.0,28.336609944827583,1.0,True,False,0.2841307734578534
0,0.0,0,0.0,5,186.0666667,0.146666667,0.15952381,0.0,0.0,June,3,2,1,13,Returning_Visitor,False,5,186.0666667,1.0,37.213333340000005,1.0,False,False,0.014595349851020017
4,37.5,2,82.0,4,96.625,0.0,0.0175,0.0,0.0,Nov,2,2,9,2,New_Visitor,False,10,216.125,0.4,21.6125,0.4470792365529207,False,False,0.24980339685701491
3,112.0,0,0.0,20,1187.5,0.0,0.016666667,26.8752,0.0,May,2,2,1,4,Returning_Visitor,False,23,1299.5,0.8695652173913043,56.5,0.913813005001924,False,True,0.9145984744163785
3,29.25,0,0.0,32,1729.75,0.0,0.005714286,16.7293697,0.0,Dec,2,4,3,2,New_Visitor,False,35,1759.0,0.9142857142857144,50.25714285714286,0.983371233655486,True,True,0.8770711210879988
0,0.0,0,0.0,6,224.0,0.0,0.016666667,0.0,0.0,May,4,1,3,2,Returning_Visitor,False,6,224.0,1.0,37.333333333333336,1.0,False,False,0.019176699595210504
8,112.0,0,0.0,27,601.0864146,0.012643678,0.019984651,0.0,0.0,Dec,1,1,2,8,Returning_Visitor,False,35,713.0864146,0.7714285714285715,20.37389756,0.8429362869536289,False,False,0.045212595065897886
0,0.0,0,0.0,13,255.0,0.0,0.015384615,0.0,0.0,Mar,2,4,1,1,Returning_Visitor,True,13,255.0,1.0,19.615384615384617,1.0,False,False,0.02528000065142858
2,42.2,0,0.0,17,440.2261905,0.026315789,0.023684211,0.0,0.0,Jul,3,2,3,1,Returning_Visitor,False,19,482.4261905,0.8947368421052632,25.390852131578946,0.9125254788587188,False,False,0.043598362464675494
4,50.0,4,486.6666667,6,555.6666667,0.0,0.008333333,0.0,0.0,Dec,3,2,1,2,Returning_Visitor,False,14,1092.3333334,0.4285714285714285,78.02380952857142,0.5086969789436254,False,False,0.07789126928113282
0,0.0,0,0.0,4,46.0,0.0,0.05,0.0,0.0,May,1,1,7,2,Returning_Visitor,False,4,46.0,1.0,11.5,1.0,False,False,0.01410505802172722
3,79.4,0,0.0,11,394.0,0.0,0.005555556,0.0,0.0,Aug,3,2,3,1,Returning_Visitor,True,14,473.4,0.7857142857142857,33.81428571428571,0.8322771440642164,False,False,0.034876164716603104
0,0.0,0,0.0,1,0.0,0.2,0.2,0.0,0.0,May,6,7,3,15,Returning_Visitor,False,1,0.0,1.0,0.0,0.0,False,False,0.009870826016162043
4,87.0,0,0.0,14,280.5,0.025,0.04375,0.0,0.0,May,2,2,1,4,Returning_Visitor,False,18,367.5,0.7777777777777778,20.416666666666668,0.763265306122449,False,False,0.02087396294870172
0,0.0,0,0.0,8,32.2,0.125,0.15,0.0,0.0,June,1,1,1,3,Returning_Visitor,False,8,32.2,1.0,4.025,1.0,False,False,0.015316784613801837
3,17.0,0,0.0,18,407.5,0.0,0.02,0.0,0.0,May,2,2,6,5,Returning_Visitor,True,21,424.5,0.8571428571428571,20.214285714285715,0.9599528857479388,False,False,0.026401492785536725
2,48.83333333,6,370.875,22,526.0281385,0.032142857,0.032738095,22.93531071,0.6,May,1,1,1,2,Returning_Visitor,False,30,945.73647183,0.7333333333333333,31.524549061,0.5562100586880566,False,True,0.7038534516516151
0,0.0,0,0.0,25,948.3428571,0.0,0.009,0.0,0.0,Nov,2,4,1,3,Returning_Visitor,False,25,948.3428571,1.0,37.933714284,1.0,False,False,0.12280847836154732
0,0.0,0,0.0,9,218.0,0.0,0.033333333,0.0,0.0,Mar,2,2,6,3,Returning_Visitor,True,9,218.0,1.0,24.22222222222222,1.0,False,False,0.021726086399330515
0,0.0,0,0.0,89,3480.811706,0.002247191,0.014700375,0.0,0.0,Nov,4,2,1,1,Returning_Visitor,True,89,3480.811706,1.0,39.11024388764045,1.0,True,False,0.17101713917246078
2,96.0,0,0.0,37,1238.5,0.005128205,0.016410256,0.0,0.0,Mar,2,2,1,2,New_Visitor,False,39,1334.5,0.9487179487179488,34.217948717948715,0.9280629449231922,False,False,0.05482380722639201
0,0.0,0,0.0,116,3184.815705,0.00015674,0.022635468,0.0,0.0,Nov,2,2,1,10,Returning_Visitor,True,116,3184.815705,1.0,27.45530780172414,1.0,False,False,0.2219215762871331
5,850.0,0,0.0,20,1893.466667,0.0,0.02,0.0,0.0,Oct,2,4,9,2,Returning_Visitor,False,25,2743.466667,0.8,109.73866668,0.6901730171449537,False,False,0.03749680633781369
0,0.0,0,0.0,2,0.0,0.2,0.2,0.0,0.8,May,3,2,3,3,Returning_Visitor,False,2,0.0,1.0,0.0,0.0,False,False,0.007902375466340239
6,110.0,0,0.0,21,884.3333333,0.0,0.016231884,17.94797101,0.0,May,1,2,5,2,Returning_Visitor,False,27,994.3333333,0.7777777777777778,36.8271604925926,0.88937311431074,False,True,0.8035128387995887
3,99.0,0,0.0,58,1261.658333,0.0,0.003452381,0.0,0.0,Nov,1,2,9,2,New_Visitor,False,61,1360.658333,0.9508196721311476,22.30587431147541,0.9272411026346906,True,False,0.2869737820834488
1,113.0,0,0.0,13,935.0,0.0,0.027272727,0.0,0.6,May,1,1,1,2,New_Visitor,False,14,1048.0,0.9285714285714286,74.85714285714286,0.892175572519084,False,False,0.03106587012241369
0,0.0,0,0.0,19,686.5833333,0.0,0.010526316,0.0,0.0,Dec,1,1,5,2,Returning_Visitor,True,19,686.5833333,1.0,36.13596491052632,1.0,False,False,0.038210948059285675
0,0.0,0,0.0,10,211.8333333,0.0,0.04,0.0,0.0,Dec,2,2,3,13,Returning_Visitor,False,10,211.8333333,1.0,21.18333333,1.0,False,False,0.018403965889184894
5,224.5833333,5,84.0,15,674.247619,0.008695652,0.013043478,0.0,0.0,May,3,2,4,2,Returning_Visitor,False,25,982.8309523,0.6,39.313238092,0.6860260326784988,False,False,0.019922468530988766
0,0.0,0,0.0,27,1316.035714,0.0,0.022222222,0.0,0.0,Nov,2,2,1,1,Returning_Visitor,False,27,1316.035714,1.0,48.74206348148149,1.0,False,False,0.12088909351236497
0,0.0,0,0.0,9,69.75,0.088888889,0.122222222,0.0,0.0,Dec,2,2,1,3,Returning_Visitor,False,9,69.75,1.0,7.75,1.0,False,False,0.01561023975213862
0,0.0,0,0.0,20,1511.0,0.0,0.025,0.0,0.6,May,2,2,3,6,Returning_Visitor,False,20,1511.0,1.0,75.55,1.0,False,False,0.014406109656922765
6,149.7619048,3,267.25,120,3934.201024,0.002459016,0.023646,8.788976395,0.0,Nov,2,2,4,2,Returning_Visitor,True,129,4351.2129288,0.9302325581395348,33.73033278139535,0.904161917234649,False,True,0.7350514395044403
0,0.0,0,0.0,26,938.5833333,0.007692308,0.021794872,0.0,0.0,Dec,2,2,6,1,Returning_Visitor,False,26,938.5833333,1.0,36.09935897307693,1.0,False,False,0.02898570022296273
5,56.6,0,0.0,55,1058.338095,0.0,0.007142857,37.21183634,0.0,Nov,2,2,1,3,Returning_Visitor,False,60,1114.938095,0.9166666666666666,18.582301583333333,0.949234849671183,True,True,0.8680377139259841
5,237.25,1,181.0,63,3445.0125,0.011897436,0.028190306,0.0,0.0,Dec,3,2,1,2,Returning_Visitor,False,69,3863.2625,0.9130434782608696,55.989311594202896,0.891736582745801,False,False,0.057422346009893516
0,0.0,0,0.0,27,644.0,0.007692308,0.051923077,0.0,0.0,Mar,3,2,2,3,Returning_Visitor,False,27,644.0,1.0,23.85185185185185,1.0,False,False,0.013960367235907763
0,0.0,0,0.0,17,631.5,0.011764706,0.064705882,0.0,0.8,May,2,2,1,13,Returning_Visitor,False,17,631.5,1.0,37.14705882352941,1.0,False,False,0.012403768711327359
0,0.0,0,0.0,12,142.75,0.016666667,0.043055556,0.0,0.0,Nov,1,1,6,2,Returning_Visitor,False,12,142.75,1.0,11.895833333333334,1.0,False,False,0.18581095742354364
3,148.0,0,0.0,8,292.5,0.0,0.027272727,0.0,0.0,Mar,2,2,1,3,Returning_Visitor,True,11,440.5,0.7272727272727273,40.04545454545455,0.6640181611804767,False,False,0.044292704728137726
2,36.75,2,9.0,20,393.5833333,0.008333333,0.033872603,0.0,0.0,Nov,1,1,3,6,Returning_Visitor,False,24,439.3333333,0.8333333333333334,18.305555554166663,0.8958649468813251,False,False,0.13916077931008927
0,0.0,0,0.0,2,59.0,0.0,0.1,0.0,0.0,May,1,2,1,6,Returning_Visitor,False,2,59.0,1.0,29.5,1.0,False,False,0.011650085263438754
0,0.0,0,0.0,7,360.75,0.0,0.033333333,0.0,0.0,Mar,1,1,1,2,New_Visitor,True,7,360.75,1.0,51.535714285714285,1.0,False,False,0.04089325003808455
3,107.8,0,0.0,11,362.6,0.0,0.004761905,0.0,0.0,Sep,2,2,2,4,Returning_Visitor,False,14,470.4,0.7857142857142857,33.6,0.7708333333333334,False,False,0.06715448398221469
0,0.0,0,0.0,1,0.0,0.2,0.2,0.0,0.0,Mar,2,2,7,1,Returning_Visitor,False,1,0.0,1.0,0.0,0.0,False,False,0.010375284445494362
2,129.0,0,0.0,31,866.7,0.011827957,0.034101382,18.11148387,0.0,May,3,2,6,1,Returning_Visitor,False,33,995.7,0.9393939393939394,30.17272727272728,0.8704429044893041,True,True,0.751224331549332
0,0.0,2,157.5,35,5999.808333,0.005405405,0.027207207,0.0,0.0,Dec,2,2,4,1,Returning_Visitor,True,37,6157.308333,0.945945945945946,166.41373872972972,0.974420641052539,False,False,0.025502295277299785
8,137.075,0,0.0,59,2088.443506,0.006343284,0.023522862,54.07524113,0.0,May,4,2,3,3,Returning_Visitor,False,67,2225.518506,0.8805970149253731,33.21669411940298,0.938407611695681,True,True,0.5503900873857516
1,26.0,2,33.0,6,64.0,0.0,0.022222222,0.0,0.2,May,1,1,3,4,Returning_Visitor,False,9,123.0,0.6666666666666666,13.666666666666666,0.5203252032520326,False,False,0.02868101194810551
1,77.0,1,335.0,33,3583.166667,0.02,0.045170068,11.15734286,0.0,May,2,2,3,11,Returning_Visitor,True,35,3995.166667,0.9428571428571428,114.14761905714286,0.8968753911061803,False,False,0.3694800481273969
6,253.75,3,33.0,19,569.5138889,0.023076923,0.03034188,0.0,0.2,May,3,2,2,3,Returning_Visitor,False,28,856.2638889,0.6785714285714286,30.580853175,0.6651149210924058,False,False,0.018503373139878515
0,0.0,0,0.0,20,968.75,0.015789474,0.018421053,73.98253901,0.0,Dec,1,2,1,1,Returning_Visitor,False,20,968.75,1.0,48.4375,1.0,True,True,0.8038113476399351
0,0.0,0,0.0,3,47.5,0.1,0.166666667,0.0,0.0,Nov,3,3,3,1,Returning_Visitor,False,3,47.5,1.0,15.833333333333334,1.0,False,False,0.05956053205200391
5,70.20765027,0,0.0,89,2542.60431,0.001811594,0.012188596,5.887666731,0.0,Nov,2,2,4,2,Returning_Visitor,False,94,2612.8119602700003,0.946808510638298,27.79587191776596,0.9731294668971336,True,True,0.7788642410588908
8,245.3333333,4,168.5,14,361.5,0.009090909,0.009090909,0.0,0.0,May,1,1,3,3,Returning_Visitor,False,26,775.3333333,0.5384615384615384,29.82051281923077,0.4662510748265799,False,False,0.036607862623835495
2,54.0,0,0.0,11,220.9666667,0.020512821,0.029487179,0.0,0.0,May,1,1,4,6,Returning_Visitor,False,13,274.9666667,0.8461538461538461,21.15128205384616,0.8036125591218798,False,False,0.012922779592051471
1,114.8,0,0.0,10,951.4333333,0.0,0.018181818,0.0,0.0,Sep,3,2,6,1,Returning_Visitor,False,11,1066.2333333,0.9090909090909092,96.93030302727271,0.892331259570836,False,False,0.03968635359121531
0,0.0,1,37.0,15,497.3333333,0.0125,0.0375,0.0,0.0,Mar,1,1,2,1,Returning_Visitor,False,16,534.3333333,0.9375,33.39583333125,0.930754834680646,False,False,0.021592347599378447
2,88.0,10,719.0,54,1986.553118,0.005128205,0.019939049,25.82676446,0.0,Dec,1,1,2,2,Returning_Visitor,False,66,2793.553118,0.8181818181818182,42.32656239393939,0.7111205815990502,False,True,0.6401515912461923
7,213.3916667,0,0.0,32,1350.391667,0.0,0.017877551,0.0,0.0,Mar,2,2,1,8,Returning_Visitor,True,39,1563.7833337000002,0.8205128205128205,40.09700855641026,0.8635414113315153,False,False,0.03514138785545357
9,268.5,0,0.0,8,407.5,0.0,0.0275,0.0,0.0,Dec,3,2,3,8,Returning_Visitor,False,17,676.0,0.4705882352941176,39.76470588235294,0.602810650887574,False,False,0.06998383848192834
0,0.0,0,0.0,2,0.0,0.2,0.2,0.0,0.0,Nov,1,1,9,1,Returning_Visitor,False,2,0.0,1.0,0.0,0.0,False,False,0.04125764101729102
1,7.0,0,0.0,39,1118.833333,0.005405405,0.019099099,0.0,0.0,Nov,2,2,6,13,Returning_Visitor,False,40,1125.833333,0.975,28.145833325,0.9937823834178482,False,False,0.14077539301020564
0,0.0,0,0.0,17,287.75,0.073529412,0.121568627,0.0,0.6,May,2,2,1,4,Returning_Visitor,False,17,287.75,1.0,16.926470588235293,1.0,False,False,0.01157818985129674
5,77.08333333,2,96.5,15,2106.833333,0.014285714,0.037301587,0.0,0.0,Nov,1,1,4,2,Returning_Visitor,True,22,2280.41666633,0.6818181818181818,103.65530301500002,0.923880869714324,True,False,0.1567957207257433
2,19.0,0,0.0,11,658.9166667,0.0,0.015384615,0.0,0.0,Dec,2,2,1,2,Returning_Visitor,False,13,677.9166667,0.8461538461538461,52.1474359,0.9719729563627796,False,False,0.06891737233936711
4,85.92857143,0,0.0,39,681.7619048,0.015384615,0.032988166,0.0,0.0,May,1,1,7,3,Returning_Visitor,False,43,767.6904762300001,0.9069767441860463,17.85326688906977,0.8880687280999227,False,False,0.013880260726458
0,0.0,4,82.5,22,1087.986111,0.007692308,0.020244755,0.0,0.0,Nov,3,2,3,2,Returning_Visitor,False,26,1170.486111,0.8461538461538461,45.01869657692308,0.9295164639505918,False,False,0.21384235709597962
1,15.2,0,0.0,11,201.6333333,0.005555556,0.05,31.49043616,0.0,June,2,2,5,2,Returning_Visitor,False,12,216.8333333,0.9166666666666666,18.069444441666665,0.9299000768531746,True,True,0.8606182105372869
0,0.0,0,0.0,24,832.0,0.0,0.020289855,21.92521348,0.0,Mar,2,6,6,1,Returning_Visitor,False,24,832.0,1.0,34.666666666666664,1.0,False,True,0.745885831035561
0,0.0,0,0.0,22,1443.25,0.063636364,0.109090909,0.0,0.8,May,2,2,1,13,Returning_Visitor,False,22,1443.25,1.0,65.60227272727273,1.0,False,False,0.008562570508252503
0,0.0,0,0.0,3,208.5,0.111111111,0.1,0.0,0.2,May,3,2,2,13,Returning_Visitor,False,3,208.5,1.0,69.5,1.0,False,False,0.007352280426441056
4,60.0,0,0.0,33,841.0333333,0.015151515,0.043434343,0.0,0.4,May,2,1,7,4,Returning_Visitor,False,37,901.0333333,0.8918918918918919,24.352252251351352,0.9334097887585886,False,False,0.012632698617958304
0,0.0,0,0.0,14,108.0,0.0,0.007142857,0.0,0.0,May,2,2,1,19,Returning_Visitor,False,14,108.0,1.0,7.714285714285714,1.0,False,False,0.01745884487609842
0,0.0,0,0.0,2,64.0,0.0,0.1,0.0,0.0,Feb,2,2,1,2,Returning_Visitor,False,2,64.0,1.0,32.0,1.0,False,False,0.03882613335750632
0,0.0,0,0.0,7,370.8333333,0.028571429,0.057142857,0.0,0.0,Mar,2,2,2,3,Returning_Visitor,False,7,370.8333333,1.0,52.97619047142857,1.0,False,False,0.015966953300914962
4,900.5,0,0.0,14,1957.5,0.0,0.014117647,105.260972,0.0,Dec,1,1,3,10,Returning_Visitor,False,18,2858.0,0.7777777777777778,158.77777777777777,0.6849195241427571,True,True,0.819602262153469
1,11.0,0,0.0,51,1059.253472,0.010588235,0.022643039,0.0,0.0,Mar,3,2,6,3,Returning_Visitor,False,52,1070.253472,0.9807692307692308,20.58179753846154,0.9897220609063344,False,False,0.019783281481549474
2,45.5,0,0.0,22,535.0,0.0,0.025,9.650250036,0.0,Nov,2,2,3,11,Returning_Visitor,True,24,580.5,0.9166666666666666,24.1875,0.921619293712317,True,True,0.863702651485552
2,34.0,0,0.0,21,521.5,0.018181818,0.021212121,0.0,0.0,Mar,3,2,5,1,Returning_Visitor,True,23,555.5,0.9130434782608696,24.15217391304348,0.9387938793879388,False,False,0.016710861343612732
0,0.0,0,0.0,19,866.3333333,0.0,0.025,14.58941181,0.0,Dec,2,4,3,2,Returning_Visitor,True,19,866.3333333,1.0,45.59649122631579,1.0,False,True,0.8815838426680813
2,62.5,0,0.0,17,548.3333333,0.0,0.031372549,0.0,0.0,Mar,2,2,1,2,Returning_Visitor,False,19,610.8333333,0.8947368421052632,32.14912280526316,0.8976807639780453,False,False,0.04428413598940721
0,0.0,0,0.0,1,0.0,0.2,0.2,0.0,0.0,May,1,1,7,3,Returning_Visitor,False,1,0.0,1.0,0.0,0.0,False,False,0.009419542598765462
0,0.0,0,0.0,22,848.8407143,0.0,0.00952381,0.0,0.0,June,2,4,3,2,Returning_Visitor,False,22,848.8407143,1.0,38.58366883181818,1.0,False,False,0.048334682171886294
2,35.5,0,0.0,29,3296.65,0.009677419,0.021935484,18.25059634,0.0,Dec,4,2,9,8,Returning_Visitor,False,31,3332.15,0.935483870967742,107.48870967741937,0.9893462179073572,False,True,0.8216267888646794
2,34.0,0,0.0,8,358.0,0.0,0.02,0.0,0.0,Mar,2,2,1,2,Returning_Visitor,False,10,392.0,0.8,39.2,0.9132653061224488,False,False,0.05721512798031739
12,255.5166667,0,0.0,38,436.8583333,0.0,0.010852713,0.0,0.0,Oct,2,2,7,5,Returning_Visitor,True,50,692.375,0.76,13.8475,0.6309562495757357,False,False,0.04856467817553093
0,0.0,0,0.0,8,85.5,0.075,0.1,0.0,0.0,May,2,2,1,1,Returning_Visitor,False,8,85.5,1.0,10.6875,1.0,False,False,0.009441794812637868
0,0.0,0,0.0,1,0.0,0.2,0.2,0.0,0.0,Mar,2,2,9,2,New_Visitor,True,1,0.0,1.0,0.0,0.0,False,False,0.022141259957270065
0,0.0,3,103.1666667,21,1586.333333,0.016666667,0.033333333,0.0,0.0,May,2,2,1,2,Returning_Visitor,False,24,1689.4999997,0.875,70.39583332083333,0.938936568974064,False,False,0.026377100076192924
0,0.0,0,0.0,13,574.6666667,0.0,0.061538462,0.0,0.0,Mar,2,2,8,1,Returning_Visitor,False,13,574.6666667,1.0,44.205128207692304,1.0,False,False,0.017785435663441276
3,875.0,0,0.0,34,780.7916667,0.0,0.015675676,0.0,0.0,Dec,4,2,3,2,Returning_Visitor,True,37,1655.7916667,0.918918918918919,44.75112612702703,0.4715518760014786,False,False,0.02624524825917418
0,0.0,0,0.0,1,0.0,0.2,0.2,0.0,0.0,May,3,3,1,3,Returning_Visitor,False,1,0.0,1.0,0.0,0.0,False,False,0.008328141806980119
0,0.0,0,0.0,2,22.0,0.0,0.1,0.0,0.0,Nov,3,2,3,3,Returning_Visitor,False,2,22.0,1.0,11.0,1.0,False,False,0.05841110202390221
0,0.0,0,0.0,7,182.5,0.085714286,0.076190476,0.0,0.0,Nov,3,2,3,13,Returning_Visitor,False,7,182.5,1.0,26.071428571428573,1.0,False,False,0.06599444055352734
0,0.0,0,0.0,12,198.0,0.016666667,0.075,0.0,0.0,Mar,2,2,3,2,Returning_Visitor,False,12,198.0,1.0,16.5,1.0,False,False,0.02411241680014607
5,175.9166667,0,0.0,12,276.25,0.013333333,0.046666667,0.0,0.0,Dec,3,2,1,3,Returning_Visitor,False,17,452.1666667,0.7058823529411765,26.59803921764706,0.6109472907769298,True,False,0.03958283042059781
2,23.0,0,0.0,22,335.6666667,0.0,0.011904762,0.0,0.0,May,2,2,1,2,New_Visitor,True,24,358.6666667,0.9166666666666666,14.944444445833334,0.9358736059539152,False,False,0.037566034289758354
9,146.0,0,0.0,49,1592.133333,0.003636364,0.02,3.490036364,0.0,May,2,2,3,4,Returning_Visitor,True,58,1738.133333,0.8448275862068966,29.96781608620689,0.9160018410394296,False,False,0.23492901777539735
0,0.0,0,0.0,14,244.0,0.004761905,0.047619048,0.0,0.0,May,2,4,1,4,Returning_Visitor,False,14,244.0,1.0,17.428571428571427,1.0,False,False,0.0198198398518371
0,0.0,0,0.0,6,50.0,0.033333333,0.066666667,0.0,0.0,May,2,5,6,4,Returning_Visitor,False,6,50.0,1.0,8.333333333333334,1.0,False,False,0.014594458495382285
0,0.0,0,0.0,4,59.0,0.125,0.175,0.0,0.8,May,2,2,4,1,Returning_Visitor,False,4,59.0,1.0,14.75,1.0,False,False,0.008747040513082121
4,224.0,1,32.0,20,789.35,0.0,0.002721088,0.0,0.0,Mar,1,2,4,2,Returning_Visitor,False,25,1045.35,0.8,41.81399999999999,0.7551059453771465,False,False,0.029106615079166853
3,23.0,0,0.0,16,431.9,0.010526316,0.033684211,0.0,0.0,Jul,2,2,7,13,Returning_Visitor,True,19,454.9,0.8421052631578947,23.94210526315789,0.9494394372389536,False,False,0.04779713568166585
0,0.0,0,0.0,24,1483.333333,0.008333333,0.026388889,0.0,0.4,May,2,4,2,3,Returning_Visitor,False,24,1483.333333,1.0,61.80555554166667,1.0,False,False,0.015230491473477352
2,530.5,2,9.0,9,452.25,0.026666667,0.053333333,0.0,0.0,Dec,1,1,7,2,Returning_Visitor,False,13,991.75,0.6923076923076923,76.28846153846153,0.4560120998235442,False,False,0.0368926895239632
0,0.0,0,0.0,4,57.0,0.1,0.15,0.0,0.0,May,1,1,3,3,Returning_Visitor,True,4,57.0,1.0,14.25,1.0,False,False,0.009525285347277692
7,356.675,0,0.0,72,1636.258333,0.005333333,0.007733333,0.0,0.0,Oct,2,2,4,4,Returning_Visitor,False,79,1992.933333,0.9113924050632912,25.227004215189872,0.8210301397974561,False,False,0.0279297790118397
2,87.83333333,1,113.0,67,4868.0,0.0,0.003174603,48.45370723,0.0,Dec,2,2,5,2,Returning_Visitor,False,70,5068.83333333,0.9571428571428572,72.41190476185714,0.9603787853884592,True,True,0.6492711942174214
4,131.1,0,0.0,13,777.05,0.0,0.003921569,0.0,0.0,Oct,2,2,1,2,Returning_Visitor,False,17,908.15,0.7647058823529411,53.42058823529412,0.8556405880085889,False,False,0.08475642678759679
0,0.0,0,0.0,2,0.0,0.2,0.2,0.0,0.0,Nov,2,10,2,10,Returning_Visitor,False,2,0.0,1.0,0.0,0.0,False,False,0.08472415279380173
2,21.25,0,0.0,33,968.6444444,0.019191919,0.023480257,0.0,0.0,Nov,3,2,1,8,Returning_Visitor,True,35,989.8944444,0.9428571428571428,28.282698411428573,0.9785330646916802,False,False,0.1905557084703498
1,23.2,0,0.0,4,44.8,0.0,0.05,0.0,0.0,June,2,10,7,4,Returning_Visitor,True,5,68.0,0.8,13.6,0.6588235294117647,False,False,0.03896452535101704
1,11.0,0,0.0,5,71.0,0.0,0.033333333,0.0,0.0,Mar,2,2,6,3,Returning_Visitor,False,6,82.0,0.8333333333333334,13.666666666666666,0.8658536585365854,False,False,0.029667253774664514
0,0.0,1,134.3333333,16,765.4454545,0.006666667,0.006,0.0,0.8,May,2,10,1,1,Returning_Visitor,False,17,899.7787877999999,0.9411764705882352,52.92816398823529,0.8507040451259681,False,False,0.018651441647457034
0,0.0,0,0.0,18,481.4,0.068518519,0.091604938,0.0,0.0,Aug,3,2,3,3,Returning_Visitor,False,18,481.4,1.0,26.744444444444444,1.0,False,False,0.015336288434723821
0,0.0,0,0.0,9,303.6666667,0.005555556,0.046296296,0.0,0.0,Feb,2,4,5,2,Returning_Visitor,False,9,303.6666667,1.0,33.740740744444444,1.0,False,False,0.045335617454174866
0,0.0,0,0.0,3,69.0,0.0,0.066666667,0.0,1.0,May,3,2,1,20,Returning_Visitor,True,3,69.0,1.0,23.0,1.0,False,False,0.013932510226720072
4,96.8,1,535.0,9,1888.2,0.0,0.027272727,0.0,0.0,Nov,2,2,9,2,Returning_Visitor,False,14,2520.0,0.6428571428571429,180.0,0.7492857142857143,False,False,0.208746396044695
0,0.0,0,0.0,3,0.0,0.2,0.2,0.0,0.0,Nov,2,2,5,1,Returning_Visitor,False,3,0.0,1.0,0.0,0.0,False,False,0.04889258902590015
0,0.0,0,0.0,31,1008.416667,0.0,0.007881773,0.0,0.0,May,2,6,1,2,Returning_Visitor,False,31,1008.416667,1.0,32.529569903225806,1.0,False,False,0.018575183719679915
9,306.46,0,0.0,40,550.7095238,0.0,0.00952381,0.0,0.0,Sep,2,2,1,2,Returning_Visitor,False,49,857.1695238,0.8163265306122449,17.4932555877551,0.6424744563462745,False,False,0.0746243560997097
3,120.6,3,183.8,85,1813.753466,0.0,0.005699436,0.858361456,0.0,Aug,2,2,3,4,Returning_Visitor,False,91,2118.153466,0.934065934065934,23.27641171428571,0.8562899219125797,False,False,0.39805482005451615
0,0.0,0,0.0,18,2335.125,0.0,0.033333333,0.0,0.0,Nov,2,2,1,3,Returning_Visitor,False,18,2335.125,1.0,129.72916666666666,1.0,False,False,0.13551756402819204
2,38.5,0,0.0,28,770.3095238,0.026666667,0.035396825,0.0,0.0,Nov,1,1,1,3,Returning_Visitor,False,30,808.8095238,0.9333333333333332,26.96031746,0.9523991757427424,False,False,0.11802857039840443
0,0.0,0,0.0,11,2076.75,0.036363636,0.081818182,0.0,0.0,Nov,2,2,4,3,Returning_Visitor,False,11,2076.75,1.0,188.79545454545453,1.0,False,False,0.0723554232490174
0,0.0,0,0.0,12,155.0,0.066666667,0.091666667,0.0,0.0,Nov,4,2,1,1,Returning_Visitor,False,12,155.0,1.0,12.916666666666666,1.0,False,False,0.07470470490525401
0,0.0,0,0.0,16,898.7583333,0.00625,0.014583333,0.0,0.0,Nov,1,1,1,1,Returning_Visitor,False,16,898.7583333,1.0,56.17239583125,1.0,True,False,0.1277451076219567
0,0.0,0,0.0,3,55.0,0.0,0.066666667,0.0,0.0,Mar,2,2,1,10,Returning_Visitor,False,3,55.0,1.0,18.33333333333333,1.0,False,False,0.02772765475815068
2,37.33333333,0,0.0,31,1552.883333,0.0,0.008333333,0.0,0.0,May,2,2,3,2,Returning_Visitor,False,33,1590.21666633,0.9393939393939394,48.18838382818182,0.9765231152958797,False,False,0.021007742275783784
14,603.9,2,52.4,46,1760.657143,0.01010929,0.0254213,2.006032937,0.0,Sep,1,1,6,4,Returning_Visitor,True,62,2416.957143,0.7419354838709677,38.98317972580645,0.7284602245013826,False,False,0.36263080524758523
0,0.0,0,0.0,3,823.5,0.0,0.066666667,0.0,0.0,Dec,2,2,3,8,Returning_Visitor,False,3,823.5,1.0,274.5,1.0,False,False,0.030749402262650678
8,246.5,0,0.0,74,2326.666667,0.0,0.002597403,5.015272727,0.0,May,2,4,3,2,New_Visitor,False,82,2573.166667,0.902439024390244,31.380081304878047,0.9042036401445426,False,False,0.30446068023028283
0,0.0,0,0.0,28,527.8333333,0.02962963,0.048148148,0.0,0.0,Oct,2,2,2,13,Returning_Visitor,False,28,527.8333333,1.0,18.851190475000003,1.0,False,False,0.0227397630637539
5,210.7777778,3,215.0,33,1887.694444,0.008571429,0.032380952,11.69485714,0.0,May,3,2,3,13,Returning_Visitor,False,41,2313.4722218,0.8048780487804879,56.42615175121951,0.8159572551648263,True,False,0.21260405877500846
0,0.0,0,0.0,5,226.0,0.086666667,0.133333333,0.0,0.0,May,1,1,1,1,Returning_Visitor,False,5,226.0,1.0,45.2,1.0,False,False,0.009536014509495946
9,352.2333333,0,0.0,49,2268.900677,0.0,0.017407407,0.0,0.0,Aug,1,2,9,2,Returning_Visitor,False,58,2621.1340103,0.8448275862068966,45.19196569482759,0.8656179608078545,False,False,0.0384641429294732
0,0.0,0,0.0,10,249.0,0.04,0.064,0.0,0.0,Nov,1,1,8,3,Returning_Visitor,False,10,249.0,1.0,24.9,1.0,False,False,0.07729278440475215
1,21.2,0,0.0,0,0.0,0.05,0.1,0.0,0.0,Oct,1,1,1,5,Returning_Visitor,False,1,21.2,0.0,21.2,0.0,False,False,0.09411015369844895
4,34.2,0,0.0,27,809.6933333,0.023214286,0.033826531,27.6509675,0.0,Sep,3,2,4,13,Returning_Visitor,True,31,843.8933333,0.8709677419354839,27.222365590322585,0.9594735511581034,False,True,0.6744382280511226
2,190.4,1,274.0,39,1321.853333,0.00952381,0.018253968,0.0,0.0,Aug,2,2,8,4,Returning_Visitor,False,42,1786.253333,0.9285714285714286,42.52984126190477,0.7400144809134975,False,False,0.039412350845502805
0,0.0,0,0.0,4,97.0,0.0,0.05,0.0,0.0,Mar,2,2,2,1,Returning_Visitor,False,4,97.0,1.0,24.25,1.0,False,False,0.01637386768294279
3,76.75,1,0.0,36,1100.916667,0.007692308,0.015262515,18.99269231,0.0,May,2,2,1,2,Returning_Visitor,False,40,1177.666667,0.9,29.441666675,0.9348287574483928,False,True,0.8811444791164994
0,0.0,0,0.0,2,0.0,0.2,0.2,0.0,0.0,June,3,2,4,13,Returning_Visitor,False,2,0.0,1.0,0.0,0.0,False,False,0.010312448781121598
0,0.0,0,0.0,3,9.0,0.066666667,0.133333333,0.0,0.0,May,2,2,2,3,Returning_Visitor,True,3,9.0,1.0,3.0,1.0,False,False,0.010754307628775078
2,52.0,0,0.0,24,427.0833333,0.026388889,0.059722222,0.0,0.0,Mar,2,2,1,1,Returning_Visitor,False,26,479.0833333,0.9230769230769232,18.42628205,0.8914593842331856,False,False,0.017130399213028
1,0.0,0,0.0,19,2236.9,0.0,0.027777778,19.59533333,0.0,May,4,1,2,4,Returning_Visitor,True,20,2236.9,0.95,111.845,1.0,True,True,0.8696867347884311
0,0.0,0,0.0,7,140.4583333,0.028571429,0.034285714,0.0,0.0,Nov,3,3,9,2,Returning_Visitor,False,7,140.4583333,1.0,20.065476185714285,1.0,False,False,0.1403493788067116
1,56.5,0,0.0,16,541.875,0.0,0.0125,15.14864831,0.0,Nov,2,4,9,8,New_Visitor,False,17,598.375,0.9411764705882352,35.1985294117647,0.905577606016294,True,True,0.9252212723243965
0,0.0,0,0.0,20,606.0,0.0,0.011111111,0.0,0.0,Mar,2,2,6,1,Returning_Visitor,False,20,606.0,1.0,30.3,1.0,False,False,0.022146222723530312
0,0.0,0,0.0,41,3389.8,0.032478632,0.05019425,0.0,0.0,Sep,2,4,3,1,Returning_Visitor,False,41,3389.8,1.0,82.67804878048781,1.0,False,False,0.03513425414203272
0,0.0,0,0.0,9,58.0,0.155555556,0.177777778,0.0,0.0,May,1,1,1,3,Returning_Visitor,True,9,58.0,1.0,6.444444444444445,1.0,False,False,0.010250394791793618
0,0.0,0,0.0,84,4894.851299,0.002682927,0.028446662,0.0,0.0,Nov,2,2,3,1,Returning_Visitor,True,84,4894.851299,1.0,58.272039273809526,1.0,True,False,0.20873071060199755
1,10.0,0,0.0,5,354.9,0.0,0.06,0.0,0.0,Sep,2,2,5,1,Returning_Visitor,False,6,364.9,0.8333333333333334,60.81666666666666,0.9725952315702932,False,False,0.0435972578979549
1,0.0,0,0.0,25,293.4166667,0.0,0.013461538,0.0,0.0,Nov,3,2,3,10,Returning_Visitor,True,26,293.4166667,0.9615384615384616,11.285256411538462,1.0,False,False,0.1483333664211024
0,0.0,0,0.0,4,90.5,0.1,0.166666667,0.0,0.0,Nov,3,2,1,10,Returning_Visitor,False,4,90.5,1.0,22.625,1.0,False,False,0.09371108073681561
0,0.0,0,0.0,4,47.5,0.0,0.05,0.0,0.0,Nov,2,5,1,2,Returning_Visitor,False,4,47.5,1.0,11.875,1.0,False,False,0.22469226113935387
0,0.0,0,0.0,3,41.0,0.0,0.033333333,0.0,0.0,Mar,2,2,1,3,Returning_Visitor,True,3,41.0,1.0,13.666666666666666,1.0,False,False,0.020144766272990604
5,77.5,0,0.0,5,90.33333333,0.025,0.04375,0.0,0.0,May,3,2,1,13,Returning_Visitor,False,10,167.83333333000002,0.5,16.783333333,0.5382323733771247,False,False,0.017129443878177983
7,60.29166667,0,0.0,8,108.5,0.013333333,0.048666667,0.0,0.0,Dec,2,2,2,6,Returning_Visitor,False,15,168.79166666999998,0.5333333333333333,11.252777778,0.6428042458525243,False,False,0.07097339522578396
0,0.0,0,0.0,1,0.0,0.2,0.2,0.0,0.0,Nov,1,1,3,2,Returning_Visitor,False,1,0.0,1.0,0.0,0.0,False,False,0.12853716495439016
0,0.0,0,0.0,1,0.0,0.2,0.2,0.0,0.0,Mar,2,4,1,3,Returning_Visitor,False,1,0.0,1.0,0.0,0.0,False,False,0.013856758279251742
2,47.0,0,0.0,42,1528.382468,0.0,0.004761905,17.69657143,1.0,May,1,1,1,4,New_Visitor,True,44,1575.382468,0.9545454545454546,35.804147,0.97016597495866,True,True,0.8995909403377261
0,0.0,0,0.0,13,281.547619,0.003846154,0.017307692,0.0,0.0,Mar,1,1,2,2,Returning_Visitor,True,13,281.547619,1.0,21.65750915384616,1.0,False,False,0.03761787083962948
5,147.0,0,0.0,36,3473.733333,0.015384615,0.033333333,0.0,0.0,May,2,2,6,3,Returning_Visitor,False,41,3620.733333,0.8780487804878049,88.31056909756097,0.9594004897681316,False,False,0.01469639354322914
1,27.5,3,17.0,1,10.0,0.0,0.04,0.0,0.0,Nov,1,1,1,8,New_Visitor,False,5,54.5,0.2,10.9,0.1834862385321101,True,False,0.22547693576187403
4,32.0,1,43.5,311,12500.35306,0.001387656,0.014687275,0.0,0.0,Nov,2,2,7,2,Returning_Visitor,False,316,12575.85306,0.9841772151898734,39.79700335443038,0.9939964311256037,False,False,0.35986043187782435
8,236.8333333,0,0.0,20,411.3888889,0.00952381,0.016825397,17.39171429,0.0,May,3,2,3,3,Returning_Visitor,True,28,648.2222222,0.7142857142857143,23.15079365,0.6346417552668715,True,True,0.6455053075608892
1,7.625,0,0.0,21,1104.9,0.0,0.014603175,0.0,0.0,Dec,2,2,1,1,Returning_Visitor,False,22,1112.525,0.9545454545454546,50.56931818181818,0.9931462214332262,False,False,0.03639922949103119
0,0.0,0,0.0,4,0.0,0.2,0.2,0.0,0.0,Aug,2,2,2,4,Returning_Visitor,False,4,0.0,1.0,0.0,0.0,False,False,0.021048025261860552
5,163.0,0,0.0,5,25.0,0.02,0.04,0.0,0.0,Oct,2,2,2,20,New_Visitor,True,10,188.0,0.5,18.8,0.1329787234042553,False,False,0.1622107772797092
1,6.0,0,0.0,7,212.0,0.0,0.025,0.0,0.0,Nov,1,1,1,3,Returning_Visitor,False,8,218.0,0.875,27.25,0.9724770642201837,False,False,0.12635638764622298
0,0.0,0,0.0,52,2180.217803,0.0,0.012515263,0.0,0.0,Dec,2,2,4,2,Returning_Visitor,False,52,2180.217803,1.0,41.92726544230769,1.0,False,False,0.033234846461211685
6,60.0,2,61.0,23,1031.704762,0.0,0.007111111,33.14784917,0.0,Mar,4,2,9,10,Returning_Visitor,True,31,1152.704762,0.7419354838709677,37.184024580645165,0.8950294958528158,True,True,0.8193311072921658
14,173.55,0,0.0,164,4155.746883,0.002514286,0.01343784,13.76473644,0.0,Nov,2,2,3,2,Returning_Visitor,False,178,4329.296883,0.9213483146067416,24.3218926011236,0.9599126591014157,True,True,0.8453610395530323
5,267.5,0,0.0,5,62.5,0.022222222,0.044444444,0.0,0.0,Mar,2,2,2,3,New_Visitor,True,10,330.0,0.5,33.0,0.1893939393939394,False,False,0.09645253116086239
0,0.0,0,0.0,8,764.6666667,0.025,0.04375,0.0,0.0,Nov,3,2,4,10,Returning_Visitor,False,8,764.6666667,1.0,95.5833333375,1.0,False,False,0.0914372281418906
4,271.2,0,0.0,4,144.6,0.0,0.014285714,0.0,0.0,Oct,3,2,1,2,Returning_Visitor,False,8,415.8,0.5,51.975,0.3477633477633478,False,False,0.09429146235368327
10,117.3333333,0,0.0,28,631.9896825,0.017647059,0.022794118,10.16517157,0.0,Mar,3,7,1,2,Returning_Visitor,False,38,749.3230158,0.7368421052631579,19.719026731578943,0.8434142141293612,True,True,0.5856749927011844
5,91.31666667,0,0.0,29,1352.976722,0.01125,0.024522672,7.91345877,0.0,Nov,1,1,6,1,Returning_Visitor,False,34,1444.29338867,0.8529411764705882,42.47921731382353,0.9367741572547872,False,True,0.7272332616462509
5,31.7,3,239.2,3,78.5,0.0,0.008333333,0.0,0.0,Sep,2,2,1,5,New_Visitor,False,11,349.4,0.2727272727272727,31.76363636363636,0.2246708643388666,False,False,0.15849059316134234
3,89.6,0,0.0,57,1721.906667,0.0,0.005932203,204.0079491,0.0,Nov,2,2,1,4,Returning_Visitor,True,60,1811.506667,0.95,30.191777783333333,0.9505384100250734,True,True,0.9240123715897017
0,0.0,0,0.0,2,46.5,0.0,0.05,0.0,0.0,Dec,1,1,2,2,New_Visitor,False,2,46.5,1.0,23.25,1.0,False,False,0.054117567228437795
10,161.7083333,1,0.0,126,2645.833333,0.004511278,0.01597088,2.776907268,0.6,May,3,2,2,3,Returning_Visitor,False,137,2807.5416663,0.9197080291970804,20.49300486350365,0.94240216085088,False,False,0.07329077581021419
0,0.0,0,0.0,41,898.15,0.0,0.011282051,19.51010101,0.0,Dec,2,5,3,1,Returning_Visitor,False,41,898.15,1.0,21.90609756097561,1.0,True,True,0.8489838568413882
5,85.25,0,0.0,3,36.25,0.0,0.00952381,0.0,0.0,Nov,2,4,4,2,Returning_Visitor,False,8,121.5,0.375,15.1875,0.2983539094650205,False,False,0.2665825217911786
0,0.0,0,0.0,6,13.0,0.133333333,0.166666667,0.0,0.0,Mar,2,2,1,3,Returning_Visitor,False,6,13.0,1.0,2.1666666666666665,1.0,False,False,0.012565085000468827
2,32.7,0,0.0,6,812.35,0.018181818,0.036709957,24.16451021,0.0,Aug,3,2,1,2,Returning_Visitor,False,8,845.0500000000001,0.75,105.63125,0.9613040648482338,False,True,0.7323870186058405
4,54.4,0,0.0,68,2889.946154,0.002898551,0.008789401,0.0,0.0,June,4,1,4,1,Returning_Visitor,False,72,2944.3461540000003,0.9444444444444444,40.89369658333334,0.9815239115393768,False,False,0.031247078399584634
0,0.0,0,0.0,2,0.0,0.2,0.2,0.0,0.6,May,2,2,7,3,Returning_Visitor,False,2,0.0,1.0,0.0,0.0,False,False,0.010003366479108657
0,0.0,0,0.0,3,14.0,0.0,0.066666667,0.0,0.0,Mar,4,1,3,3,Returning_Visitor,False,3,14.0,1.0,4.666666666666667,1.0,False,False,0.013777517366534485
1,15.0,1,0.0,62,969.15,0.001092896,0.027790788,0.0,0.0,May,2,2,3,2,Returning_Visitor,False,64,984.15,0.96875,15.37734375,0.9847584209724128,False,False,0.01953266201404494
0,0.0,0,0.0,50,1369.75,0.020408163,0.043307169,3.241653061,0.6,May,2,2,1,2,Returning_Visitor,False,50,1369.75,1.0,27.395,1.0,False,False,0.4795629985538253
0,0.0,0,0.0,18,860.5603175,0.0,0.009705882,0.0,0.0,Oct,3,2,6,1,Returning_Visitor,False,18,860.5603175,1.0,47.80890652777778,1.0,False,False,0.026752237227176703
1,85.0,0,0.0,14,306.5,0.0,0.004444444,0.0,0.0,Mar,2,2,3,2,Returning_Visitor,False,15,391.5,0.9333333333333332,26.1,0.7828863346104725,False,False,0.03476614063855531
1,34.0,0,0.0,36,646.2857143,0.0,0.005882353,0.0,0.0,May,2,4,6,3,Returning_Visitor,False,37,680.2857143,0.972972972972973,18.386100386486486,0.950020999581058,False,False,0.01883591825134936
10,204.0952381,1,170.0,138,4042.949908,0.004026846,0.01446207,18.21579469,0.0,Dec,2,2,1,6,Returning_Visitor,False,149,4417.0451461,0.9261744966442952,29.64459829597316,0.9153064490567172,True,False,0.4443822598714748
2,11.0,0,0.0,72,1706.064885,0.011111111,0.021240391,0.0,0.0,Nov,1,1,3,2,Returning_Visitor,False,74,1717.064885,0.972972972972973,23.203579527027028,0.9935937190865096,False,False,0.3081248251903891
6,145.0,0,0.0,85,1704.580556,0.002930403,0.02539857,0.0,0.0,Nov,1,2,3,2,Returning_Visitor,False,91,1849.580556,0.934065934065934,20.325061054945053,0.921603847137329,True,False,0.29376322036169794
0,0.0,1,255.0,15,1418.25,0.0,0.00625,0.0,0.0,Mar,2,2,3,1,Returning_Visitor,False,16,1673.25,0.9375,104.578125,0.8476019722097714,False,False,0.021996704954464603
5,43.0,0,0.0,36,725.3333333,0.005714286,0.017142857,0.0,0.0,Sep,2,2,3,13,Returning_Visitor,False,41,768.3333333,0.8780487804878049,18.739837397560976,0.9440347071559234,False,False,0.03471101850303294
0,0.0,0,0.0,30,1224.75,0.0,0.007142857,21.04864167,0.0,Mar,2,4,2,2,New_Visitor,False,30,1224.75,1.0,40.825,1.0,True,True,0.9221949353667889
4,218.9666667,0,0.0,12,672.7,0.0,0.004444444,83.10114264,0.0,Nov,2,2,3,2,Returning_Visitor,True,16,891.6666667000001,0.75,55.72916666875,0.7544299065138531,True,True,0.8898871450966515
8,194.2916667,5,759.5,23,1291.35119,0.013131313,0.020454545,41.67776195,0.0,Dec,3,3,1,2,Returning_Visitor,True,36,2245.1428567000003,0.6388888888888888,62.36507935277778,0.5751755110577147,False,True,0.5104885259711113
8,114.5,0,0.0,36,513.4,0.004166667,0.035238095,16.09065,0.6,May,2,2,1,3,Returning_Visitor,False,44,627.9,0.8181818181818182,14.270454545454545,0.817646121993948,False,True,0.6162191072458616
6,276.75,0,0.0,12,342.125,0.0,0.007142857,0.0,0.0,Nov,1,2,3,2,New_Visitor,False,18,618.875,0.6666666666666666,34.38194444444444,0.5528176126035145,False,False,0.27214643488494206
0,0.0,0,0.0,7,178.25,0.028571429,0.057142857,0.0,0.0,Dec,2,10,6,3,Returning_Visitor,False,7,178.25,1.0,25.464285714285715,1.0,False,False,0.022049294725873136
4,98.91666667,0,0.0,110,4096.712716,0.002654867,0.011061947,0.0,0.0,Nov,1,2,6,2,Returning_Visitor,False,114,4195.62938267,0.9649122807017544,36.803766514649126,0.9764238788395908,False,False,0.3746937096220455
1,75.0,4,250.6666667,44,1679.833333,0.0,0.001086957,45.8293144,0.0,Mar,2,2,1,2,New_Visitor,True,49,2005.4999997,0.8979591836734694,40.92857142244898,0.8376132302424752,True,True,0.8737425570844849
7,96.0,3,313.0,65,2091.662821,0.012206573,0.030146368,6.147633803,0.0,May,3,2,3,4,Returning_Visitor,True,75,2500.662821,0.8666666666666667,33.34217094666666,0.8364433635093421,False,False,0.14116952978629344
2,156.0,1,201.0,14,1033.066667,0.0125,0.012291667,0.0,0.0,May,1,1,6,3,Returning_Visitor,True,17,1390.066667,0.8235294117647058,81.76862747058824,0.7431777852997032,False,False,0.0164479428243093
0,0.0,0,0.0,25,319.3333333,0.016666667,0.036666667,10.4445,0.0,May,2,5,5,1,Returning_Visitor,False,25,319.3333333,1.0,12.773333332,1.0,True,True,0.7204575470719642
0,0.0,0,0.0,27,857.1833333,0.0,0.017283951,0.0,0.0,Nov,2,2,9,10,Returning_Visitor,False,27,857.1833333,1.0,31.74753086296296,1.0,False,False,0.12452299455702599
0,0.0,0,0.0,3,80.0,0.0,0.033333333,0.0,0.0,Mar,3,2,1,10,Returning_Visitor,True,3,80.0,1.0,26.666666666666668,1.0,False,False,0.025852683933685408
7,145.98,0,0.0,36,646.1533333,0.0,0.017719298,22.08032319,0.0,Aug,2,2,2,2,Returning_Visitor,False,43,792.1333333,0.8372093023255814,18.4217054255814,0.8157128429479764,False,True,0.7278896007402031
0,0.0,2,842.3,26,1911.711111,0.015384615,0.036666667,8.018832458,0.0,Jul,3,2,1,2,Returning_Visitor,True,28,2754.011111,0.9285714285714286,98.35753967857144,0.6941551918088831,True,True,0.7681836813691018
0,0.0,0,0.0,6,134.0,0.066666667,0.094444444,0.0,0.0,May,1,1,1,3,Returning_Visitor,False,6,134.0,1.0,22.33333333333333,1.0,False,False,0.011706859305112727
0,0.0,0,0.0,3,112.0,0.066666667,0.133333333,0.0,0.0,Mar,2,2,7,10,Returning_Visitor,False,3,112.0,1.0,37.333333333333336,1.0,False,False,0.017481926156036946
7,215.2,0,0.0,119,4749.240385,0.015772358,0.031811847,1.164075388,0.8,May,3,2,6,6,Returning_Visitor,False,126,4964.440385,0.9444444444444444,39.40032051587301,0.9566517103014824,False,False,0.11731268309618532
0,0.0,0,0.0,2,0.0,0.2,0.2,0.0,0.0,May,2,2,1,4,Returning_Visitor,False,2,0.0,1.0,0.0,0.0,False,False,0.011075830674468523
0,0.0,0,0.0,5,108.0,0.0,0.08,0.0,0.0,May,2,2,3,13,Returning_Visitor,False,5,108.0,1.0,21.6,1.0,False,False,0.00965303755515085
3,103.6,0,0.0,30,440.5333333,0.006451613,0.021505376,0.0,0.0,Aug,2,2,2,1,Returning_Visitor,True,33,544.1333333,0.9090909090909092,16.488888887878787,0.8096054888391083,False,False,0.033275460291858655
4,135.6666667,0,0.0,28,615.8166667,0.007407407,0.016049383,0.0,0.0,May,1,1,1,4,Returning_Visitor,False,32,751.4833334,0.875,23.48385416875,0.8194681629382362,False,False,0.02007411220221143
12,155.6,6,282.0,52,1283.052597,0.024747475,0.039201413,12.07468889,0.0,May,1,1,3,2,Returning_Visitor,False,70,1720.6525970000002,0.7428571428571429,24.58075138571429,0.7456778894455706,False,False,0.19640956089551365
10,363.3333333,0,0.0,59,2012.900794,0.001538462,0.011431235,54.65714872,0.0,May,1,5,1,4,Returning_Visitor,False,69,2376.2341273,0.855072463768116,34.43817575797101,0.8470969972505032,False,True,0.5382611357109199
4,92.0,0,0.0,21,755.0,0.0,0.004347826,0.0,0.0,Nov,3,2,1,2,New_Visitor,False,25,847.0,0.84,33.88,0.8913813459268005,False,False,0.2869557978003224
3,117.8,0,0.0,62,2032.39696,0.005230769,0.01881429,0.0,0.0,Sep,3,2,6,4,Returning_Visitor,False,65,2150.19696,0.953846153846154,33.079953230769235,0.9452143212033932,False,False,0.053593757789309
0,0.0,0,0.0,10,1186.6,0.02,0.08,0.0,0.0,Aug,2,5,1,3,Returning_Visitor,False,10,1186.6,1.0,118.66,1.0,False,False,0.018520088240391516
0,0.0,0,0.0,4,352.0,0.1,0.15,0.0,0.8,May,2,2,1,13,Returning_Visitor,False,4,352.0,1.0,88.0,1.0,False,False,0.008562570508252503
0,0.0,0,0.0,6,339.5,0.0,0.016666667,124.9045858,0.0,Nov,2,6,9,20,New_Visitor,False,6,339.5,1.0,56.583333333333336,1.0,True,True,0.8574814861342204
11,143.8333333,3,404.5833333,58,3473.857143,0.005714286,0.016111111,2.568454762,0.0,May,2,2,2,3,Returning_Visitor,False,72,4022.2738096,0.8055555555555556,55.86491402222222,0.8636550636381122,False,False,0.15863574007260212
2,18.0,4,15.0,30,569.1190476,0.0,0.04,0.0,0.0,May,2,2,1,4,Returning_Visitor,False,36,602.1190476,0.8333333333333334,16.725529100000003,0.945193562416709,False,False,0.01957265538956514
0,0.0,0,0.0,13,283.5,0.0,0.030769231,0.0,0.4,May,2,2,5,3,Returning_Visitor,False,13,283.5,1.0,21.807692307692307,1.0,False,False,0.013731728246462672
0,0.0,0,0.0,7,56.625,0.028571429,0.066666667,0.0,0.0,Dec,3,2,1,20,Returning_Visitor,False,7,56.625,1.0,8.089285714285714,1.0,False,False,0.02409077201204707
1,2.0,0,0.0,16,323.2333333,0.0,0.013333333,0.0,0.0,Dec,3,2,8,8,Returning_Visitor,False,17,325.2333333,0.9411764705882352,19.131372547058824,0.9938505688217536,False,False,0.03720843598873586
0,0.0,0,0.0,8,370.0,0.0,0.025,0.0,0.0,May,2,2,3,14,Returning_Visitor,True,8,370.0,1.0,46.25,1.0,False,False,0.017377233615299564
1,7.0,1,97.0,53,2247.608298,0.004848485,0.016751935,32.68969091,0.0,May,1,1,3,4,Returning_Visitor,False,55,2351.608298,0.9636363636363636,42.75651450909091,0.955774947686462,False,True,0.7560099865658582
10,312.0,0,0.0,18,782.5,0.0,0.002105263,0.0,0.0,May,3,2,1,18,Returning_Visitor,True,28,1094.5,0.6428571428571429,39.08928571428572,0.7149383280036546,False,False,0.02323749721393748
2,75.6,2,652.8,10,1143.666667,0.0,0.023333333,0.0,0.0,Aug,2,2,4,2,Returning_Visitor,False,14,1872.066667,0.7142857142857143,133.7190476428571,0.6109112924021738,False,False,0.0617190047662455
1,4.0,0,0.0,33,947.4166667,0.012121212,0.045165945,0.0,0.0,Nov,2,2,1,2,Returning_Visitor,True,34,951.4166667,0.9705882352941176,27.98284313823529,0.9957957431901272,False,False,0.29046111495740506
1,13.83333333,1,0.0,200,8336.039583,0.004207921,0.017597513,3.730318306,0.0,Nov,2,5,4,1,Returning_Visitor,False,202,8349.87291633,0.99009900990099,41.33600453628713,0.9983432881591592,True,True,0.7497567002021214
0,0.0,0,0.0,12,465.25,0.0,0.016666667,0.0,0.0,Dec,3,2,6,2,Returning_Visitor,True,12,465.25,1.0,38.770833333333336,1.0,False,False,0.04608488292501393
1,49.5,0,0.0,14,207.5416667,0.0,0.015384615,0.0,0.0,Dec,2,4,1,2,New_Visitor,False,15,257.0416667,0.9333333333333332,17.136111113333335,0.8074242178884845,False,False,0.081942769915035
0,0.0,0,0.0,5,28.25,0.08,0.093333333,0.0,0.0,Nov,2,2,1,2,Returning_Visitor,True,5,28.25,1.0,5.65,1.0,False,False,0.21258724491588746
2,95.0,0,0.0,20,1031.083333,0.0,0.021052632,68.20038032,0.0,Dec,2,2,1,10,Returning_Visitor,False,22,1126.083333,0.9090909090909092,51.18560604545455,0.9156367941732072,False,True,0.9295236220206984
6,331.25,3,365.25,6,267.0,0.0,0.021428571,0.0,0.0,Dec,1,2,7,3,Returning_Visitor,True,15,963.5,0.4,64.23333333333333,0.2771146860404774,False,False,0.08284246737434935
4,34.4,0,0.0,12,189.4333333,0.0,0.014285714,0.0,0.0,Sep,2,10,4,4,New_Visitor,False,16,223.8333333,0.75,13.98958333125,0.8463142218684012,False,False,0.08373087728889361
4,109.3333333,1,118.0,34,1573.895833,0.015,0.019055556,0.0,0.0,Nov,3,2,4,3,Returning_Visitor,True,39,1801.2291663,0.8717948717948718,46.18536323846154,0.8737898888418638,False,False,0.08539577515438265
8,178.1666667,1,17.0,52,3095.975,0.012280702,0.02251462,12.13161988,0.0,May,4,1,6,6,Returning_Visitor,False,61,3291.1416667,0.8524590163934426,53.95314207704918,0.9406994026800152,False,False,0.3533575576737082
0,0.0,0,0.0,36,2107.583333,0.014814815,0.03287037,0.0,0.0,Dec,3,2,1,2,Returning_Visitor,False,36,2107.583333,1.0,58.54398147222222,1.0,False,False,0.050613281559895744
0,0.0,0,0.0,8,139.0,0.0,0.05,0.0,0.0,May,2,4,3,3,Returning_Visitor,False,8,139.0,1.0,17.375,1.0,False,False,0.012986110855558885
0,0.0,0,0.0,6,169.0,0.0,0.016666667,0.0,0.4,Feb,1,1,3,3,Returning_Visitor,False,6,169.0,1.0,28.166666666666668,1.0,False,False,0.02277770524971237
3,145.2,0,0.0,11,1646.366667,0.0,0.027777778,0.0,0.0,June,2,2,2,1,Returning_Visitor,False,14,1791.566667,0.7857142857142857,127.96904764285716,0.9189536160308568,False,False,0.03314249994950885
0,0.0,0,0.0,2,46.0,0.0,0.1,0.0,0.0,May,2,4,3,4,Returning_Visitor,False,2,46.0,1.0,23.0,1.0,False,False,0.013114927496485795
0,0.0,0,0.0,22,1190.941667,0.0,0.003174603,0.0,0.0,Nov,3,2,2,6,New_Visitor,True,22,1190.941667,1.0,54.13371213636364,1.0,False,False,0.13475688486403292
3,53.5,0,0.0,82,3801.680397,0.010714286,0.03015873,0.906375967,0.0,Sep,2,2,1,4,Returning_Visitor,False,85,3855.180397,0.9647058823529412,45.35506349411765,0.9861225689875284,False,True,0.5856317971832876
6,51.5,0,0.0,29,944.9166667,0.0,0.014285714,49.01914286,0.0,May,2,2,4,2,Returning_Visitor,True,35,996.4166667,0.8285714285714286,28.46904762,0.9483147946826692,True,True,0.8445334588874345
0,0.0,0,0.0,18,432.7666667,0.0,0.027777778,0.0,0.0,Oct,3,2,1,2,Returning_Visitor,False,18,432.7666667,1.0,24.042592594444443,1.0,False,False,0.053972583500474756
0,0.0,0,0.0,1,0.0,0.2,0.2,0.0,0.0,May,2,2,9,3,Returning_Visitor,False,1,0.0,1.0,0.0,0.0,False,False,0.009426962290258897
0,0.0,1,0.0,20,581.5,0.015,0.051666667,0.0,0.0,Sep,2,2,1,1,Returning_Visitor,False,21,581.5,0.9523809523809524,27.69047619047619,1.0,False,False,0.04968763538613448
0,0.0,0,0.0,7,139.5,0.0,0.028571429,0.0,0.0,May,3,2,3,2,Returning_Visitor,False,7,139.5,1.0,19.928571428571427,1.0,False,False,0.0161678942080344
4,53.4,0,0.0,4,53.4,0.0,0.025,0.0,0.0,Oct,1,1,7,5,New_Visitor,False,8,106.8,0.5,13.35,0.5,False,False,0.11870902772803402
1,13.0,0,0.0,28,611.94,0.0,0.006896552,0.0,0.0,Sep,3,2,1,1,Returning_Visitor,False,29,624.94,0.9655172413793104,21.5496551724138,0.9791980030082889,False,False,0.0424362617613764
13,313.0909091,4,516.0,132,3083.050977,0.001494396,0.009733401,8.868449011,0.0,May,2,5,3,4,Returning_Visitor,False,149,3912.1418861,0.8859060402684564,26.255985812751675,0.788072382536586,False,False,0.1477249421368874
6,97.88235294,2,9.0,58,2293.59902,0.008357771,0.033973374,6.7485,0.0,May,2,2,7,4,Returning_Visitor,False,66,2400.4813729400003,0.8787878787878788,36.37092989303031,0.955474616822752,True,False,0.23309200385066106
2,43.2,1,32.2,202,13842.45833,0.01804878,0.050155633,0.0,0.0,Sep,2,4,7,1,Returning_Visitor,False,205,13917.85833,0.9853658536585366,67.89199185365854,0.994582499820574,False,False,0.03017361667947526
0,0.0,0,0.0,4,44.0,0.0,0.05,0.0,0.0,May,2,4,3,2,New_Visitor,True,4,44.0,1.0,11.0,1.0,False,False,0.02577459996284705
7,129.6666667,3,42.0,25,443.25,0.006451613,0.023297491,6.402612903,0.0,May,2,2,4,4,Returning_Visitor,True,35,614.9166667,0.7142857142857143,17.56904762,0.7208293806358136,False,False,0.3793530427128485
0,0.0,0,0.0,15,1677.178571,0.026666667,0.060444444,0.0,0.0,Nov,3,2,4,2,Returning_Visitor,True,15,1677.178571,1.0,111.81190473333332,1.0,False,False,0.15574507792201708
0,0.0,0,0.0,6,142.125,0.0,0.033333333,0.0,0.0,Nov,3,2,6,2,Returning_Visitor,False,6,142.125,1.0,23.6875,1.0,False,False,0.19864953210749228
0,0.0,0,0.0,2,0.0,0.2,0.2,0.0,0.0,Mar,3,2,3,1,Returning_Visitor,False,2,0.0,1.0,0.0,0.0,False,False,0.0106176818154773
1,57.4,0,0.0,6,303.1,0.028571429,0.014285714,0.0,0.0,June,1,2,3,2,Returning_Visitor,False,7,360.5,0.8571428571428571,51.5,0.8407766990291263,False,False,0.04261863383933698
8,889.1666667,0,0.0,137,5588.185426,0.000729167,0.026320008,6.898232461,0.0,Nov,2,2,1,3,Returning_Visitor,False,145,6477.3520927,0.9448275862068966,44.67139374275862,0.862726828189239,True,True,0.7448806770705635
0,0.0,0,0.0,39,902.6527778,0.0,0.008852259,0.0,0.0,Nov,2,2,1,2,New_Visitor,False,39,902.6527778,1.0,23.14494302051282,1.0,False,False,0.3434678393553029
7,85.52916667,3,255.5,45,2996.4875,0.014814815,0.02628108,2.0905,0.0,May,2,2,3,3,Returning_Visitor,False,55,3337.51666667,0.8181818181818182,60.68212121218182,0.8978194865434901,False,False,0.16472127038828832
3,115.5,0,0.0,55,1833.244643,0.0,0.008286252,18.61684302,0.0,Nov,2,2,6,2,Returning_Visitor,True,58,1948.744643,0.9482758620689656,33.599045568965515,0.9407310750462444,True,True,0.8648045779892124
2,40.5,1,4.0,19,472.5416667,0.0,0.005,0.0,0.0,Nov,1,1,4,2,Returning_Visitor,False,22,517.0416667,0.8636363636363636,23.50189394090909,0.913933435415332,False,False,0.1750911796449907
0,0.0,0,0.0,16,462.7333333,0.0125,0.046875,0.0,0.0,May,1,1,1,3,Returning_Visitor,False,16,462.7333333,1.0,28.92083333125,1.0,False,False,0.012302098406695862
2,10.0,1,17.0,21,1647.5,0.0,0.013043478,0.0,0.0,May,2,2,4,4,Returning_Visitor,False,24,1674.5,0.875,69.77083333333333,0.9838757838160644,False,False,0.014545565143606597
0,0.0,0,0.0,4,206.5,0.05,0.05,0.0,0.0,Dec,1,1,1,8,Returning_Visitor,False,4,206.5,1.0,51.625,1.0,False,False,0.03291172744533648
0,0.0,0,0.0,47,1144.483333,0.041843972,0.055319149,0.0,0.0,May,3,2,3,13,Returning_Visitor,False,47,1144.483333,1.0,24.35070921276596,1.0,False,False,0.00766056568946923
1,7.0,1,2.0,43,2325.611905,0.00952381,0.01814059,0.0,0.8,May,3,2,1,4,Returning_Visitor,False,45,2334.611905,0.9555555555555556,51.88026455555556,0.996144969542593,False,False,0.02494553806582489
9,294.6587879,2,97.64,107,3173.210417,0.003138528,0.00912201,5.866248908,0.0,June,1,1,1,2,Returning_Visitor,False,118,3565.5092048999995,0.9067796610169492,30.21617970254237,0.8899739797724061,False,False,0.43463801242947925
0,0.0,0,0.0,11,326.5,0.036363636,0.077272727,0.0,0.0,Nov,1,1,4,3,Returning_Visitor,False,11,326.5,1.0,29.681818181818183,1.0,False,False,0.05981235908743782
6,143.1666667,0,0.0,50,925.947619,0.0,0.010160428,13.60512012,0.0,Mar,2,2,1,2,Returning_Visitor,False,56,1069.1142857,0.8928571428571429,19.091326530357144,0.8660885289674509,True,True,0.7888782426620913
2,91.9,0,0.0,6,273.8,0.0,0.005,0.0,0.0,Sep,3,2,1,2,New_Visitor,True,8,365.7000000000001,0.75,45.712500000000006,0.7487011211375444,False,False,0.12289163972707952
0,0.0,0,0.0,14,1131.208333,0.0,0.015384615,94.19490268,0.0,Nov,3,2,3,11,Returning_Visitor,True,14,1131.208333,1.0,80.80059521428572,1.0,True,True,0.9275703167038816
7,204.1,0,0.0,5,128.7,0.0,0.0125,0.0,0.0,Sep,2,7,1,2,New_Visitor,False,12,332.79999999999995,0.4166666666666667,27.73333333333333,0.38671875,False,False,0.2176141989006892
9,250.0833333,2,30.5,155,4643.283732,0.002073171,0.007466851,10.11599409,0.0,Nov,2,2,1,3,Returning_Visitor,False,166,4923.8670653,0.933734939759036,29.661849790963856,0.9430156562760688,True,True,0.8037943572794404
0,0.0,0,0.0,33,1703.321429,0.0,0.042424242,0.0,0.6,May,2,5,3,1,Returning_Visitor,False,33,1703.321429,1.0,51.61580087878788,1.0,False,False,0.013143459498419996
1,68.0,0,0.0,55,4277.0,0.003636364,0.021212121,7.291757576,0.0,May,1,1,1,1,Returning_Visitor,True,56,4345.0,0.9821428571428572,77.58928571428571,0.984349827387802,False,True,0.5946382182241284
3,18.33333333,0,0.0,38,2635.177778,0.0,0.008947368,0.0,0.4,Feb,2,4,1,2,Returning_Visitor,False,41,2653.5111113300004,0.926829268292683,64.71978320317073,0.9930909151833884,False,False,0.0772659679027508
0,0.0,0,0.0,2,11.0,0.0,0.1,0.0,0.0,Nov,3,2,1,10,Returning_Visitor,False,2,11.0,1.0,5.5,1.0,False,False,0.09686472956210665
0,0.0,0,0.0,4,103.8,0.1,0.15,0.0,0.0,Jul,1,1,1,1,Returning_Visitor,False,4,103.8,1.0,25.95,1.0,False,False,0.02763310860120332
7,76.15,0,0.0,67,1553.696667,0.008571429,0.019047619,0.68291229,0.0,June,2,2,2,13,Returning_Visitor,False,74,1629.846667,0.9054054054054054,22.02495495945946,0.9532778134644,False,False,0.31542135244982955
5,206.0,0,0.0,15,650.6961927,0.0,0.018487395,0.0,0.0,Mar,1,1,1,3,New_Visitor,False,20,856.6961927,0.75,42.834809635,0.759541361622302,False,False,0.027670975702101638
0,0.0,1,37.2,37,2767.753333,0.005555556,0.015,0.0,0.0,Nov,2,2,2,2,Returning_Visitor,False,38,2804.953333,0.9736842105263158,73.81456139473684,0.9867377472693234,False,False,0.3397194598564393
0,0.0,0,0.0,11,1289.333333,0.0,0.022222222,0.0,0.0,Dec,1,1,6,2,New_Visitor,False,11,1289.333333,1.0,117.2121211818182,1.0,False,False,0.05786015012949771
0,0.0,0,0.0,20,837.25,0.015,0.041666667,0.0,0.0,Dec,6,5,1,1,Returning_Visitor,False,20,837.25,1.0,41.8625,1.0,False,False,0.022203108213751568
4,91.0,0,0.0,2,22.0,0.033333333,0.022222222,0.0,0.0,Dec,1,1,1,2,New_Visitor,False,6,113.0,0.3333333333333333,18.83333333333333,0.1946902654867256,False,False,0.1831188136695079
4,42.0,1,28.5,34,1367.0,0.0,0.001960784,0.0,0.0,Nov,2,2,3,2,Returning_Visitor,False,39,1437.5,0.8717948717948718,36.85897435897436,0.9509565217391304,False,False,0.28873125503975355
1,46.0,0,0.0,17,931.0,0.027777778,0.062962963,0.0,0.0,May,3,2,1,13,Returning_Visitor,False,18,977.0,0.9444444444444444,54.27777777777778,0.9529170931422722,False,False,0.010484322046529085
8,103.7333333,0,0.0,17,328.3,0.0,0.010526316,0.0,0.0,June,3,2,8,2,New_Visitor,True,25,432.0333333,0.68,17.281333332,0.7598950698834886,False,False,0.0844042422054979
1,125.0,0,0.0,24,677.3333333,0.0,0.032,0.0,0.0,Nov,3,2,8,1,Returning_Visitor,False,25,802.3333333,0.96,32.093333332,0.8442044038157127,False,False,0.09587307009468757
0,0.0,0,0.0,10,249.5,0.0,0.02,0.0,0.0,Dec,2,2,3,8,Returning_Visitor,False,10,249.5,1.0,24.95,1.0,False,False,0.03621014992202928
4,65.9,0,0.0,73,3799.2,0.079279279,0.08481982,0.0,0.0,Aug,3,2,3,13,Returning_Visitor,False,77,3865.1,0.948051948051948,50.19610389610389,0.9829499883573516,False,False,0.016406895107720434
2,256.5,0,0.0,10,117.25,0.110714286,0.130952381,0.0,0.0,Nov,2,2,7,11,Returning_Visitor,True,12,373.75,0.8333333333333334,31.14583333333333,0.3137123745819398,True,False,0.077478928501976
0,0.0,0,0.0,1,0.0,0.2,0.2,0.0,0.0,Mar,2,2,1,2,Returning_Visitor,False,1,0.0,1.0,0.0,0.0,False,False,0.024793820630112522
2,26.0,0,0.0,38,1689.708333,0.0125,0.0295,0.0,0.0,Nov,2,2,1,13,Returning_Visitor,False,40,1715.708333,0.95,42.892708325,0.9848459091210814,False,False,0.14231194634874073
1,4.0,0,0.0,14,1319.833333,0.0,0.012222222,0.0,0.0,May,2,2,1,5,Returning_Visitor,False,15,1323.833333,0.9333333333333332,88.25555553333334,0.996978471609462,False,False,0.023165117337359157
0,0.0,0,0.0,15,147.5833333,0.014285714,0.028571429,0.0,0.0,Nov,3,2,7,3,Returning_Visitor,False,15,147.5833333,1.0,9.838888886666666,1.0,False,False,0.08320371838539652
0,0.0,0,0.0,1,0.0,0.2,0.2,0.0,0.2,Feb,2,4,1,3,Returning_Visitor,False,1,0.0,1.0,0.0,0.0,False,False,0.01792474267962943
0,0.0,0,0.0,6,117.5,0.0,0.033333333,0.0,0.8,Feb,1,1,1,3,Returning_Visitor,True,6,117.5,1.0,19.58333333333333,1.0,False,False,0.0263644941160953
3,123.5,1,0.0,22,759.5833333,0.0,0.0096,46.6785275,0.0,Nov,1,1,3,2,Returning_Visitor,False,26,883.0833333,0.8461538461538461,33.96474358846154,0.8601490987962688,True,True,0.878327449425846
16,391.6833333,0,0.0,24,443.75,0.0,0.006451613,0.0,0.0,Aug,2,10,7,3,Returning_Visitor,False,40,835.4333333,0.6,20.8858333325,0.5311614731090117,False,False,0.06610258234694061
15,317.0189394,3,126.75,238,9956.225533,0.0052,0.016955684,6.556237434,0.0,Nov,2,4,3,1,Returning_Visitor,True,256,10399.994472400002,0.9296875,40.624978407812506,0.9573298869939116,True,True,0.6776220396461309
1,23.31428571,0,0.0,15,124.9142857,0.0,0.016369048,4.90908873,0.0,Jul,2,2,3,2,Returning_Visitor,False,16,148.22857141,0.9375,9.264285713125,0.8427139552906252,False,True,0.8274399179656053
18,1103.330357,8,696.8333333,359,12959.91515,0.000795756,0.008975428,7.231074783,0.0,Nov,2,2,1,2,Returning_Visitor,False,385,14760.0788403,0.9324675324675324,38.33786711766234,0.8780383418152927,True,True,0.7901290000469469
6,63.0,1,16.0,187,4987.688889,0.003108808,0.011118588,10.80188719,0.0,May,4,1,2,2,Returning_Visitor,False,194,5066.688889,0.963917525773196,26.116953036082474,0.9844079631233108,False,False,0.2703109695674807
1,9.0,1,49.0,25,2454.45,0.0,0.015384615,31.75846154,0.0,May,2,2,9,6,Returning_Visitor,False,27,2512.45,0.925925925925926,93.0537037037037,0.9769149634818604,True,True,0.8077922706704711
3,42.6,2,41.5,18,1049.516667,0.023809524,0.03968254,14.25648352,0.0,Mar,3,2,2,3,Returning_Visitor,True,23,1133.616667,0.782608695652174,49.28768117391304,0.925812664502753,True,True,0.5754123150829766
1,2.0,0,0.0,27,463.8333333,0.040740741,0.067530864,0.0,0.0,May,3,2,2,4,Returning_Visitor,False,28,465.8333333,0.9642857142857144,16.636904760714284,0.9957066189621256,False,False,0.012780873572293518
0,0.0,0,0.0,15,475.6666667,0.013333333,0.013333333,0.0,0.0,Dec,1,1,3,8,New_Visitor,False,15,475.6666667,1.0,31.71111111333333,1.0,False,False,0.04780322238334291
1,0.0,0,0.0,7,82.2,0.057142857,0.114285714,0.0,0.0,June,3,2,2,4,Returning_Visitor,False,8,82.2,0.875,10.275,1.0,False,False,0.024198747508624087
0,0.0,2,7.0,11,192.75,0.0,0.034615385,0.0,0.6,May,2,2,1,3,Returning_Visitor,False,13,199.75,0.8461538461538461,15.365384615384617,0.9649561952440552,False,False,0.01838430137918306
0,0.0,0,0.0,1,0.0,0.2,0.2,0.0,0.0,Dec,3,2,3,1,Returning_Visitor,True,1,0.0,1.0,0.0,0.0,False,False,0.015359128035329546
0,0.0,0,0.0,32,1324.666667,0.056666667,0.09047619,10.3976,1.0,May,2,2,7,1,Returning_Visitor,True,32,1324.666667,1.0,41.39583334375,1.0,False,True,0.6373052150110923
0,0.0,0,0.0,1,0.0,0.2,0.2,0.0,0.0,Dec,2,2,8,11,Returning_Visitor,False,1,0.0,1.0,0.0,0.0,False,False,0.019330518502320013
5,69.9,0,0.0,62,1846.666667,0.006060606,0.018939394,0.0,0.0,Aug,2,2,1,3,Returning_Visitor,False,67,1916.566667,0.9253731343283582,28.60547264179105,0.963528531929748,False,False,0.030314648612465807
0,0.0,0,0.0,21,1280.02,0.0,0.019047619,7.232201859,0.0,Nov,2,2,1,20,Returning_Visitor,False,21,1280.02,1.0,60.95333333333333,1.0,True,True,0.8905275291814768
0,0.0,0,0.0,3,65.5,0.066666667,0.1,0.0,0.0,Nov,3,2,1,13,Returning_Visitor,False,3,65.5,1.0,21.83333333333333,1.0,False,False,0.053551417372032444
2,31.0,0,0.0,20,583.0694444,0.0,0.01,0.0,0.0,Dec,4,2,1,2,Returning_Visitor,False,22,614.0694444,0.9090909090909092,27.91224747272727,0.9495171103485052,False,False,0.05917109758101129
7,89.5,0,0.0,26,1163.333333,0.0,0.009375,26.983125,0.0,May,3,2,3,4,New_Visitor,False,33,1252.833333,0.7878787878787878,37.96464645454546,0.9285619262813788,True,True,0.8212316801786331
0,0.0,0,0.0,3,12.0,0.0,0.066666667,0.0,0.0,Mar,2,2,1,3,Returning_Visitor,False,3,12.0,1.0,4.0,1.0,False,False,0.01670066428811009
3,83.8,0,0.0,20,798.3,0.0,0.009090909,0.0,0.0,Nov,1,1,1,3,Returning_Visitor,False,23,882.0999999999999,0.8695652173913043,38.35217391304347,0.9049994331708424,False,False,0.11047800326412961
3,25.6,0,0.0,10,327.7733333,0.0,0.013095238,11.78466261,0.0,Jul,1,1,1,5,Returning_Visitor,False,13,353.3733333,0.7692307692307693,27.1825641,0.9275553710832316,True,True,0.8958775162429544
4,158.2,0,0.0,62,4402.25,0.0,0.001041667,246.7585902,0.0,Oct,4,1,8,2,New_Visitor,False,66,4560.45,0.9393939393939394,69.09772727272727,0.9653104408556172,False,True,0.8753830944691419
0,0.0,0,0.0,1,0.0,0.2,0.2,0.0,0.4,May,2,2,1,13,Returning_Visitor,False,1,0.0,1.0,0.0,0.0,False,False,0.008002818594012693
0,0.0,0,0.0,15,313.25,0.013333333,0.033333333,0.0,0.0,Nov,2,2,3,10,Returning_Visitor,False,15,313.25,1.0,20.883333333333333,1.0,False,False,0.15652062713916465
0,0.0,0,0.0,37,4339.366667,0.009009009,0.036036036,13.6630847,0.0,Sep,2,2,4,1,Returning_Visitor,False,37,4339.366667,1.0,117.2801801891892,1.0,False,True,0.7781653091058588
4,194.4,0,0.0,12,182.5142857,0.0,0.001666667,0.0,0.0,Oct,1,1,6,2,Returning_Visitor,False,16,376.9142857,0.75,23.55714285625,0.4842328683855454,False,False,0.05936818377885926
1,94.0,0,0.0,10,332.75,0.0,0.02,0.0,0.0,May,2,2,3,6,Returning_Visitor,False,11,426.75,0.9090909090909092,38.79545454545455,0.7797305213825425,False,False,0.016764634373674082
0,0.0,0,0.0,19,725.9,0.0,0.005263158,0.0,0.0,May,1,2,1,4,Returning_Visitor,False,19,725.9,1.0,38.205263157894734,1.0,False,False,0.017182117169801225
1,32.33333333,1,56.0,62,2414.9,0.0,0.002222222,30.4615873,0.0,May,2,2,9,2,Returning_Visitor,False,64,2503.2333333300003,0.96875,39.11302083328125,0.9647123054196102,True,True,0.787398618035061
0,0.0,0,0.0,4,57.66666667,0.0,0.025,0.0,0.0,Nov,3,2,1,2,Returning_Visitor,False,4,57.66666667,1.0,14.4166666675,1.0,False,False,0.21805909400555518
3,58.06666667,0,0.0,5,86.0,0.0,0.0125,0.0,0.0,Mar,3,2,2,3,New_Visitor,False,8,144.06666667,0.625,18.00833333375,0.5969458583850776,False,False,0.0358769377591065
0,0.0,1,68.5,25,927.0,0.007692308,0.034615385,0.0,0.0,Nov,2,2,3,2,Returning_Visitor,True,26,995.5,0.9615384615384616,38.28846153846154,0.9311903566047212,False,False,0.275132451176371
0,0.0,0,0.0,13,474.6818182,0.015384615,0.029230769,0.0,0.0,May,3,2,4,3,Returning_Visitor,False,13,474.6818182,1.0,36.51398601538462,1.0,False,False,0.009824906347362728
0,0.0,1,0.0,23,456.3333333,0.043478261,0.068115942,0.0,0.0,May,2,4,3,6,Returning_Visitor,False,24,456.3333333,0.9583333333333334,19.0138888875,1.0,False,False,0.01374516818650266
6,450.4,0,0.0,6,72.9,0.0,0.028571429,0.0,0.0,May,2,2,9,5,New_Visitor,False,12,523.3,0.5,43.60833333333333,0.1393082361933881,False,False,0.06449913531622577
3,92.83333333,0,0.0,24,463.8166667,0.002666667,0.015333333,17.84230699,0.0,Mar,1,1,1,2,Returning_Visitor,False,27,556.65000003,0.8888888888888888,20.61666666777778,0.8332285397916162,True,True,0.8823786941467944
0,0.0,0,0.0,3,60.0,0.0,0.066666667,0.0,0.0,Dec,1,1,7,2,Other,False,3,60.0,1.0,20.0,1.0,False,False,0.0335119317722275
1,22.75,0,0.0,1,0.0,0.0,0.066666667,0.0,0.0,Dec,1,1,1,8,New_Visitor,False,2,22.75,0.5,11.375,0.0,True,False,0.11155713909374591
0,0.0,0,0.0,5,94.8,0.07,0.057777778,0.0,0.0,Nov,3,2,7,13,Returning_Visitor,False,5,94.8,1.0,18.96,1.0,False,False,0.05798004696758782
0,0.0,1,6.0,39,720.15,0.005128205,0.017948718,0.0,0.0,Nov,2,4,7,2,Returning_Visitor,False,40,726.15,0.975,18.15375,0.9917372443709978,False,False,0.27447444042418667
0,0.0,0,0.0,10,482.5,0.0,0.06,0.0,1.0,May,1,2,9,4,Returning_Visitor,True,10,482.5,1.0,48.25,1.0,False,False,0.01579699540323842
0,0.0,0,0.0,2,3.0,0.0,0.1,0.0,0.6,May,2,10,3,1,Returning_Visitor,False,2,3.0,1.0,1.5,1.0,False,False,0.010001622505240407
3,112.0,0,0.0,4,111.6666667,0.0,0.028571429,0.0,0.0,May,3,2,4,5,Returning_Visitor,False,7,223.6666667,0.5714285714285714,31.952380957142857,0.4992548435917652,False,False,0.027449504047071027
0,0.0,0,0.0,63,2777.616667,0.0,0.014086022,0.0,0.0,Mar,2,2,3,1,Returning_Visitor,False,63,2777.616667,1.0,44.08915344444444,1.0,False,False,0.02191777851999587
0,0.0,0,0.0,3,62.0,0.1,0.125,0.0,0.8,May,3,2,1,13,Returning_Visitor,False,3,62.0,1.0,20.666666666666668,1.0,False,False,0.0073057688328290755
11,334.75,0,0.0,20,598.7785714,0.0,0.007692308,26.59353846,0.2,May,2,10,1,5,New_Visitor,False,31,933.5285714,0.6451612903225806,30.11382488387097,0.6414142959781295,True,True,0.8428423066371699
6,104.1136364,3,95.0,95,2411.789279,0.0,0.01068254,16.78420229,0.0,May,3,2,5,6,Returning_Visitor,False,104,2610.9029154,0.9134615384615384,25.104835725,0.923737632975336,False,False,0.18626773582983733
0,0.0,0,0.0,9,181.3333333,0.02962963,0.055026455,0.0,0.0,Mar,2,2,1,1,Returning_Visitor,False,9,181.3333333,1.0,20.148148144444445,1.0,False,False,0.01605542081718691
0,0.0,0,0.0,1,0.0,0.2,0.2,0.0,0.0,Dec,3,2,1,1,Other,False,1,0.0,1.0,0.0,0.0,False,False,0.015064215934106744
0,0.0,0,0.0,84,2197.780952,0.01031746,0.014779942,0.0,0.0,Nov,1,1,3,2,Returning_Visitor,False,84,2197.780952,1.0,26.16405895238095,1.0,True,False,0.35998619608527654
0,0.0,0,0.0,6,198.75,0.016666667,0.023333333,0.0,0.0,Nov,2,5,7,3,Returning_Visitor,True,6,198.75,1.0,33.125,1.0,False,False,0.10364722922926507
0,0.0,0,0.0,12,846.25,0.0,0.018181818,40.4014481,0.0,Dec,2,6,1,6,New_Visitor,False,12,846.25,1.0,70.52083333333333,1.0,True,True,0.8929303076798689
0,0.0,0,0.0,9,608.75,0.0,0.025,42.422531,0.0,Dec,2,2,9,2,Returning_Visitor,False,9,608.75,1.0,67.63888888888889,1.0,True,True,0.9137229915315039
1,249.8,2,722.9,8,2219.583333,0.0,0.0,0.0,0.0,Nov,2,4,4,2,New_Visitor,False,11,3192.2833330000003,0.7272727272727273,290.20757572727274,0.6952964701018911,False,False,0.2426248244442821
0,0.0,0,0.0,38,1787.395833,0.004824561,0.031871345,0.0,0.0,Nov,2,2,4,2,New_Visitor,False,38,1787.395833,1.0,47.03673244736842,1.0,False,False,0.2704288995221324
4,73.33333333,0,0.0,17,478.8333333,0.0,0.00877193,0.0,0.0,Mar,1,1,3,2,Returning_Visitor,False,21,552.16666663,0.8095238095238095,26.293650791904764,0.8671898581318387,False,False,0.03700686432322789
3,89.8,0,0.0,12,355.85,0.013333333,0.016,0.0,0.0,Oct,1,1,1,3,New_Visitor,True,15,445.65,0.8,29.71,0.798496578032088,False,False,0.042314894472557846
8,310.0666667,1,49.4,71,1441.974535,0.003013699,0.009218133,48.30461627,0.0,Oct,1,1,2,20,Returning_Visitor,True,80,1801.4412017,0.8875,22.51801502125,0.8004560646438111,True,True,0.5887448695649822
3,113.1,0,0.0,17,237.6066667,0.0,0.033333333,94.10360412,0.0,Oct,1,1,2,4,Returning_Visitor,False,20,350.7066667,0.85,17.535333335,0.6775082690493947,True,True,0.8729610386386749
0,0.0,0,0.0,1,0.0,0.2,0.2,0.0,0.0,Nov,2,2,7,8,New_Visitor,False,1,0.0,1.0,0.0,0.0,False,False,0.09721119889426942
0,0.0,0,0.0,6,98.0,0.0,0.066666667,0.0,0.0,Feb,2,5,1,3,Returning_Visitor,False,6,98.0,1.0,16.333333333333332,1.0,False,False,0.022764518076073353
0,0.0,0,0.0,4,140.0,0.05,0.1,0.0,0.0,Sep,3,2,1,13,Returning_Visitor,False,4,140.0,1.0,35.0,1.0,False,False,0.023068165082437836
0,0.0,0,0.0,13,350.8333333,0.0,0.030769231,0.0,0.6,May,3,2,9,13,Returning_Visitor,False,13,350.8333333,1.0,26.987179484615385,1.0,False,False,0.010564138886093363
2,16.0,0,0.0,43,821.275,0.015873016,0.024900794,0.0,0.0,Nov,1,1,1,3,Returning_Visitor,False,45,837.275,0.9555555555555556,18.60611111111111,0.980890388462572,False,False,0.12090286846649495
2,95.3,0,0.0,14,262.587619,0.0125,0.004910714,0.0,0.0,Nov,1,1,4,2,New_Visitor,False,16,357.88761900000003,0.875,22.3679761875,0.7337152923415324,False,False,0.23316874712709942
2,42.0,0,0.0,16,602.0,0.014705882,0.044117647,0.0,0.0,May,2,2,1,3,Returning_Visitor,False,18,644.0,0.8888888888888888,35.77777777777778,0.9347826086956522,False,False,0.014716114086038939
11,215.5238095,1,70.0,87,3037.499952,0.002150538,0.007722385,0.0,0.0,Mar,2,2,5,1,Returning_Visitor,False,99,3323.0237615,0.8787878787878788,33.56589658080808,0.9140771086839548,False,False,0.01590820276287627
0,0.0,2,19.0,22,2267.833333,0.0,0.041666667,0.0,0.0,Nov,2,2,1,1,Returning_Visitor,False,24,2286.833333,0.9166666666666666,95.28472220833332,0.991691567668784,False,False,0.14591839447741226
1,4.5,0,0.0,39,908.3333333,0.0,0.0125,33.6501,0.0,May,2,2,3,2,Returning_Visitor,False,40,912.8333333,0.975,22.8208333325,0.9950702939563656,False,True,0.9023213176372813
5,446.25,0,0.0,18,815.25,0.0,0.0025,0.0,0.0,Dec,8,13,9,20,Other,False,23,1261.5,0.782608695652174,54.84782608695652,0.6462544589774079,False,False,0.04100960802921842
0,0.0,0,0.0,2,442.5,0.0,0.1,0.0,0.0,Dec,4,2,4,3,Returning_Visitor,False,2,442.5,1.0,221.25,1.0,False,False,0.011742587799771815
4,985.5,4,308.0,6,328.0,0.0,0.015384615,0.0,0.0,Mar,2,2,3,2,New_Visitor,False,14,1621.5,0.4285714285714285,115.82142857142856,0.202281837804502,False,False,0.0632784654349691
0,0.0,0,0.0,77,4346.541667,0.003070175,0.023099415,0.0,0.0,Mar,4,1,1,2,Returning_Visitor,False,77,4346.541667,1.0,56.44859307792208,1.0,False,False,0.05079245722077728
0,0.0,0,0.0,43,1425.183333,0.004651163,0.006976744,0.0,0.8,May,2,6,1,1,Returning_Visitor,False,43,1425.183333,1.0,33.14379844186046,1.0,False,False,0.011691828433722037
0,0.0,0,0.0,13,210.5,0.030769231,0.046153846,0.0,0.0,Dec,2,2,1,1,Returning_Visitor,False,13,210.5,1.0,16.192307692307693,1.0,False,False,0.021077163421482047
0,0.0,0,0.0,2,0.0,0.0,0.1,0.0,0.0,May,2,2,1,13,Returning_Visitor,True,2,0.0,1.0,0.0,0.0,False,False,0.009061727357943158
0,0.0,0,0.0,16,431.5,0.05625,0.092083333,0.0,0.2,May,3,2,1,13,Returning_Visitor,False,16,431.5,1.0,26.96875,1.0,False,False,0.009115726581601591
4,104.0,1,93.0,15,292.5,0.0,0.02125,0.0,0.0,May,2,4,3,4,Returning_Visitor,True,20,489.5,0.75,24.475,0.5975485188968335,False,False,0.028333525160243612
12,184.4173601,1,13.0,159,6137.14491,0.011276738,0.031489963,18.23386055,0.0,June,2,4,3,2,Returning_Visitor,False,172,6334.5622701,0.9244186046511628,36.82885040755814,0.9688348852403208,False,False,0.38774842916358393
1,19.0,0,0.0,24,3209.0,0.008695652,0.017391304,64.33043478,0.0,May,2,2,9,3,New_Visitor,False,25,3228.0,0.96,129.12,0.9941140024783148,False,True,0.8973448861850459
0,0.0,0,0.0,5,200.0,0.0,0.05,0.0,0.0,May,3,2,1,4,Returning_Visitor,True,5,200.0,1.0,40.0,1.0,False,False,0.014348338533928763
0,0.0,0,0.0,20,518.6666667,0.0,0.011111111,0.0,0.0,Mar,2,2,2,1,Returning_Visitor,False,20,518.6666667,1.0,25.933333335,1.0,False,False,0.020810563640179237
6,49.18333333,0,0.0,44,1065.501515,0.006333333,0.036774359,53.22268667,0.4,May,2,2,2,2,Returning_Visitor,False,50,1114.68484833,0.88,22.2936969666,0.955876915880138,False,True,0.7234898804987886
0,0.0,0,0.0,24,452.4166667,0.0,0.020833333,0.0,0.0,Nov,2,2,3,2,Returning_Visitor,True,24,452.4166667,1.0,18.850694445833334,1.0,True,False,0.2420635309142087
1,22.2,0,0.0,16,694.4549784,0.0,0.001470588,54.91911804,0.0,Sep,2,2,7,2,New_Visitor,False,17,716.6549784,0.9411764705882352,42.1561752,0.9690227505995094,True,True,0.9454950192738629
2,23.2,0,0.0,11,119.2,0.0,0.015384615,0.0,0.0,Sep,2,2,2,2,New_Visitor,True,13,142.4,0.8461538461538461,10.953846153846154,0.8370786516853932,False,False,0.10246862071103861
9,111.5,1,48.5,49,1868.819697,0.0,0.020708874,1.706014966,0.0,Mar,2,2,7,2,Returning_Visitor,False,59,2028.819697,0.8305084745762712,34.386774525423725,0.9211364123502,True,False,0.454991376880633
11,225.5,7,258.25,40,1352.833333,0.002,0.015733333,0.0,0.0,Dec,3,2,1,2,Returning_Visitor,True,58,1836.583333,0.6896551724137931,31.665229879310345,0.7366032941125465,False,False,0.07228333566624116
4,101.75,2,65.5,37,1307.472222,0.011149826,0.027235772,0.0,0.0,Nov,3,2,3,2,Returning_Visitor,False,43,1474.722222,0.8604651162790697,34.29586562790698,0.8865888114351612,False,False,0.24794033271257734
0,0.0,0,0.0,19,621.4166667,0.0,0.015789474,0.0,0.0,Dec,4,1,1,2,Returning_Visitor,True,19,621.4166667,1.0,32.70614035263158,1.0,False,False,0.05296842122088761
1,31.2,0,0.0,31,824.86,0.0,0.008333333,0.0,0.0,Sep,1,1,1,3,New_Visitor,False,32,856.0600000000001,0.96875,26.751875,0.9635539564983764,False,False,0.06161000244720339
0,0.0,0,0.0,13,490.0833333,0.0,0.003636364,11.988,1.0,May,1,8,1,11,New_Visitor,True,13,490.0833333,1.0,37.69871794615385,1.0,True,True,0.9282002561650396
2,94.6,1,108.8,42,1157.783333,0.0,0.032222222,0.0,0.0,Oct,2,4,1,1,Returning_Visitor,True,45,1361.183333,0.9333333333333332,30.24851851111111,0.8505711941449404,False,False,0.03588263795553021
4,82.0,0,0.0,23,570.5166667,0.007407407,0.024074074,0.0,0.0,Mar,1,2,7,8,Returning_Visitor,False,27,652.5166667,0.8518518518518519,24.16728395185185,0.8743327118145471,False,False,0.0319197705493539
1,10.0,0,0.0,23,271.5785714,0.0,0.008333333,0.0,0.0,Aug,2,2,4,1,Returning_Visitor,False,24,281.5785714,0.9583333333333334,11.732440475,0.9644859338894992,False,False,0.02929914463781946
1,6.333333333,0,0.0,36,1378.166667,0.005555556,0.026587302,0.0,0.0,Nov,2,2,1,13,Returning_Visitor,True,37,1384.500000333,0.972972972972973,37.41891892791892,0.9954255447226604,False,False,0.165951978138058
8,125.1666667,0,0.0,27,1802.25,0.006060606,0.011774152,0.0,0.0,Mar,3,2,1,8,Returning_Visitor,True,35,1927.4166667,0.7714285714285715,55.06904762,0.9350598815178336,False,False,0.052651730902650025
0,0.0,0,0.0,25,960.0,0.016,0.054666667,0.0,0.4,May,2,2,1,11,Returning_Visitor,False,25,960.0,1.0,38.4,1.0,False,False,0.015120776727430493
2,10.66666667,0,0.0,34,541.5,0.017142857,0.03352381,0.0,0.0,May,3,2,4,13,Returning_Visitor,False,36,552.16666667,0.9444444444444444,15.337962963055556,0.9806821611772972,False,False,0.008366447889360515
0,0.0,1,113.0,27,3178.583333,0.025,0.04047619,0.0,0.0,May,2,2,1,3,Returning_Visitor,False,28,3291.583333,0.9642857142857144,117.55654760714286,0.9656700169589784,False,False,0.019016212101915123
0,0.0,0,0.0,10,640.875,0.0,0.011111111,18.85445822,0.0,Nov,2,2,1,2,Returning_Visitor,False,10,640.875,1.0,64.0875,1.0,True,True,0.9223580116638265
1,31.25,0,0.0,31,1470.208333,0.0,0.012222222,0.0,0.0,Nov,3,2,3,8,New_Visitor,False,32,1501.458333,0.96875,46.92057290625,0.9791869016188012,True,False,0.22860867145543326
2,65.0,0,0.0,13,1248.0,0.0,0.020512821,0.0,0.0,May,1,2,8,6,Returning_Visitor,False,15,1313.0,0.8666666666666667,87.53333333333333,0.9504950495049505,False,False,0.017865816217678705
3,132.92,4,212.8,36,1335.773333,0.014285714,0.034484127,11.11383981,0.0,Nov,2,7,2,2,Returning_Visitor,False,43,1681.493333,0.8372093023255814,39.10449611627907,0.7943970438567299,False,True,0.7101550411182611
0,0.0,0,0.0,13,472.9952381,0.015384615,0.030769231,0.0,0.0,May,2,4,2,3,Returning_Visitor,True,13,472.9952381,1.0,36.38424908461538,1.0,False,False,0.016784515724232663
0,0.0,0,0.0,3,120.5,0.0,0.066666667,0.0,0.0,Nov,2,2,3,1,Other,True,3,120.5,1.0,40.16666666666666,1.0,False,False,0.106782357592363
0,0.0,0,0.0,1,0.0,0.2,0.2,0.0,0.0,Oct,1,1,8,1,Returning_Visitor,True,1,0.0,1.0,0.0,0.0,False,False,0.019762166446964467
1,169.2,0,0.0,24,1433.163333,0.008333333,0.006944444,0.0,0.0,Aug,3,2,3,4,Returning_Visitor,True,25,1602.363333,0.96,64.09453332,0.894405971158103,True,False,0.029851863888294593
14,286.5333333,2,118.8,31,835.71,0.0,0.007317073,33.05509961,0.0,Nov,2,2,7,2,Returning_Visitor,False,47,1241.0433333,0.6595744680851063,26.40517730425532,0.6733930859431014,True,True,0.8442945111924208
0,0.0,0,0.0,31,558.3333333,0.0,0.026666667,0.0,0.8,May,2,2,8,3,Returning_Visitor,False,31,558.3333333,1.0,18.010752687096776,1.0,False,False,0.01460914904395098
0,0.0,0,0.0,30,1791.7,0.013333333,0.031111111,0.0,0.0,Mar,2,4,1,3,Returning_Visitor,False,30,1791.7,1.0,59.723333333333336,1.0,False,False,0.020619407835531896
12,310.6333333,0,0.0,28,606.4166667,0.027619048,0.03614966,0.0,0.0,May,3,2,2,1,Returning_Visitor,True,40,917.05,0.7,22.92625,0.6612689239408974,False,False,0.018521821885475166
0,0.0,0,0.0,8,190.1590909,0.05625,0.055357143,0.0,0.0,Dec,1,1,7,3,Returning_Visitor,False,8,190.1590909,1.0,23.7698863625,1.0,False,False,0.01951465450817017
0,0.0,0,0.0,6,77.0,0.083333333,0.116666667,0.0,0.0,Dec,2,2,3,13,Returning_Visitor,False,6,77.0,1.0,12.833333333333334,1.0,False,False,0.0130929263424757
6,571.5,0,0.0,49,1196.25,0.007843137,0.018954248,0.0,0.0,Dec,2,2,3,13,Returning_Visitor,True,55,1767.75,0.8909090909090909,32.14090909090909,0.6767076792532881,False,False,0.026451461482181762
0,0.0,0,0.0,7,331.0,0.0,0.014285714,0.0,0.0,Nov,1,1,7,10,Returning_Visitor,True,7,331.0,1.0,47.285714285714285,1.0,False,False,0.11669676570878747
1,14.2,2,133.0,13,825.7990476,0.04,0.041666667,14.8397824,0.0,Nov,3,2,4,2,Returning_Visitor,False,16,972.9990476,0.8125,60.812440475,0.8487151653816274,False,True,0.6977185841147865
0,0.0,0,0.0,3,96.0,0.0,0.066666667,0.0,0.0,May,1,8,6,11,Returning_Visitor,True,3,96.0,1.0,32.0,1.0,False,False,0.017716402981403846
4,14.0,0,0.0,28,341.35,0.007142857,0.028571429,0.0,0.0,May,4,1,2,4,Returning_Visitor,False,32,355.35,0.875,11.1046875,0.9606022231602646,False,False,0.0207928533905081
5,141.0,0,0.0,33,1371.633333,0.0,0.005555556,44.71103438,0.0,Mar,2,4,3,8,New_Visitor,True,38,1512.633333,0.868421052631579,39.80614034210527,0.9067850767770964,True,True,0.8644633124419911
6,169.5666667,0,0.0,21,1853.535714,0.0,0.021727273,0.0,0.0,May,3,2,4,4,Returning_Visitor,True,27,2023.1023807,0.7777777777777778,74.92971780370371,0.9161848316142412,False,False,0.0161047412298864
4,72.0,0,0.0,32,2258.175,0.0,0.025714286,38.19067209,0.0,Nov,2,2,9,2,Returning_Visitor,False,36,2330.175,0.8888888888888888,64.72708333333334,0.9691010331842028,False,True,0.8409910713701226
1,45.4,0,0.0,7,352.7,0.0,0.014285714,0.0,0.0,Oct,1,1,3,4,Returning_Visitor,False,8,398.1,0.875,49.7625,0.8859583019341875,False,False,0.043774765393280304
2,48.5,0,0.0,77,1069.97381,0.002531646,0.012466437,0.0,0.0,Dec,2,2,3,2,Returning_Visitor,False,79,1118.47381,0.9746835443037974,14.157896329113925,0.9566373395904548,False,False,0.0498668711176709
2,30.0,1,148.5,24,1530.194444,0.007407407,0.014814815,10.10222222,0.0,Mar,1,1,1,10,Returning_Visitor,False,27,1708.694444,0.8888888888888888,63.284979407407405,0.8955342772800635,False,True,0.8204499306874181
0,0.0,0,0.0,97,7515.583333,0.004166667,0.027083333,0.0,0.8,May,2,2,3,2,Returning_Visitor,False,97,7515.583333,1.0,77.48024054639176,1.0,False,False,0.018315874923680482
0,0.0,0,0.0,37,684.7272727,0.005405405,0.023423423,0.0,0.0,Mar,2,4,3,1,Returning_Visitor,False,37,684.7272727,1.0,18.506142505405403,1.0,False,False,0.02151759294075092
0,0.0,0,0.0,4,214.0,0.0,0.05,0.0,0.0,Mar,2,2,3,3,Returning_Visitor,False,4,214.0,1.0,53.5,1.0,False,False,0.015683013301511322
0,0.0,0,0.0,1,0.0,0.2,0.2,0.0,0.0,May,1,8,1,3,Returning_Visitor,False,1,0.0,1.0,0.0,0.0,False,False,0.009004280915603808
2,34.0,2,9.0,174,4994.24915,0.006025974,0.015842941,0.0,0.0,Nov,2,2,1,8,Returning_Visitor,False,178,5037.24915,0.9775280898876404,28.299152528089884,0.9914635947677912,False,False,0.426072723368894
0,0.0,0,0.0,3,0.0,0.2,0.2,0.0,0.2,May,3,2,1,4,Returning_Visitor,False,3,0.0,1.0,0.0,0.0,False,False,0.009674403221156988
0,0.0,0,0.0,10,450.0,0.0,0.014,0.0,0.8,May,3,2,1,13,Returning_Visitor,False,10,450.0,1.0,45.0,1.0,False,False,0.011202201232714879
6,124.2,0,0.0,5,94.6,0.0,0.022222222,0.0,0.0,Nov,1,1,2,5,New_Visitor,False,11,218.8,0.4545454545454545,19.89090909090909,0.4323583180987202,True,False,0.21152534297866993
0,0.0,0,0.0,1,0.0,0.2,0.2,0.0,0.0,Feb,1,1,4,3,Returning_Visitor,False,1,0.0,1.0,0.0,0.0,False,False,0.011608865135192463
2,34.2,0,0.0,32,929.91,0.006060606,0.026262626,0.0,0.0,Aug,1,1,3,3,Returning_Visitor,False,34,964.11,0.9411764705882352,28.356176470588235,0.9645268693406354,False,False,0.025766791816187722
3,67.4,2,16.2,8,281.1,0.0,0.041666667,15.82044157,0.0,Nov,3,2,1,20,Returning_Visitor,False,13,364.7000000000001,0.6153846153846154,28.05384615384616,0.7707704962983274,True,True,0.7284147176721198
0,0.0,0,0.0,24,381.25,0.0125,0.0625,0.0,0.0,Nov,2,2,1,11,New_Visitor,True,24,381.25,1.0,15.885416666666666,1.0,False,False,0.14481877646436536
0,0.0,0,0.0,2,70.0,0.0,0.1,0.0,0.0,May,1,1,1,4,Returning_Visitor,True,2,70.0,1.0,35.0,1.0,False,False,0.013307417029402158
11,631.4166667,5,1037.15,501,21672.24425,0.003964723,0.014292461,9.131386805,0.0,Nov,2,2,1,2,Returning_Visitor,False,517,23340.8109167,0.9690522243713732,45.14663620251451,0.9285129093134392,True,True,0.8658973886759139
2,241.6,0,0.0,28,920.7,0.0,0.015555556,0.0,0.0,Nov,1,8,3,20,Returning_Visitor,False,30,1162.3,0.9333333333333332,38.74333333333333,0.7921362815107976,False,False,0.12705719537337617
0,0.0,0,0.0,7,248.0,0.057142857,0.080952381,0.0,0.0,Nov,3,2,3,13,Returning_Visitor,False,7,248.0,1.0,35.42857142857143,1.0,False,False,0.06599444055352734
5,140.0,0,0.0,21,839.4166667,0.011594203,0.008695652,30.83748589,0.0,Dec,3,2,3,1,Returning_Visitor,False,26,979.4166667,0.8076923076923077,37.66987179615384,0.857057772488486,True,True,0.6759291573034156
0,0.0,0,0.0,52,1622.433333,0.006410256,0.031730769,0.0,0.0,May,2,2,3,13,Returning_Visitor,False,52,1622.433333,1.0,31.20064101923077,1.0,False,False,0.012827909243685862
0,0.0,0,0.0,12,892.0833333,0.016666667,0.045833333,0.0,0.0,Dec,2,2,6,2,New_Visitor,False,12,892.0833333,1.0,74.340277775,1.0,False,False,0.051784803644932056
4,98.0,1,31.0,32,898.1714286,0.0,0.005555556,23.32166667,0.0,May,2,2,4,2,New_Visitor,True,37,1027.1714286,0.8648648648648649,27.761389962162166,0.8744123946517645,True,True,0.8907080236010643
2,26.5,0,0.0,47,716.625,0.0,0.009574468,0.0,0.0,May,2,4,6,5,New_Visitor,False,49,743.125,0.9591836734693876,15.165816326530612,0.9643397813288478,False,False,0.032376249543727115
1,206.0,2,69.5,65,1140.791667,0.0,0.020707071,6.641911419,0.0,Nov,2,2,4,2,Returning_Visitor,False,68,1416.291667,0.9558823529411764,20.82781863235294,0.8054779206718301,True,True,0.8040427673741807
0,0.0,0,0.0,1,0.0,0.2,0.2,0.0,0.0,Mar,1,1,7,2,Returning_Visitor,True,1,0.0,1.0,0.0,0.0,False,False,0.018586025165257727
0,0.0,0,0.0,28,447.0,0.0,0.033333333,0.0,0.0,Nov,2,2,7,10,Returning_Visitor,False,28,447.0,1.0,15.964285714285714,1.0,False,False,0.1316376926866296
14,484.4615789,2,14.0,33,898.4915789,0.004269006,0.03466118,0.0,0.0,Sep,1,8,1,3,Returning_Visitor,False,49,1396.9531578,0.673469387755102,28.50924811836735,0.6431794608739744,False,False,0.0630493625281189
3,91.0,0,0.0,13,298.2333333,0.0,0.04,0.0,0.0,May,1,1,1,6,Returning_Visitor,False,16,389.2333333,0.8125,24.32708333125,0.7662070737146705,False,False,0.01727808911060823
0,0.0,0,0.0,14,561.6666667,0.0,0.025,0.0,0.0,Dec,2,2,9,10,Returning_Visitor,False,14,561.6666667,1.0,40.11904762142857,1.0,False,False,0.03950016329737357
6,131.75,0,0.0,32,789.4166667,0.0,0.00745098,0.0,0.0,Dec,1,1,1,2,Returning_Visitor,True,38,921.1666667,0.8421052631578947,24.24122807105263,0.8569748507379419,False,False,0.05402121145250853
0,0.0,0,0.0,20,565.6666667,0.015,0.026666667,0.0,0.0,Nov,2,4,6,1,Returning_Visitor,False,20,565.6666667,1.0,28.283333335,1.0,False,False,0.1206958115754065
4,23.53333333,0,0.0,10,118.0,0.011111111,0.066666667,0.0,0.0,June,2,2,2,3,Returning_Visitor,True,14,141.53333333,0.7142857142857143,10.109523809285715,0.8337258596522309,False,False,0.06326808511865023
2,32.2,0,0.0,11,222.5,0.0,0.015384615,0.0,0.0,Aug,2,2,1,4,Returning_Visitor,True,13,254.7,0.8461538461538461,19.59230769230769,0.8735767569689832,True,False,0.04550848381689421
2,28.0,0,0.0,27,434.5,0.0,0.006896552,0.0,0.0,Nov,8,2,7,2,New_Visitor,False,29,462.5,0.9310344827586208,15.948275862068966,0.9394594594594594,True,False,0.25509746648935827
5,55.5,0,0.0,12,1076.5,0.0,0.011764706,0.0,0.0,Mar,2,2,1,2,New_Visitor,False,17,1132.0,0.7058823529411765,66.58823529411765,0.9509717314487632,False,False,0.08027481957619427
0,0.0,0,0.0,1,0.0,0.2,0.2,0.0,0.0,Nov,2,6,2,1,Returning_Visitor,False,1,0.0,1.0,0.0,0.0,False,False,0.041604554547737455
1,28.0,1,47.0,13,224.5,0.0,0.014285714,0.0,0.0,Mar,1,1,1,8,New_Visitor,False,15,299.5,0.8666666666666667,19.966666666666665,0.7495826377295493,False,False,0.036411573344900236
4,49.5,0,0.0,4,180.5,0.028571429,0.028571429,0.0,0.0,Dec,3,2,6,10,Returning_Visitor,False,8,230.0,0.5,28.75,0.7847826086956522,False,False,0.08822135964978857
4,64.5,0,0.0,28,852.3333333,0.013793103,0.02454844,0.0,0.0,May,2,2,1,7,Returning_Visitor,True,32,916.8333333,0.875,28.651041665625,0.9296491546965878,False,False,0.021621238224755746
1,44.5,0,0.0,18,519.5,0.0,0.035,20.394,0.0,May,2,2,7,13,Returning_Visitor,False,19,564.0,0.9473684210526316,29.68421052631579,0.921099290780142,False,True,0.90126760570787
0,0.0,0,0.0,1,0.0,0.2,0.2,0.0,0.0,June,2,2,1,1,Returning_Visitor,False,1,0.0,1.0,0.0,0.0,False,False,0.01595070981826182
0,0.0,0,0.0,13,223.4166667,0.0,0.023076923,0.0,0.0,Dec,2,4,1,2,Returning_Visitor,False,13,223.4166667,1.0,17.185897438461538,1.0,False,False,0.05920757745126378
0,0.0,0,0.0,1,0.0,0.2,0.2,0.0,0.0,Mar,1,1,8,1,Returning_Visitor,False,1,0.0,1.0,0.0,0.0,False,False,0.011755284051457794
0,0.0,0,0.0,3,20.0,0.0,0.066666667,0.0,0.0,Dec,2,4,3,2,Returning_Visitor,False,3,20.0,1.0,6.666666666666667,1.0,False,False,0.038644611240858905
0,0.0,0,0.0,5,178.8333333,0.0,0.04,0.0,0.0,Nov,2,2,7,13,Returning_Visitor,True,5,178.8333333,1.0,35.76666666,1.0,False,False,0.07717402245870514
2,21.33333333,0,0.0,3,45.33333333,0.0,0.0125,0.0,0.0,May,3,2,4,4,Returning_Visitor,True,5,66.66666666,0.6,13.333333332,0.680000000018,False,False,0.02818252980840535
5,47.5,0,0.0,40,787.2,0.0,0.012121212,2.782886364,0.4,May,2,2,4,4,Returning_Visitor,False,45,834.7,0.8888888888888888,18.54888888888889,0.9430933269438122,False,False,0.35139960636530754
0,0.0,0,0.0,3,275.0,0.0,0.05,32.89701477,0.0,Oct,3,2,2,2,New_Visitor,False,3,275.0,1.0,91.66666666666669,1.0,True,True,0.9338940623791726
5,218.5833333,0,0.0,11,370.4583333,0.0,0.003076923,0.0,0.0,Dec,3,7,4,2,Returning_Visitor,False,16,589.0416666,0.6875,36.8151041625,0.6289170262577822,False,False,0.05153274953299008
2,40.0,2,162.0,17,481.6666667,0.024561404,0.036842105,32.64521053,0.0,Mar,2,7,3,2,Returning_Visitor,False,21,683.6666667,0.8095238095238095,32.55555555714285,0.704534373490759,False,True,0.6639042744825592
0,0.0,0,0.0,15,267.7333333,0.022857143,0.040606061,0.0,0.0,Nov,3,2,3,11,Returning_Visitor,True,15,267.7333333,1.0,17.848888886666668,1.0,False,False,0.10706767355563748
0,0.0,0,0.0,44,615.0,0.013636364,0.036363636,0.0,0.0,Dec,4,1,3,1,Returning_Visitor,False,44,615.0,1.0,13.977272727272728,1.0,False,False,0.01982233962799371
0,0.0,0,0.0,13,138.5416667,0.023076923,0.028205128,0.0,0.0,Dec,1,1,8,1,Returning_Visitor,True,13,138.5416667,1.0,10.657051284615385,1.0,False,False,0.02481005846639692
2,29.0,0,0.0,2,15.0,0.0,0.066666667,0.0,0.0,May,2,2,3,6,Returning_Visitor,True,4,44.0,0.5,11.0,0.3409090909090909,False,False,0.061600267963497025
5,70.33333333,0,0.0,29,1049.313889,0.025595238,0.054241071,0.0,0.0,Nov,3,2,3,2,Returning_Visitor,True,34,1119.64722233,0.8529411764705882,32.9308006567647,0.9371825947251176,False,False,0.20577414722789206
3,65.92857143,0,0.0,17,557.6869048,0.0,0.009803922,25.27760515,0.0,Dec,2,2,2,2,Returning_Visitor,False,20,623.61547623,0.85,31.1807738115,0.89428009094873,True,True,0.8651130777331261
2,27.0,0,0.0,6,558.0,0.0,0.0125,0.0,0.0,Mar,2,2,3,8,New_Visitor,False,8,585.0,0.75,73.125,0.953846153846154,False,False,0.04888422733796051
0,0.0,0,0.0,2,5.0,0.0,0.1,0.0,0.0,Mar,2,2,1,1,Returning_Visitor,True,2,5.0,1.0,2.5,1.0,False,False,0.01457858987605463
0,0.0,0,0.0,21,476.8666667,0.00952381,0.034126984,0.0,0.0,Nov,3,2,1,2,Returning_Visitor,True,21,476.8666667,1.0,22.707936509523808,1.0,False,False,0.276475597691363
3,143.0,0,0.0,17,331.8375,0.033333333,0.051234568,0.0,0.0,Dec,2,2,1,1,Returning_Visitor,True,20,474.8375,0.85,23.741875,0.698844341485245,False,False,0.02447240233918917
0,0.0,0,0.0,38,624.5,0.005263158,0.021052632,0.0,0.0,Nov,4,1,9,3,Returning_Visitor,False,38,624.5,1.0,16.43421052631579,1.0,False,False,0.0862290010555325
5,35.75,0,0.0,22,679.5,0.0,0.014666667,10.07328,0.0,May,2,2,8,3,Returning_Visitor,False,27,715.25,0.8148148148148148,26.49074074074074,0.9500174764068507,False,True,0.6442484788941875
0,0.0,0,0.0,14,390.9,0.013333333,0.066666667,0.0,0.0,Aug,2,2,6,3,Returning_Visitor,False,14,390.9,1.0,27.92142857142857,1.0,False,False,0.02277166461060902
6,60.36666667,3,189.3,12,304.7,0.0,0.038596491,2.848312236,0.0,June,2,2,1,4,Returning_Visitor,False,21,554.36666667,0.5714285714285714,26.398412698571427,0.5496362215107352,True,True,0.6211015435291227
0,0.0,0,0.0,2,69.5,0.0,0.1,0.0,0.0,Nov,4,5,9,11,New_Visitor,False,2,69.5,1.0,34.75,1.0,False,False,0.10637913654479932
0,0.0,0,0.0,6,1563.0,0.0,0.011111111,0.0,0.0,May,2,2,1,4,Returning_Visitor,False,6,1563.0,1.0,260.5,1.0,False,False,0.01786315009292148
3,224.0,2,42.0,132,5098.75498,0.010632603,0.014962157,2.209003373,0.0,Nov,1,2,1,2,Returning_Visitor,False,137,5364.75498,0.9635036496350364,39.15879547445255,0.9504171204478756,True,True,0.8910698903020554
5,50.0,0,0.0,234,5246.435176,0.002616034,0.011613896,21.03233592,0.0,Nov,2,2,3,3,Returning_Visitor,False,239,5296.435176,0.9790794979079498,22.160816635983263,0.9905596881036952,True,True,0.8515051537118891
0,0.0,0,0.0,6,184.25,0.083333333,0.086666667,0.0,0.0,Nov,3,2,1,13,Returning_Visitor,True,6,184.25,1.0,30.70833333333333,1.0,False,False,0.07072698469267084
3,48.35,2,358.6,35,676.2666667,0.005128205,0.013675214,0.0,0.0,Oct,2,2,2,2,New_Visitor,False,40,1083.2166667,0.875,27.080416667500003,0.6243133876071479,False,False,0.0698831590689577
3,48.33333333,0,0.0,15,245.5,0.014285714,0.028571429,0.0,0.0,Mar,3,2,3,1,Returning_Visitor,False,18,293.83333333,0.8333333333333334,16.32407407388889,0.8355076574116336,False,False,0.019008945780908785
6,110.625,1,106.0,30,1508.521825,0.04,0.043294931,21.01746974,0.0,Nov,3,2,3,13,Returning_Visitor,False,37,1725.146825,0.8108108108108109,46.625589864864864,0.8744309777806883,False,True,0.6627691893605628
13,313.0333333,0,0.0,135,3700.495815,0.004662005,0.014626073,3.348407692,0.0,May,2,4,1,4,Returning_Visitor,False,148,4013.5291483,0.9121621621621622,27.118440191216216,0.9220054665773162,False,False,0.19602123757808979
2,55.375,1,566.0,29,1978.14881,0.001904762,0.016222222,0.0,0.0,Nov,3,2,1,10,Returning_Visitor,False,32,2599.52381,0.90625,81.23511906249999,0.7609658362775297,False,False,0.23781897061944096
6,78.75,0,0.0,24,465.7321429,0.0,0.015384615,0.0,0.0,Dec,4,2,1,2,New_Visitor,False,30,544.4821429,0.8,18.149404763333333,0.855367157533276,False,False,0.07424856621656296
1,58.0,0,0.0,33,647.625,0.0,0.00625,0.0,0.0,Dec,3,2,3,2,New_Visitor,False,34,705.625,0.9705882352941176,20.75367647058824,0.9178033658104516,False,False,0.048295033849755885
0,0.0,0,0.0,1,340.2,0.066666667,0.075,0.0,0.0,May,1,1,3,2,Returning_Visitor,True,1,340.2,1.0,340.2,1.0,False,False,0.01447565555825737
13,399.75,3,47.75,61,1458.993056,0.001785714,0.01655198,17.49721917,0.0,Nov,1,1,1,2,New_Visitor,False,77,1906.493056,0.7922077922077922,24.75965007792208,0.7652758300946049,False,True,0.8983791759775055
0,0.0,0,0.0,2,5.0,0.0,0.1,0.0,0.0,Mar,2,2,1,2,Returning_Visitor,False,2,5.0,1.0,2.5,1.0,False,False,0.028158218375394516
0,0.0,0,0.0,1,0.0,0.2,0.2,0.0,0.0,Oct,2,2,6,2,Returning_Visitor,False,1,0.0,1.0,0.0,0.0,False,False,0.030573084129643952
0,0.0,0,0.0,5,614.75,0.0,0.073333333,0.0,0.0,Dec,2,10,2,2,Returning_Visitor,False,5,614.75,1.0,122.95,1.0,False,False,0.03292255153635902
0,0.0,0,0.0,1,0.0,0.2,0.2,0.0,0.0,Dec,1,1,2,3,Returning_Visitor,False,1,0.0,1.0,0.0,0.0,False,False,0.013982812788461448
2,32.5,0,0.0,12,239.75,0.0,0.005128205,0.0,0.4,May,2,4,1,5,New_Visitor,False,14,272.25,0.8571428571428571,19.446428571428573,0.8806244260789715,False,False,0.03432998176855438
0,0.0,0,0.0,2,0.0,0.2,0.2,0.0,0.0,May,2,2,2,3,Returning_Visitor,False,2,0.0,1.0,0.0,0.0,False,False,0.009831034079781335
7,58.6,0,0.0,20,585.8833333,0.017391304,0.044637681,0.0,0.0,Jul,1,1,1,4,Returning_Visitor,True,27,644.4833333,0.7407407407407407,23.869753085185184,0.9090744523990316,False,False,0.11413115449682244
1,11.0,0,0.0,4,1145.0,0.05,0.1,0.0,0.2,May,2,2,3,13,Returning_Visitor,False,5,1156.0,0.8,231.2,0.990484429065744,False,False,0.00927582466143079
13,297.75,3,352.5,41,2422.375,0.0,0.016037736,72.43846009,0.0,Dec,2,2,1,8,Returning_Visitor,False,57,3072.625,0.7192982456140351,53.905701754385966,0.7883731337211668,True,True,0.6473105730588071
1,90.6,0,0.0,11,424.5957143,0.053333333,0.055833333,0.0,0.0,Aug,3,2,8,1,Returning_Visitor,False,12,515.1957143,0.9166666666666666,42.93297619166666,0.8241444998759377,False,False,0.02140905470672932
1,390.0,0,0.0,26,1325.833333,0.007692308,0.025641026,0.0,0.0,Dec,2,2,1,1,Returning_Visitor,True,27,1715.833333,0.9629629629629628,63.54938270370371,0.7727051966532696,False,False,0.031027793805192157
4,60.08333333,0,0.0,24,1204.416667,0.007692308,0.026923077,46.62801597,0.0,Dec,2,2,6,6,Returning_Visitor,False,28,1264.50000033,0.8571428571428571,45.1607142975,0.95248451299777,False,True,0.8294649735835448
7,150.375,0,0.0,7,219.5833333,0.0,0.018181818,0.0,0.0,Dec,1,1,1,2,Returning_Visitor,True,14,369.9583333,0.5,26.425595235714287,0.593535307993561,False,False,0.0960089664775318
0,0.0,0,0.0,8,113.6666667,0.0,0.025,0.0,0.0,Nov,2,2,4,13,Returning_Visitor,False,8,113.6666667,1.0,14.2083333375,1.0,False,False,0.06895376632817285
2,39.0,0,0.0,9,128.0,0.0,0.018181818,0.0,0.0,May,2,2,1,2,New_Visitor,False,11,167.0,0.8181818181818182,15.181818181818182,0.7664670658682635,False,False,0.041703269630067534
2,11.0,0,0.0,36,474.3066667,0.0,0.015714286,47.65907425,0.0,June,4,1,2,4,Returning_Visitor,False,38,485.3066667,0.9473684210526316,12.771228071052631,0.9773339194476802,False,True,0.8905955747740658
5,1023.0,0,0.0,46,4681.894444,0.008,0.024380952,0.0,0.8,May,2,2,7,13,Returning_Visitor,False,51,5704.894444,0.9019607843137256,111.860675372549,0.8206802930287486,False,False,0.011208241770169351
1,38.0,2,20.0,57,2931.580303,0.004,0.021833333,0.0,1.0,May,2,2,4,2,Returning_Visitor,True,60,2989.580303,0.95,49.826338383333336,0.9805992834707272,False,False,0.01674725462539573
5,96.0,0,0.0,81,2833.814103,0.00021645,0.025137085,0.0,0.0,Nov,4,1,7,2,Returning_Visitor,False,86,2929.814103,0.9418604651162792,34.06760584883721,0.9672334159693954,False,False,0.31206885104675125
5,209.625,2,118.75,21,398.0,0.006896552,0.02183908,0.0,0.0,Dec,2,2,4,2,New_Visitor,False,28,726.375,0.75,25.941964285714285,0.5479263465840647,False,False,0.06353298461466063
3,548.5,0,0.0,9,117.0,0.0,0.016666667,0.0,0.0,Nov,2,4,1,2,Returning_Visitor,True,12,665.5,0.75,55.458333333333336,0.1758076634109692,False,False,0.28273521618649355
0,0.0,0,0.0,11,115.25,0.027272727,0.045454545,0.0,0.0,Nov,3,2,9,10,New_Visitor,True,11,115.25,1.0,10.477272727272728,1.0,False,False,0.11140842197232752
0,0.0,0,0.0,3,140.0,0.066666667,0.133333333,0.0,0.0,May,3,2,1,3,Returning_Visitor,False,3,140.0,1.0,46.66666666666666,1.0,False,False,0.009364989315554878
3,38.0,0,0.0,12,279.0833333,0.0,0.038461538,0.0,0.0,Nov,1,1,8,2,Returning_Visitor,False,15,317.0833333,0.8,21.138888886666667,0.8801576872410153,False,False,0.19968737950952778
16,381.6731217,3,199.4,86,1618.40328,0.015067698,0.022043153,3.885233567,0.0,Jul,3,2,8,4,Returning_Visitor,False,105,2199.4764017,0.819047619047619,20.94739430190476,0.7358129774655087,True,False,0.415456196022271
1,7.0,4,364.9166667,248,7445.957075,0.004316069,0.015735624,1.26665917,0.0,Nov,2,2,1,2,Returning_Visitor,False,253,7817.8737417,0.9802371541501976,30.90068672608696,0.9524273889566388,True,True,0.9165504181605635
1,6.0,0,0.0,45,2487.333333,0.018604651,0.066666667,0.0,0.0,May,2,2,7,11,Returning_Visitor,False,46,2493.333333,0.9782608695652174,54.20289854347826,0.9975935828873788,False,False,0.015660894291497467
2,152.8333333,0,0.0,20,791.6666667,0.011111111,0.016666667,41.35007203,0.0,Mar,1,1,1,2,New_Visitor,False,22,944.5,0.9090909090909092,42.93181818181818,0.838185989094759,True,True,0.9056488408711991
0,0.0,0,0.0,46,1014.375,0.008695652,0.026449275,0.0,0.0,Dec,2,2,3,2,Returning_Visitor,True,46,1014.375,1.0,22.05163043478261,1.0,False,False,0.04132672784627118
1,0.0,0,0.0,14,503.6333333,0.013333333,0.033333333,0.0,0.0,Aug,2,2,9,2,Returning_Visitor,False,15,503.6333333,0.9333333333333332,33.57555555333333,1.0,False,False,0.045633479236549854
2,126.0,0,0.0,6,127.1666667,0.05,0.04375,0.0,0.0,Dec,3,2,5,3,Returning_Visitor,True,8,253.1666667,0.75,31.6458333375,0.5023041475309672,False,False,0.028037162626532566
9,179.4533333,7,277.6333333,37,829.1871429,0.002325581,0.007674419,9.098216282,0.0,Nov,2,2,3,2,Returning_Visitor,True,53,1286.2738095,0.6981132075471698,24.26931716037736,0.6446427943847519,False,True,0.8005449708918857
0,0.0,2,22.0,41,979.375,0.004651163,0.009302326,0.0,0.0,Nov,2,2,3,2,Returning_Visitor,True,43,1001.375,0.9534883720930232,23.287790697674417,0.9780302084633627,False,False,0.2845555053287178
0,0.0,0,0.0,24,387.8846154,0.025,0.038095238,0.0,0.0,Mar,2,2,3,3,Returning_Visitor,False,24,387.8846154,1.0,16.161858974999998,1.0,False,False,0.015921882326174867
0,0.0,0,0.0,2,0.0,0.2,0.2,0.0,0.0,May,2,2,6,13,Returning_Visitor,False,2,0.0,1.0,0.0,0.0,False,False,0.008200441362570908
0,0.0,0,0.0,37,698.5416667,0.003809524,0.015238095,0.0,0.0,Nov,2,2,6,11,Returning_Visitor,False,37,698.5416667,1.0,18.879504505405404,1.0,False,False,0.1631675537410958
0,0.0,0,0.0,5,155.25,0.0,0.12,0.0,0.0,Nov,1,1,1,1,Returning_Visitor,False,5,155.25,1.0,31.05,1.0,False,False,0.07051832764211494
10,175.3333333,0,0.0,88,2638.244429,0.004395604,0.022464739,8.27583441,0.0,Nov,1,1,8,10,Returning_Visitor,True,98,2813.5777623,0.8979591836734694,28.709977166326528,0.937683139364639,False,True,0.81720566117114
0,0.0,0,0.0,38,454.2891775,0.011111111,0.014074074,0.0,0.6,May,2,2,1,3,Returning_Visitor,False,38,454.2891775,1.0,11.954978355263158,1.0,False,False,0.016150463758055397
1,19.0,0,0.0,7,115.6666667,0.0,0.028571429,0.0,0.0,Mar,3,2,2,10,Returning_Visitor,False,8,134.6666667,0.875,16.8333333375,0.8589108911240319,False,False,0.030537183417421503
0,0.0,0,0.0,12,86.5,0.076923077,0.087179487,0.0,0.8,May,3,2,6,13,Returning_Visitor,False,12,86.5,1.0,7.208333333333333,1.0,False,False,0.008329243415866114
7,108.6666667,6,853.75,194,6737.271825,0.000123762,0.006138614,0.0,0.0,Mar,2,5,1,3,Returning_Visitor,True,207,7699.6884917,0.9371980676328504,37.19656276183575,0.87500576578683,False,False,0.023904652018635935
0,0.0,0,0.0,20,255.75,0.0,0.028421053,0.0,0.0,May,2,2,1,4,Returning_Visitor,False,20,255.75,1.0,12.7875,1.0,False,False,0.01745884487609842
0,0.0,0,0.0,4,49.5,0.0,0.016666667,0.0,0.0,Mar,2,2,9,2,Returning_Visitor,False,4,49.5,1.0,12.375,1.0,False,False,0.030994301337977672
2,50.0,0,0.0,29,598.297619,0.0,0.016666667,0.0,0.0,Mar,2,6,3,1,Returning_Visitor,False,31,648.297619,0.935483870967742,20.91282641935484,0.9228749288372752,False,False,0.01569730485988237
0,0.0,0,0.0,16,230.5666667,0.0,0.023958333,0.0,0.0,Aug,2,2,3,4,Returning_Visitor,False,16,230.5666667,1.0,14.41041666875,1.0,False,False,0.031495485233121415
9,223.0,1,93.0,76,2893.940476,0.002409639,0.014859438,1.935491302,0.0,Nov,1,2,3,8,Returning_Visitor,False,86,3209.940476,0.8837209302325582,37.32488925581396,0.9015558069183336,False,True,0.8632443856531195
1,13.0,4,37.5,32,675.6666667,0.005714286,0.028571429,0.0,0.0,Dec,2,4,1,10,Returning_Visitor,False,37,726.1666667,0.8648648648648649,19.626126127027025,0.930456736289628,False,False,0.06502891795719998
3,156.8,4,262.75,12,350.4253968,0.002614379,0.041356389,0.0,0.4,May,3,2,1,4,Returning_Visitor,False,19,769.9753968,0.631578947368421,40.52502088421053,0.4551124597699613,False,False,0.025552910887108392
0,0.0,0,0.0,47,1475.366667,0.010638298,0.02674772,0.0,0.0,Nov,1,1,4,1,Returning_Visitor,True,47,1475.366667,1.0,31.39078014893617,1.0,False,False,0.07020863856272865
0,0.0,0,0.0,47,778.7619048,0.042553191,0.051999065,0.0,0.0,May,3,2,6,15,Returning_Visitor,True,47,778.7619048,1.0,16.569402229787233,1.0,False,False,0.01468337194353043
0,0.0,0,0.0,22,2473.25,0.009090909,0.013383838,0.0,0.0,May,3,2,3,2,Returning_Visitor,False,22,2473.25,1.0,112.42045454545456,1.0,False,False,0.018781473859033445
3,82.6,0,0.0,33,598.7611111,0.0,0.007843137,0.0,0.0,Sep,2,2,2,1,Returning_Visitor,False,36,681.3611111,0.9166666666666666,18.92669753055556,0.8787720657161526,False,False,0.044234067158091764
0,0.0,0,0.0,2,0.0,0.2,0.2,0.0,0.0,Mar,1,1,1,10,Returning_Visitor,False,2,0.0,1.0,0.0,0.0,False,False,0.02102231959047421
9,160.0,0,0.0,48,3946.008333,0.007272727,0.011515152,20.32388105,0.0,Mar,2,6,1,8,Returning_Visitor,True,57,4106.008333,0.8421052631578947,72.0352339122807,0.961032714250948,True,True,0.627091824025489
4,73.33333333,1,0.0,52,1543.75,0.004166667,0.023639456,0.0,0.0,Nov,2,2,9,13,Returning_Visitor,False,57,1617.08333333,0.912280701754386,28.36988304087719,0.9546508631815608,False,False,0.11460314201377712
1,69.5,0,0.0,8,226.5,0.0,0.0125,0.0,0.0,Mar,3,2,1,13,Returning_Visitor,False,9,296.0,0.8888888888888888,32.888888888888886,0.7652027027027027,False,False,0.01810217457645882
3,30.0,0,0.0,37,518.0,0.0,0.015384615,0.0,0.0,May,2,10,1,3,Returning_Visitor,False,40,548.0,0.925,13.7,0.9452554744525548,False,False,0.017586474964819708
2,102.0,0,0.0,13,177.5,0.0,0.026666667,0.0,0.0,May,2,2,4,3,New_Visitor,True,15,279.5,0.8666666666666667,18.633333333333333,0.6350626118067979,False,False,0.018902001636153673
0,0.0,0,0.0,15,139.8333333,0.026666667,0.053333333,0.0,0.0,Mar,2,2,6,1,Returning_Visitor,False,15,139.8333333,1.0,9.32222222,1.0,False,False,0.015699479681385443
0,0.0,0,0.0,3,0.0,0.2,0.2,0.0,0.0,Nov,3,2,4,3,Returning_Visitor,True,3,0.0,1.0,0.0,0.0,False,False,0.04405060709730001
0,0.0,0,0.0,21,1129.0,0.00952381,0.038095238,0.0,0.0,Mar,2,5,5,1,Returning_Visitor,False,21,1129.0,1.0,53.76190476190476,1.0,False,False,0.019416481537625558
0,0.0,0,0.0,23,1375.916667,0.039130435,0.093478261,0.0,0.0,Nov,3,2,8,13,Returning_Visitor,False,23,1375.916667,1.0,59.82246378260869,1.0,False,False,0.07083362132176736
6,107.04,3,53.2,114,5066.6611,0.006666667,0.016180556,0.0,0.0,Nov,3,2,3,3,Returning_Visitor,True,123,5226.9011,0.926829268292683,42.49513089430894,0.969343211793313,False,False,0.1444354925274601
0,0.0,0,0.0,12,201.3333333,0.016666667,0.035714286,0.0,0.0,Nov,3,2,1,13,Returning_Visitor,True,12,201.3333333,1.0,16.777777775,1.0,False,False,0.08377478522436264
2,7.0,0,0.0,40,906.4,0.0,0.015238095,0.0,0.0,Oct,2,2,9,4,Returning_Visitor,False,42,913.4,0.9523809523809524,21.747619047619047,0.992336325815634,False,False,0.04271494576121119
0,0.0,0,0.0,37,1669.559524,0.016190476,0.051333333,0.0,0.0,May,3,2,3,1,Returning_Visitor,False,37,1669.559524,1.0,45.12323037837838,1.0,False,False,0.010069694490297596
3,9.5,0,0.0,25,528.9666667,0.007692308,0.037179487,3.296827304,0.0,June,2,2,2,3,Returning_Visitor,False,28,538.4666667,0.8928571428571429,19.230952382142856,0.9823573108838456,False,True,0.6364045032676517
1,114.0,1,173.0,36,2542.333333,0.042592593,0.059814815,33.44055556,0.0,May,2,2,7,1,Returning_Visitor,True,38,2829.333333,0.9473684210526316,74.45614034210526,0.8985626767081247,False,True,0.5449693428738077
0,0.0,0,0.0,2,0.0,0.2,0.2,0.0,0.0,Nov,1,1,1,1,Returning_Visitor,False,2,0.0,1.0,0.0,0.0,False,False,0.05329298936987645
0,0.0,0,0.0,3,255.0,0.0,0.066666667,0.0,0.0,Nov,2,5,8,3,Returning_Visitor,True,3,255.0,1.0,85.0,1.0,False,False,0.08139441250037734
0,0.0,0,0.0,68,746.8,0.002941176,0.011470588,0.0,0.0,May,2,2,1,13,Returning_Visitor,False,68,746.8,1.0,10.98235294117647,1.0,False,False,0.014704815720323823
0,0.0,0,0.0,43,1606.45,0.0,0.004761905,18.51505467,0.0,June,4,1,1,2,New_Visitor,False,43,1606.45,1.0,37.3593023255814,1.0,True,True,0.9203548314158397
3,45.0,0,0.0,10,579.3333333,0.0,0.022222222,0.0,0.0,May,1,1,2,5,New_Visitor,False,13,624.3333333,0.7692307692307693,48.02564102307693,0.9279231179886772,False,False,0.04121088980313575
13,611.0470588,7,393.325,34,1352.816503,0.009406495,0.033988025,5.816167973,0.0,May,2,2,6,2,Returning_Visitor,False,54,2357.1885618,0.6296296296296297,43.65164003333333,0.5739110247365872,False,False,0.2094930942652308
0,0.0,0,0.0,84,1460.256115,0.004703833,0.013205032,0.0,0.0,Nov,1,1,1,2,Returning_Visitor,True,84,1460.256115,1.0,17.384001369047617,1.0,False,False,0.3504227096757102
0,0.0,0,0.0,2,107.8,0.0,0.1,0.0,0.0,Aug,2,2,5,13,Returning_Visitor,False,2,107.8,1.0,53.9,1.0,False,False,0.014312766704376924
0,0.0,0,0.0,15,239.0,0.048888889,0.072,0.0,0.0,May,3,2,1,3,Returning_Visitor,True,15,239.0,1.0,15.933333333333334,1.0,False,False,0.011280555480141664
7,280.0,0,0.0,21,612.75,0.0,0.008695652,43.81043478,0.0,May,2,2,2,1,Returning_Visitor,False,28,892.75,0.75,31.883928571428573,0.686362363483618,True,True,0.7408126094571595
1,4.0,0,0.0,15,377.5,0.0,0.002040816,69.7132141,0.0,Nov,8,13,9,20,Other,False,16,381.5,0.9375,23.84375,0.9895150720838796,False,True,0.9277785753306433
0,0.0,0,0.0,7,182.0,0.028571429,0.071428571,0.0,0.0,Mar,3,2,1,13,Returning_Visitor,True,7,182.0,1.0,26.0,1.0,False,False,0.014308570600868835
0,0.0,0,0.0,1,0.0,0.2,0.2,0.0,0.0,Dec,1,1,3,3,New_Visitor,True,1,0.0,1.0,0.0,0.0,False,False,0.01795147325485238
0,0.0,0,0.0,12,404.0,0.0,0.033333333,0.0,0.0,May,2,4,6,1,Returning_Visitor,False,12,404.0,1.0,33.666666666666664,1.0,False,False,0.016557672309280517
0,0.0,0,0.0,11,296.45,0.0,0.007792208,0.0,0.0,Mar,3,2,6,2,Returning_Visitor,False,11,296.45,1.0,26.95,1.0,False,False,0.030247404973499425
0,0.0,0,0.0,11,919.0,0.0,0.027272727,0.0,0.0,Mar,2,6,2,3,Returning_Visitor,False,11,919.0,1.0,83.54545454545455,1.0,False,False,0.011807349975837671
9,252.667619,1,0.0,67,1060.693791,0.022685185,0.029967788,0.131837013,0.0,Oct,3,2,1,13,Returning_Visitor,False,77,1313.36141,0.8701298701298701,17.05664168831169,0.807617600855198,True,False,0.1605167335376709
0,0.0,0,0.0,1,0.0,0.2,0.2,0.0,0.0,Nov,1,8,8,11,Returning_Visitor,True,1,0.0,1.0,0.0,0.0,False,False,0.07565446755088685
9,149.9333333,2,26.66666667,67,1783.122222,0.0,0.005855856,0.0,0.0,May,1,1,2,4,Returning_Visitor,False,78,1959.72222197,0.8589743589743589,25.124643871410257,0.909885187813774,False,False,0.018263012333059474
0,0.0,0,0.0,3,30.0,0.0,0.066666667,0.0,0.0,Mar,2,2,1,1,Returning_Visitor,False,3,30.0,1.0,10.0,1.0,False,False,0.01712191631967614
12,418.3333333,2,85.0,127,6931.049725,0.004347826,0.015855776,2.321101087,1.0,May,2,2,5,6,Returning_Visitor,True,141,7434.3830583,0.900709219858156,52.72612098085106,0.932296556506049,False,False,0.09285434658663763
0,0.0,0,0.0,6,34.33333333,0.033333333,0.05,0.0,0.6,May,2,2,2,3,Returning_Visitor,False,6,34.33333333,1.0,5.722222221666667,1.0,False,False,0.011979060513859434
0,0.0,0,0.0,111,2805.038095,0.005405405,0.038192738,0.0,0.0,Aug,4,1,3,3,Returning_Visitor,True,111,2805.038095,1.0,25.27061346846847,1.0,False,False,0.017432709718328682
0,0.0,0,0.0,11,212.9166667,0.0,0.009090909,0.0,0.0,Nov,3,2,5,2,New_Visitor,False,11,212.9166667,1.0,19.35606060909091,1.0,False,False,0.20377900542383168
0,0.0,0,0.0,6,222.4,0.0,0.033333333,63.55337685,0.0,Jul,1,1,4,4,Returning_Visitor,True,6,222.4,1.0,37.06666666666667,1.0,False,True,0.9237222017020474
2,84.0,0,0.0,25,506.7666667,0.017391304,0.038405797,0.0,0.0,May,3,2,4,3,Returning_Visitor,False,27,590.7666667,0.925925925925926,21.880246914814816,0.8578118828720978,False,False,0.009629928474606458
8,116.9722222,9,2252.033333,19,1135.880556,0.009677419,0.011841507,0.0,0.0,Jul,3,2,4,2,Returning_Visitor,True,36,3504.8861112,0.5277777777777778,97.35794753333332,0.3240848689406054,False,False,0.07828399929647131
0,0.0,0,0.0,3,13.0,0.133333333,0.166666667,0.0,0.0,Feb,2,4,1,1,Returning_Visitor,False,3,13.0,1.0,4.333333333333333,1.0,False,False,0.019203345040668923
0,0.0,0,0.0,2,19.0,0.0,0.1,0.0,1.0,May,1,2,3,2,Returning_Visitor,True,2,19.0,1.0,9.5,1.0,False,False,0.014890487182211247
2,92.0,2,59.5,39,2207.757143,0.009756098,0.023577236,0.0,0.0,Dec,3,2,1,2,Returning_Visitor,False,43,2359.257143,0.9069767441860463,54.866445186046505,0.9357848717552872,False,False,0.06563312367303253
6,262.02,0,0.0,25,688.4533333,0.0,0.025904762,2.368830117,0.0,Sep,2,2,3,2,Returning_Visitor,False,31,950.4733333,0.8064516129032258,30.660430106451614,0.7243268266240795,False,True,0.7123853053391829
0,0.0,0,0.0,12,582.5,0.0,0.006666667,0.0,0.0,May,2,4,4,2,New_Visitor,True,12,582.5,1.0,48.54166666666666,1.0,False,False,0.02505885921316104
1,25.5,0,0.0,12,122.6666667,0.0,0.014285714,0.0,0.0,Nov,1,1,1,8,New_Visitor,True,13,148.1666667,0.9230769230769232,11.3974359,0.8278965129746013,False,False,0.1970594171935003
0,0.0,0,0.0,18,1093.083333,0.011111111,0.011481481,0.0,0.0,Nov,3,2,3,1,Returning_Visitor,False,18,1093.083333,1.0,60.726851833333335,1.0,False,False,0.12157147707894597
0,0.0,0,0.0,3,159.5,0.0,0.066666667,0.0,0.0,Nov,2,4,1,3,Returning_Visitor,False,3,159.5,1.0,53.16666666666666,1.0,False,False,0.10102665564716944
7,52.4,3,202.5,55,1995.466667,0.003333333,0.025396825,1.8315,0.0,May,2,2,6,13,Returning_Visitor,False,65,2250.366667,0.8461538461538461,34.62102564615384,0.8867295700127787,False,False,0.12606493878673053
1,7.6,1,0.0,3,14.6,0.0,0.08,0.0,0.0,Sep,2,2,1,2,Returning_Visitor,True,5,22.2,0.6,4.44,0.6576576576576577,False,False,0.12284181204379156
2,67.66666667,1,17.0,7,258.0,0.0,0.022222222,0.0,0.0,May,1,1,8,4,Returning_Visitor,False,10,342.66666667,0.7,34.266666667,0.7529182879304192,False,False,0.03545206522735562
2,98.0,0,0.0,29,1407.375,0.0,0.006666667,39.59436227,0.0,Dec,2,2,4,1,Returning_Visitor,True,31,1505.375,0.935483870967742,48.560483870967744,0.934899941874948,True,True,0.8385004063707123
0,0.0,0,0.0,6,268.4,0.0,0.04,0.0,0.0,Jul,2,4,9,6,Returning_Visitor,False,6,268.4,1.0,44.73333333333333,1.0,False,False,0.04802378191668523
0,0.0,4,14.0,8,284.7,0.016666667,0.047222222,0.0,0.0,Nov,3,2,7,2,Returning_Visitor,False,12,298.7,0.6666666666666666,24.891666666666666,0.9531302310010044,True,False,0.1388678335217009
2,386.0,0,0.0,72,712.2960784,0.0,0.000913242,0.0,0.0,Nov,2,2,4,2,New_Visitor,False,74,1098.2960784000002,0.972972972972973,14.8418388972973,0.6485465007192545,False,False,0.25483932215573313
0,0.0,2,4.0,45,2984.130952,0.004255319,0.02141844,0.0,0.0,Nov,2,2,1,1,Returning_Visitor,False,47,2988.130952,0.9574468085106383,63.57725429787234,0.9986613705810574,False,False,0.19988103810029048
0,0.0,0,0.0,28,1231.233333,0.007142857,0.030357143,0.0,0.0,Feb,1,1,4,3,Returning_Visitor,False,28,1231.233333,1.0,43.97261903571428,1.0,False,False,0.019796884063223916
0,0.0,0,0.0,38,1517.416739,0.0,0.004122807,0.0,0.0,Nov,4,2,4,2,Returning_Visitor,False,38,1517.416739,1.0,39.93201944736842,1.0,False,False,0.17521826129184584
1,101.0,0,0.0,46,1687.85,0.0,0.011111111,18.844,0.0,May,2,2,3,4,Returning_Visitor,False,47,1788.85,0.9787234042553192,38.06063829787234,0.943539145260922,False,True,0.8261857450796762
5,71.0,0,0.0,57,1422.909324,0.005263158,0.018891527,13.55041394,0.0,Nov,2,4,4,2,Returning_Visitor,False,62,1493.909324,0.9193548387096774,24.09531167741936,0.9524736884231402,True,True,0.8125891080777512
0,0.0,0,0.0,16,588.3333333,0.0,0.025,0.0,0.0,Feb,2,4,1,1,Returning_Visitor,False,16,588.3333333,1.0,36.77083333125,1.0,False,False,0.03245314109820714
1,194.0,0,0.0,21,304.275,0.0,0.001169591,0.0,0.0,May,1,2,4,2,Returning_Visitor,False,22,498.275,0.9545454545454546,22.64886363636364,0.6106567658421554,False,False,0.015705220849019274
0,0.0,0,0.0,3,16.0,0.066666667,0.133333333,0.0,0.0,Dec,2,4,7,3,Returning_Visitor,False,3,16.0,1.0,5.333333333333333,1.0,False,False,0.017403238720243158
2,337.6,0,0.0,2,8.0,0.0,0.04,0.0,0.0,Nov,2,2,1,2,New_Visitor,False,4,345.6,0.5,86.4,0.0231481481481481,True,False,0.2562334257819713
0,0.0,0,0.0,51,874.4047619,0.008,0.0345,0.0,0.0,Nov,2,2,7,2,Returning_Visitor,False,51,874.4047619,1.0,17.14519140980392,1.0,False,False,0.23302003465111804
0,0.0,0,0.0,3,60.4,0.0,0.066666667,0.0,0.0,Sep,1,1,1,5,Returning_Visitor,False,3,60.4,1.0,20.133333333333333,1.0,False,False,0.04960821487489024
4,151.0,0,0.0,30,1547.233333,0.0,0.012121212,28.40448178,0.0,Sep,2,2,2,2,Returning_Visitor,True,34,1698.233333,0.8823529411764706,49.94803920588235,0.9110840677392356,True,True,0.8296925058507234
0,0.0,0,0.0,3,69.0,0.0,0.066666667,0.0,0.0,Mar,2,2,2,6,Returning_Visitor,False,3,69.0,1.0,23.0,1.0,False,False,0.018639340652335842
1,1.333333333,0,0.0,32,395.2222222,0.006060606,0.011111111,0.0,0.0,Mar,2,4,1,2,Returning_Visitor,True,33,396.555555533,0.9696969696969696,12.016835016151514,0.996637713645928,False,False,0.06564007679532904
0,0.0,0,0.0,56,1294.637143,0.007407407,0.03345679,0.0,0.0,Aug,1,1,3,3,Returning_Visitor,False,56,1294.637143,1.0,23.11852041071429,1.0,False,False,0.019608222040462326
6,111.0,0,0.0,13,522.0,0.0,0.011111111,36.65444444,0.0,May,2,2,2,2,New_Visitor,False,19,633.0,0.6842105263157895,33.31578947368421,0.8246445497630331,True,True,0.9027918046539333
4,378.75,1,0.0,15,638.9166667,0.010526316,0.031578947,0.0,0.0,Nov,2,2,1,2,New_Visitor,False,20,1017.6666667,0.75,50.883333335,0.6278250900875262,True,False,0.3651467536190456
3,86.95,6,173.2,17,481.31,0.0,0.0,27.69500776,0.0,Nov,2,2,9,20,New_Visitor,False,26,741.46,0.6538461538461539,28.517692307692307,0.6491381868205972,True,True,0.8818091328925098
0,0.0,0,0.0,16,511.2,0.0125,0.01875,0.0,0.0,Jul,2,2,3,3,Returning_Visitor,False,16,511.2,1.0,31.95,1.0,False,False,0.03502289435958752
1,18.0,0,0.0,24,1571.0,0.0,0.016666667,0.0,0.0,Mar,2,2,2,3,Returning_Visitor,False,25,1589.0,0.96,63.56,0.9886721208307112,False,False,0.019718385790320897
4,133.8,0,0.0,10,299.5,0.072222222,0.063095238,0.0,0.0,Jul,1,8,7,1,Returning_Visitor,False,14,433.3,0.7142857142857143,30.95,0.6912070159243019,False,False,0.07407973675675059
5,200.0,1,0.0,33,1606.831818,0.0,0.026619133,0.0,0.0,May,3,2,5,2,Returning_Visitor,False,39,1806.831818,0.8461538461538461,46.329020974358976,0.8893090114931771,False,False,0.015149902560281363
0,0.0,0,0.0,3,51.0,0.0,0.1,0.0,0.0,Nov,2,2,3,2,Other,False,3,51.0,1.0,17.0,1.0,False,False,0.17654257385804975
0,0.0,0,0.0,5,0.0,0.2,0.2,0.0,0.0,Jul,3,2,2,13,Returning_Visitor,True,5,0.0,1.0,0.0,0.0,False,False,0.021769333872960227
0,0.0,0,0.0,118,3211.344872,0.006779661,0.016468927,3.05990612,0.0,Nov,2,2,9,2,Returning_Visitor,True,118,3211.344872,1.0,27.21478705084746,1.0,True,True,0.8337089416846862
1,0.0,0,0.0,4,795.0,0.066666667,0.111111111,0.0,0.0,Nov,3,2,9,6,Returning_Visitor,True,5,795.0,0.8,159.0,1.0,False,False,0.0602414975540989
8,355.0,0,0.0,50,1039.599344,0.000925926,0.010164456,0.0,0.0,Nov,1,2,3,10,Returning_Visitor,False,58,1394.599344,0.8620689655172413,24.04481627586207,0.7454466033364203,False,False,0.1717649490500785
2,47.0,1,0.0,20,738.9107143,0.017391304,0.023671498,0.0,0.0,Nov,3,2,1,2,Returning_Visitor,False,23,785.9107143,0.8695652173913043,34.170031056521736,0.9401967689906578,False,False,0.25903213785535434
1,151.5,0,0.0,10,304.75,0.0,0.007407407,0.0,0.0,Dec,3,2,2,2,Returning_Visitor,False,11,456.25,0.9090909090909092,41.47727272727273,0.667945205479452,False,False,0.03976482986405101
1,22.75,0,0.0,16,461.0833333,0.0,0.011458333,17.991,0.0,May,2,2,1,4,Returning_Visitor,False,17,483.8333333,0.9411764705882352,28.460784311764705,0.952979676193798,False,True,0.9238026066130544
2,93.0,3,808.5,33,1310.472222,0.018518519,0.044312169,0.0,0.4,May,2,2,6,4,Returning_Visitor,False,38,2211.9722220000003,0.868421052631579,58.209795315789485,0.592445153228511,False,False,0.011592275914851033
1,32.0,0,0.0,13,813.8,0.0,0.030769231,32.43738462,0.0,May,1,1,3,4,Returning_Visitor,True,14,845.8,0.9285714285714286,60.41428571428571,0.9621659966895248,False,True,0.9209728277892296
5,148.5,1,25.5,36,2590.016667,0.0,0.020954545,19.29866138,0.0,Dec,1,1,1,1,Returning_Visitor,False,42,2764.016667,0.8571428571428571,65.80992064285714,0.9370481364756548,False,True,0.6261276773777853
5,54.83333333,0,0.0,26,986.9166667,0.0,0.010985222,45.69873563,0.0,May,6,2,4,5,Returning_Visitor,False,31,1041.75000003,0.8387096774193549,33.60483871064516,0.9473642108678464,False,True,0.8651880662189476
1,72.6,0,0.0,44,1256.825,0.0,0.0,0.0,0.0,Nov,1,1,4,5,New_Visitor,False,45,1329.425,0.9777777777777776,29.542777777777776,0.9453899242153564,False,False,0.1550272010402228
3,30.0,0,0.0,23,625.3,0.016666667,0.026388889,0.0,0.0,Dec,2,2,3,3,Returning_Visitor,False,26,655.3,0.8846153846153846,25.20384615384615,0.954219441477186,False,False,0.025709062908333552
0,0.0,0,0.0,7,110.0,0.057142857,0.142857143,0.0,0.0,Mar,3,2,8,1,Returning_Visitor,False,7,110.0,1.0,15.714285714285714,1.0,False,False,0.010904658021597406
0,0.0,0,0.0,1,0.0,0.2,0.2,0.0,0.2,May,2,2,1,13,Returning_Visitor,False,1,0.0,1.0,0.0,0.0,False,False,0.008002818594012693
6,475.75,1,18.0,28,1559.65,0.0125,0.027083333,15.81839583,0.0,May,2,2,5,4,Returning_Visitor,False,35,2053.4,0.8,58.66857142857143,0.7595451446381611,True,True,0.6152496023308398
7,165.1,0,0.0,63,1422.103333,0.0,0.008766234,0.0,0.0,June,4,2,2,3,Returning_Visitor,False,70,1587.203333,0.9,22.67433332857143,0.8959805611748927,False,False,0.022023216938604893
13,869.1666667,2,28.2,97,2865.817778,0.009345794,0.024205607,0.0,0.0,Oct,2,6,1,1,Returning_Visitor,False,112,3763.1844447,0.8660714285714286,33.59986111339286,0.7615406101170952,False,False,0.021003938298273572
13,301.5616883,1,14.0,55,3328.903752,0.007936508,0.014212018,38.60204838,0.0,Nov,1,1,1,2,Returning_Visitor,False,69,3644.4654403,0.7971014492753623,52.81833971449276,0.9134134502112266,False,True,0.8680892061278838
1,49.0,0,0.0,112,2237.603885,0.003933137,0.019128308,0.0,0.0,Dec,1,1,4,2,Returning_Visitor,False,113,2286.603885,0.991150442477876,20.23543261061947,0.9785708402222888,False,False,0.027765133284769834
2,135.0,0,0.0,53,1511.195238,0.005454545,0.025787879,0.0,0.0,May,2,2,1,6,Returning_Visitor,True,55,1646.195238,0.9636363636363636,29.93082250909091,0.9179927162442684,False,False,0.022782821144047956
0,0.0,0,0.0,1,0.0,0.2,0.2,0.0,0.0,Feb,1,1,1,2,Returning_Visitor,True,1,0.0,1.0,0.0,0.0,False,False,0.03276032485531219
3,66.33333333,0,0.0,12,368.68,0.04,0.084444444,21.24191985,0.0,Nov,2,2,1,2,Returning_Visitor,False,15,435.01333333,0.8,29.00088888866667,0.847514252443201,True,True,0.7348168407412446
0,0.0,0,0.0,11,205.7,0.0,0.022222222,18.85086521,0.0,Dec,1,1,1,8,New_Visitor,False,11,205.7,1.0,18.7,1.0,True,True,0.9470164282595597
0,0.0,0,0.0,1,0.0,0.2,0.2,0.0,0.2,May,3,2,3,6,Returning_Visitor,False,1,0.0,1.0,0.0,0.0,False,False,0.008354295765346563
2,23.0,0,0.0,18,657.25,0.0,0.0125,0.0,0.0,Dec,2,2,9,2,New_Visitor,False,20,680.25,0.9,34.0125,0.966188901139287,False,False,0.06594329149142797
3,47.0,0,0.0,66,2582.69697,0.003030303,0.012121212,11.96954545,0.0,May,2,2,1,2,Returning_Visitor,False,69,2629.69697,0.9565217391304348,38.111550289855074,0.9821272182551132,False,True,0.728185820723215
0,0.0,0,0.0,12,223.8,0.027777778,0.017777778,0.0,0.0,Jul,1,1,2,4,Returning_Visitor,True,12,223.8,1.0,18.65,1.0,False,False,0.057946496173559875
6,183.25,2,80.5,60,1883.444231,0.0,0.020858475,0.0,0.0,Nov,3,12,1,6,Returning_Visitor,True,68,2147.194231,0.8823529411764706,31.57638575,0.8771652810015397,True,False,0.09468260871912511
0,0.0,0,0.0,13,1001.3,0.0,0.057142857,0.0,0.0,June,2,2,9,1,Returning_Visitor,False,13,1001.3,1.0,77.02307692307691,1.0,False,False,0.022603366149732945
0,0.0,0,0.0,2,41.5,0.1,0.1,0.0,0.0,Dec,1,1,3,1,Returning_Visitor,True,2,41.5,1.0,20.75,1.0,False,False,0.01589007902950184
0,0.0,0,0.0,2,54.0,0.0,0.033333333,0.0,0.0,Nov,1,1,5,10,Returning_Visitor,True,2,54.0,1.0,27.0,1.0,False,False,0.1301989762413351
3,117.0,0,0.0,5,68.0,0.0,0.033333333,0.0,1.0,May,2,2,6,5,New_Visitor,True,8,185.0,0.625,23.125,0.3675675675675676,False,False,0.05833372468919037
8,452.5,0,0.0,30,643.4333333,0.0,0.019047619,0.0,0.0,Oct,1,1,9,2,Returning_Visitor,False,38,1095.9333333,0.7894736842105263,28.84035087631579,0.5871099215155152,False,False,0.041079139508423373
1,30.5,1,31.0,24,533.5,0.0,0.040740741,0.0,0.0,May,4,1,1,3,Returning_Visitor,False,26,595.0,0.9230769230769232,22.884615384615383,0.8966386554621849,False,False,0.013637981415346745
12,1028.833333,1,3.0,155,6794.735417,0.002469136,0.015526696,3.726530231,0.0,Nov,2,2,1,2,Returning_Visitor,False,168,7826.56875,0.9226190476190476,46.58671875,0.8681627459031775,True,True,0.8666710830485577
0,0.0,0,0.0,42,602.8833333,0.0,0.004365079,21.26632526,0.0,Sep,6,2,3,1,Returning_Visitor,False,42,602.8833333,1.0,14.354365078571428,1.0,False,True,0.8626948531459606
12,275.5166667,2,288.375,60,1276.594048,0.0,0.00952381,5.45243266,0.0,Nov,4,1,1,2,Returning_Visitor,False,74,1840.4857147,0.8108108108108109,24.871428577027025,0.6936180149641017,True,True,0.8007131981448448
3,40.2,0,0.0,11,201.1333333,0.0,0.02,0.0,0.0,June,2,2,2,1,New_Visitor,False,14,241.3333333,0.7857142857142857,17.238095235714287,0.8334254143416334,False,False,0.04991036097233403
5,28.58333333,0,0.0,45,649.8632035,0.006122449,0.02755102,0.0,0.0,Jul,3,2,6,5,Returning_Visitor,False,50,678.44653683,0.9,13.5689307366,0.9578694388159842,False,False,0.054542269330375315
0,0.0,0,0.0,39,1262.651515,0.005128205,0.007264957,0.0,0.0,Nov,3,2,2,10,Returning_Visitor,False,39,1262.651515,1.0,32.37567987179487,1.0,True,False,0.164671753943248
0,0.0,0,0.0,8,261.8,0.01,0.04,10.99901844,0.0,Sep,2,2,4,1,Returning_Visitor,True,8,261.8,1.0,32.725,1.0,False,True,0.8614757955804362
0,0.0,0,0.0,8,110.0,0.0,0.0125,0.0,0.0,May,2,5,1,2,Returning_Visitor,False,8,110.0,1.0,13.75,1.0,False,False,0.02519007235318484
4,200.8333333,0,0.0,18,381.3333333,0.0,0.009090909,0.0,0.0,Mar,2,4,7,2,New_Visitor,True,22,582.1666666,0.8181818181818182,26.46212120909091,0.6550243344008044,False,False,0.04687294622908126
1,44.0,0,0.0,1,0.0,0.0,0.066666667,0.0,0.0,Sep,1,1,1,5,New_Visitor,False,2,44.0,0.5,22.0,0.0,True,False,0.16785306555550825
0,0.0,0,0.0,1,0.0,0.2,0.2,0.0,0.0,Feb,2,2,7,3,Returning_Visitor,False,1,0.0,1.0,0.0,0.0,False,False,0.015733263909479857
7,190.2628205,4,195.0,124,3197.290064,0.010320513,0.01989345,7.059929851,0.0,Nov,3,2,6,2,Returning_Visitor,True,135,3582.5528845,0.9185185185185184,26.53742877407408,0.8924613724009912,False,True,0.7700903852092962
2,76.6,0,0.0,16,368.4666667,0.0,0.021568627,0.0,0.0,Oct,4,1,4,1,Returning_Visitor,True,18,445.0666667,0.8888888888888888,24.72592592777778,0.8278909526791574,False,False,0.02802936321592604
1,3.0,0,0.0,14,128.0,0.0,0.028571429,0.0,0.0,Mar,2,2,1,2,Returning_Visitor,False,15,131.0,0.9333333333333332,8.733333333333333,0.9770992366412212,False,False,0.049612879416190234
3,63.0,0,0.0,31,770.5833333,0.005714286,0.023809524,0.0,0.0,Dec,2,2,1,8,Returning_Visitor,False,34,833.5833333,0.9117647058823528,24.517156861764708,0.9244226731950184,False,False,0.05347898330317805
0,0.0,0,0.0,19,1210.1,0.0,0.005555556,0.0,0.0,Nov,1,1,3,10,Returning_Visitor,False,19,1210.1,1.0,63.68947368421052,1.0,False,False,0.15266369773092636
1,14.0,0,0.0,21,334.7857143,0.0,0.023333333,0.0,0.0,Mar,2,2,1,1,Returning_Visitor,False,22,348.7857143,0.9545454545454546,15.853896104545454,0.9598607413491764,False,False,0.024432681666501223
2,43.73333333,0,0.0,19,158.9333333,0.0,0.003741497,0.0,0.0,June,1,1,6,2,Returning_Visitor,False,21,202.66666663,0.9047619047619048,9.650793649047618,0.784210526293196,False,False,0.04356932334614759
8,79.16666667,2,45.0,62,3657.101515,0.000952381,0.020897436,9.027320816,0.0,May,2,7,4,4,Returning_Visitor,False,72,3781.26818167,0.8611111111111112,52.51761363430555,0.9671626923284872,True,False,0.21782180469688991
2,79.6,3,332.08,34,1011.016667,0.018918919,0.043243243,5.128358233,0.0,Oct,2,2,7,1,Returning_Visitor,False,39,1422.696667,0.8717948717948718,36.47940171794872,0.7106340307466258,True,False,0.23186810033090646
0,0.0,0,0.0,6,98.73333333,0.0,0.033333333,0.0,0.0,Sep,3,2,1,2,Returning_Visitor,True,6,98.73333333,1.0,16.455555555,1.0,False,False,0.06957728405869346
6,152.0,0,0.0,17,450.75,0.028571429,0.052380952,14.10739957,0.0,Nov,1,8,3,11,Returning_Visitor,False,23,602.75,0.7391304347826086,26.20652173913044,0.7478224802986313,True,True,0.7418520822510913
0,0.0,0,0.0,9,166.12,0.0,0.022222222,0.0,0.0,Jul,2,2,1,1,Returning_Visitor,False,9,166.12,1.0,18.45777777777778,1.0,False,False,0.04510646869146133
1,78.0,1,14.0,37,935.5571429,0.0,0.027027027,67.73686486,0.0,May,2,2,1,3,Returning_Visitor,False,39,1027.5571429,0.9487179487179488,26.347619048717952,0.9104672663358117,False,True,0.9172469213199548
0,0.0,0,0.0,24,445.9,0.058333333,0.079166667,0.0,0.0,Aug,2,4,1,1,Returning_Visitor,False,24,445.9,1.0,18.579166666666666,1.0,False,False,0.023564138206766668
1,116.0,0,0.0,22,1245.6,0.008695652,0.030434783,27.81913043,0.0,May,1,1,3,4,Returning_Visitor,True,23,1361.6,0.9565217391304348,59.2,0.9148061104582844,True,True,0.8820373724196103
0,0.0,0,0.0,8,551.1666667,0.025,0.035,0.0,0.0,Mar,3,2,2,3,Returning_Visitor,False,8,551.1666667,1.0,68.8958333375,1.0,False,False,0.014631542948467484
4,52.33333333,1,239.0,14,337.5,0.0,0.011764706,0.0,0.0,Mar,2,5,1,2,Returning_Visitor,False,19,628.83333333,0.7368421052631579,33.09649122789474,0.5367081897722593,False,False,0.07956633963719016
0,0.0,0,0.0,4,247.0,0.0,0.05,0.0,0.2,May,2,2,1,2,Returning_Visitor,False,4,247.0,1.0,61.75,1.0,False,False,0.02228674452714343
5,108.2,0,0.0,37,1288.533333,0.005263158,0.028070175,0.0,0.0,Mar,2,2,1,1,Returning_Visitor,False,42,1396.733333,0.8809523809523809,33.25555554761905,0.922533530600576,False,False,0.02468746509182157
1,28.2,0,0.0,18,536.0857143,0.0,0.011111111,75.62994948,0.0,Aug,2,2,4,4,New_Visitor,False,19,564.2857143,0.9473684210526316,29.69924812105263,0.9500253164569612,True,True,0.9501661930246496
16,164.925,5,66.875,64,1899.598899,0.010964912,0.029949875,83.78651166,0.0,Nov,3,2,1,3,Returning_Visitor,True,85,2131.3988990000003,0.7529411764705882,25.075281164705885,0.8912451347756841,False,False,0.49139518595214854
0,0.0,0,0.0,69,3621.066667,0.001492537,0.02032147,0.0,0.0,Nov,2,1,1,2,Returning_Visitor,False,69,3621.066667,1.0,52.479227057971016,1.0,True,False,0.4108468418013635
0,0.0,0,0.0,16,973.5,0.025,0.045833333,0.0,0.0,May,2,2,1,1,Returning_Visitor,False,16,973.5,1.0,60.84375,1.0,False,False,0.012338867478528678
0,0.0,0,0.0,15,296.0,0.0,0.04,0.0,0.0,Mar,2,5,2,3,Returning_Visitor,False,15,296.0,1.0,19.73333333333333,1.0,False,False,0.014784123314858972
0,0.0,0,0.0,3,0.0,0.2,0.2,0.0,0.0,Nov,3,2,6,13,Returning_Visitor,False,3,0.0,1.0,0.0,0.0,False,False,0.04601097925224698
0,0.0,0,0.0,3,78.33333333,0.0,0.022222222,0.0,0.0,Mar,2,2,7,11,Returning_Visitor,False,3,78.33333333,1.0,26.11111111,1.0,False,False,0.021401462613927766
3,60.0,0,0.0,29,1846.63547,0.006896552,0.040147783,0.0,0.0,May,3,2,8,6,Returning_Visitor,False,32,1906.63547,0.90625,59.5823584375,0.968530953638453,False,False,0.014649482526084832
0,0.0,0,0.0,5,137.0,0.0,0.04,0.0,0.0,Oct,2,4,9,2,Returning_Visitor,False,5,137.0,1.0,27.4,1.0,False,False,0.050497054702354834
7,169.5,0,0.0,50,1557.916667,0.003773585,0.013207547,0.0,0.0,Dec,1,1,3,2,Returning_Visitor,False,57,1727.416667,0.8771929824561403,30.30555556140351,0.9018765980217324,False,False,0.035255899713037345
0,0.0,3,300.0,13,509.1214286,0.006666667,0.002222222,40.7932,0.0,Mar,3,2,7,2,Returning_Visitor,True,16,809.1214286,0.8125,50.5700892875,0.6292274689608932,True,True,0.8132695188514885
3,105.0,0,0.0,34,603.7071429,0.0,0.003714286,14.75710476,0.0,May,1,1,1,3,Returning_Visitor,False,37,708.7071429,0.918918918918919,19.154247105405407,0.8518428930032448,True,True,0.856971644253307
0,0.0,0,0.0,9,143.0,0.055555556,0.122222222,0.0,1.0,May,2,6,1,2,Returning_Visitor,True,9,143.0,1.0,15.88888888888889,1.0,False,False,0.011948611377195748
14,173.0833333,3,424.5,115,3382.287999,0.005346832,0.021971597,0.0,0.0,May,2,2,2,6,Returning_Visitor,False,132,3979.8713323,0.8712121212121212,30.15054039621212,0.8498485796638426,False,False,0.010964394997991896
5,153.0,0,0.0,25,1074.683333,0.0125,0.01875,19.23268976,0.0,Nov,1,1,6,4,Returning_Visitor,False,30,1227.683333,0.8333333333333334,40.92277776666666,0.8753750288145355,False,True,0.8097754206879092
9,307.360119,4,77.91666667,95,2989.780952,0.005882353,0.014513583,12.74039337,0.0,Nov,3,2,4,1,Returning_Visitor,True,108,3375.0577376700003,0.8796296296296297,31.25053460805556,0.8858458682440261,False,True,0.5293254405047708
0,0.0,0,0.0,68,3357.340476,0.018137255,0.028272059,0.0,1.0,May,3,2,6,2,Returning_Visitor,True,68,3357.340476,1.0,49.37265405882353,1.0,False,False,0.02443380780641223
0,0.0,0,0.0,4,388.0,0.05,0.075,0.0,0.0,Mar,2,2,6,1,Returning_Visitor,False,4,388.0,1.0,97.0,1.0,False,False,0.016063708303869047
0,0.0,0,0.0,23,1215.666667,0.0,0.004761905,0.0,0.0,Dec,2,2,5,2,New_Visitor,False,23,1215.666667,1.0,52.85507247826087,1.0,False,False,0.05326657320849298
7,63.5,5,100.25,62,1573.233333,0.0,0.004594595,0.0,0.0,Mar,2,2,6,3,Returning_Visitor,True,74,1736.983333,0.8378378378378378,23.472747743243243,0.905727362554952,False,False,0.024348136316221968
6,1672.033333,0,0.0,28,518.3966667,0.006060606,0.013333333,0.0,0.0,Oct,2,2,3,2,Returning_Visitor,True,34,2190.4299997,0.8235294117647058,64.42441175588235,0.2366643384043312,False,False,0.05158499814502283
2,35.0,0,0.0,2,6.0,0.0,0.05,0.0,0.0,Mar,2,2,9,2,New_Visitor,False,4,41.0,0.5,10.25,0.1463414634146341,False,False,0.10642769482237412
3,189.4,4,130.76,93,3856.82978,0.037525773,0.06218704,7.542144271,0.0,June,2,2,1,1,Returning_Visitor,False,100,4176.98978,0.93,41.7698978,0.9233515002758758,False,False,0.30853538021829857
0,0.0,2,88.6,35,682.1833333,0.0,0.001388889,0.0,0.0,Jul,1,1,3,1,Returning_Visitor,False,37,770.7833333,0.945945945945946,20.83198198108108,0.8850520033682207,False,False,0.03692797862419223
1,12.83333333,3,77.0,31,2372.333333,0.0,0.012941176,10.32166068,0.0,Mar,2,2,1,2,Returning_Visitor,False,35,2462.16666633,0.8857142857142857,70.347619038,0.9635145197283084,False,True,0.8910541387328657
3,319.4,1,251.8,53,2525.307766,0.0,0.010606061,52.97841866,0.0,Jul,2,2,9,4,Returning_Visitor,False,57,3096.507766,0.9298245614035088,54.3246976491228,0.8155341296825284,True,True,0.8597421491225923
0,0.0,0,0.0,93,2243.666667,0.010989011,0.031501832,0.0,0.0,Mar,2,4,8,1,Returning_Visitor,False,93,2243.666667,1.0,24.125448032258063,1.0,False,False,0.020982916893414295
0,0.0,2,38.2,121,3362.749679,0.025170765,0.042322417,4.212415755,0.0,Jul,1,1,1,3,Returning_Visitor,False,123,3400.949679,0.983739837398374,27.6499973902439,0.988767843218653,False,True,0.5329968672636244
0,0.0,0,0.0,7,98.33333333,0.028571429,0.032653061,0.0,0.0,May,1,1,1,3,Returning_Visitor,False,7,98.33333333,1.0,14.047619047142858,1.0,False,False,0.012946445951284287
0,0.0,0,0.0,22,493.0,0.0,0.00952381,55.5696756,0.0,Nov,4,1,9,8,Returning_Visitor,True,22,493.0,1.0,22.40909090909091,1.0,True,True,0.914105560399348
0,0.0,0,0.0,8,83.5,0.075,0.1,0.0,0.0,Dec,2,2,5,2,Returning_Visitor,False,8,83.5,1.0,10.4375,1.0,False,False,0.0218742699524265
0,0.0,0,0.0,7,304.3333333,0.0,0.033333333,0.0,0.0,May,1,1,1,2,New_Visitor,True,7,304.3333333,1.0,43.47619047142857,1.0,False,False,0.03369362905383028
1,50.33333333,0,0.0,21,586.1892857,0.0,0.005555556,0.0,0.6,May,1,1,1,2,Returning_Visitor,False,22,636.52261903,0.9545454545454546,28.93284631954545,0.9209245173302668,False,False,0.02731349093876348
2,20.14285714,0,0.0,4,33.14285714,0.0,0.039814815,0.0,0.0,Dec,3,2,1,10,Returning_Visitor,False,6,53.28571427999999,0.6666666666666666,8.880952379999998,0.6219839142221967,False,False,0.09090131524763176
0,0.0,0,0.0,20,436.1,0.04,0.07,0.0,0.0,June,1,1,4,3,Returning_Visitor,False,20,436.1,1.0,21.805,1.0,False,False,0.015310061079582282
3,23.0,0,0.0,19,723.4833333,0.003508772,0.022807018,17.68865669,0.0,Jul,2,2,2,2,Returning_Visitor,False,22,746.4833333,0.8636363636363636,33.93106060454546,0.9691888633356044,False,True,0.867728471425368
1,63.4,0,0.0,3,120.4,0.0,0.0,42.29306752,0.0,Oct,1,1,3,3,New_Visitor,False,4,183.8,0.75,45.95,0.6550598476605005,True,True,0.9398453184491187
2,66.26666667,1,348.6,6,233.1666667,0.044444444,0.046666667,11.12205139,0.0,Oct,3,2,3,7,Returning_Visitor,False,9,648.03333337,0.6666666666666666,72.00370370777779,0.3598065943420715,False,False,0.44435266551450486
4,55.0,0,0.0,16,284.9,0.003333333,0.033333333,18.8649,0.0,Mar,1,1,2,10,Returning_Visitor,False,20,339.9,0.8,16.994999999999997,0.8381877022653722,False,True,0.8651267539473448
0,0.0,1,33.75,72,1460.908333,0.0,0.014851055,0.0,0.0,Nov,1,1,1,2,Returning_Visitor,False,73,1494.658333,0.9863013698630136,20.474771684931508,0.9774195886411988,True,False,0.3352378351982398
1,51.4,0,0.0,41,883.1395238,0.017948718,0.033333333,48.7880688,0.0,Jul,2,2,3,3,Returning_Visitor,False,42,934.5395238,0.9761904761904762,22.250941042857143,0.9449996509607228,True,True,0.6693780935267634
7,46.2,0,0.0,22,280.0466667,0.00952381,0.012698413,0.0,0.0,Aug,2,2,1,3,New_Visitor,True,29,326.2466667,0.7586206896551724,11.24988505862069,0.8583893577601417,False,False,0.05202741794433812
1,4.0,0,0.0,6,102.0,0.0,0.057142857,0.0,0.0,May,2,2,1,3,New_Visitor,False,7,106.0,0.8571428571428571,15.142857142857142,0.9622641509433962,False,False,0.024015203426398034
3,41.5,0,0.0,5,68.75,0.0,0.0375,0.0,0.0,Nov,1,2,1,8,New_Visitor,False,8,110.25,0.625,13.78125,0.6235827664399093,False,False,0.2113580293037211
0,0.0,0,0.0,42,844.58,0.05952381,0.085396825,0.0,0.0,Oct,3,2,1,3,Returning_Visitor,False,42,844.58,1.0,20.10904761904762,1.0,False,False,0.019392537297154004
8,839.0,0,0.0,72,1248.242262,0.0,0.002597403,13.36332468,0.0,May,3,2,6,3,Returning_Visitor,True,80,2087.242262,0.9,26.090528275,0.5980342027014783,False,False,0.31602930750937286
3,30.5,0,0.0,20,1839.833333,0.0,0.007539683,0.0,0.0,May,2,2,7,3,Returning_Visitor,False,23,1870.333333,0.8695652173913043,81.3188405652174,0.9836927463881112,False,False,0.02217842294651251
0,0.0,0,0.0,11,185.0,0.0,0.054545455,0.0,0.6,May,2,2,1,6,Returning_Visitor,False,11,185.0,1.0,16.818181818181817,1.0,False,False,0.013732445369385364
0,0.0,0,0.0,18,545.5,0.0,0.011111111,0.0,0.0,Nov,2,2,1,3,Returning_Visitor,False,18,545.5,1.0,30.30555555555556,1.0,False,False,0.1110269090592565
2,31.1,3,31.2,18,792.7333333,0.013043478,0.048115942,8.611221424,0.0,June,2,5,3,20,Returning_Visitor,False,23,855.0333333,0.782608695652174,37.1753623173913,0.9271373435705096,False,True,0.6082276744786496
0,0.0,0,0.0,3,62.25,0.0,0.066666667,0.0,0.0,Dec,1,1,7,2,Returning_Visitor,False,3,62.25,1.0,20.75,1.0,False,False,0.028255499902992504
0,0.0,0,0.0,10,385.0,0.0,0.022222222,0.0,0.0,Dec,2,2,3,2,New_Visitor,True,10,385.0,1.0,38.5,1.0,False,False,0.055113162314158616
3,105.0,0,0.0,37,1384.383333,0.006766917,0.033646617,0.0,0.0,May,2,2,7,13,Returning_Visitor,False,40,1489.383333,0.925,37.234583325,0.9295010238979222,False,False,0.013329390066221152
0,0.0,0,0.0,171,6793.383281,0.007766272,0.023198706,2.381971158,0.0,Nov,2,2,1,1,Returning_Visitor,False,171,6793.383281,1.0,39.727387608187136,1.0,True,True,0.7574021576843153
0,0.0,0,0.0,11,299.5,0.036363636,0.072727273,0.0,0.0,Mar,1,1,3,1,Returning_Visitor,False,11,299.5,1.0,27.227272727272727,1.0,False,False,0.015299592291239223
0,0.0,1,12.0,22,1668.95,0.0,0.00952381,12.18867006,0.0,Dec,2,2,1,2,New_Visitor,True,23,1680.95,0.9565217391304348,73.08478260869565,0.9928611796900564,True,True,0.9291217656202623
8,183.0,4,571.5,14,333.6,0.0,0.01,15.43344,0.0,Mar,1,1,1,2,Returning_Visitor,True,26,1088.1,0.5384615384615384,41.85,0.3065894678797905,True,True,0.7619255438742242
0,0.0,0,0.0,40,952.9666667,0.001666667,0.016666667,0.0,0.0,Mar,1,1,2,2,Returning_Visitor,False,40,952.9666667,1.0,23.8241666675,1.0,False,False,0.030775106156223614
5,159.0,0,0.0,17,438.4333333,0.003030303,0.027272727,0.0,0.0,Mar,1,1,3,3,Returning_Visitor,False,22,597.4333333,0.7727272727272727,27.15606060454545,0.7338615187041155,False,False,0.0271988742372474
3,36.2,0,0.0,16,166.7062706,0.0,0.014705882,0.0,0.0,Aug,2,2,6,5,New_Visitor,False,19,202.90627060000003,0.8421052631578947,10.679277400000002,0.8215925023265397,False,False,0.06906388986491054
3,33.0,0,0.0,17,386.4166667,0.0,0.01,0.0,0.0,Dec,2,2,1,2,New_Visitor,False,20,419.4166667,0.85,20.970833335,0.921319292674642,True,False,0.08555712945520448
1,87.0,3,40.0,17,546.0,0.0,0.004761905,0.0,0.0,Mar,3,6,1,1,Returning_Visitor,True,21,673.0,0.8095238095238095,32.04761904761905,0.8112927191679049,False,False,0.016058005269566602
0,0.0,0,0.0,1,0.0,0.2,0.2,0.0,0.0,May,1,1,6,4,Returning_Visitor,True,1,0.0,1.0,0.0,0.0,False,False,0.013250183836444706
4,26.75,1,0.0,20,1029.25,0.021153846,0.03974359,0.0,0.0,Nov,1,1,1,2,Returning_Visitor,False,25,1056.0,0.8,42.24,0.9746685606060606,False,False,0.3073913349813446
4,185.0,0,0.0,40,1694.75,0.020512821,0.031196581,0.0,0.0,Mar,2,2,6,1,Returning_Visitor,False,44,1879.75,0.9090909090909092,42.72159090909091,0.9015826572682536,False,False,0.01819064670517815
15,572.5833333,2,37.5,318,13717.40205,0.004176829,0.015642808,45.15513521,0.0,Nov,2,2,1,2,Returning_Visitor,False,335,14327.485383300002,0.9492537313432836,42.768613084477614,0.9574186734811744,True,True,0.9105250046513431
5,318.2666667,0,0.0,23,1037.833333,0.017857143,0.039285714,0.0,0.0,Aug,2,2,5,1,Returning_Visitor,False,28,1356.0999997,0.8214285714285714,48.43214284642857,0.7653073764689863,False,False,0.02400066908125327
1,42.5,1,12.83333333,104,4054.755952,0.003883495,0.010097087,141.4590538,0.0,Nov,2,2,1,2,Returning_Visitor,False,106,4110.08928533,0.981132075471698,38.77442722009434,0.9865371943311548,True,True,0.9414165255550682
1,19.0,0,0.0,45,4018.45,0.009090909,0.021969697,0.0,0.0,Nov,2,2,3,1,Returning_Visitor,True,46,4037.45,0.9782608695652174,87.77065217391304,0.9952940593691564,False,False,0.1958561067094851
10,268.0,2,7.0,24,551.6666667,0.008333333,0.020833333,0.0,0.0,May,2,2,1,2,Returning_Visitor,False,36,826.6666667,0.6666666666666666,22.962962963888888,0.6673387096908331,False,False,0.03901995217377639
0,0.0,0,0.0,27,845.5,0.0,0.007407407,0.0,0.0,Mar,4,1,1,11,Returning_Visitor,True,27,845.5,1.0,31.314814814814813,1.0,False,False,0.026247721301573886
0,0.0,0,0.0,7,87.0,0.0,0.028571429,0.0,0.0,Dec,8,13,9,20,Other,False,7,87.0,1.0,12.428571428571429,1.0,False,False,0.03326164579833069
3,81.0,1,0.0,28,499.6666667,0.0,0.022222222,0.0,0.0,Mar,2,6,1,1,Returning_Visitor,False,32,580.6666667,0.875,18.145833334375,0.8605051664833235,False,False,0.015512579588144032
3,133.8666667,0,0.0,7,128.0,0.0,0.026666667,0.0,0.0,Oct,1,2,1,1,Returning_Visitor,True,10,261.8666667,0.7,26.18666667,0.488798370609878,False,False,0.05734411161912061
0,0.0,0,0.0,40,974.0833333,0.006837607,0.028205128,0.0,0.0,Nov,2,2,1,3,Returning_Visitor,False,40,974.0833333,1.0,24.3520833325,1.0,False,False,0.13219490998283487
2,11.0,0,0.0,14,101.25,0.0,0.014285714,0.0,0.8,May,2,2,3,2,Returning_Visitor,False,16,112.25,0.875,7.015625,0.9020044543429844,False,False,0.022286289426114176
0,0.0,0,0.0,1,0.0,0.2,0.2,0.0,0.0,Dec,1,1,7,3,Returning_Visitor,False,1,0.0,1.0,0.0,0.0,False,False,0.014226877803499243
5,142.5,1,56.0,29,1073.5,0.0,0.016129032,0.0,0.0,May,1,1,5,4,Returning_Visitor,False,35,1272.0,0.8285714285714286,36.34285714285714,0.8439465408805031,False,False,0.017745557733866227
3,52.75,0,0.0,69,909.1548701,0.002857143,0.012225275,8.086657063,0.0,Dec,2,2,1,7,Returning_Visitor,False,72,961.9048701,0.9583333333333334,13.3597898625,0.945160897257422,False,True,0.7738730306699452
0,0.0,0,0.0,1,12.0,0.0,0.1,0.0,0.0,May,1,1,4,1,Returning_Visitor,True,1,12.0,1.0,12.0,1.0,False,False,0.009691078610677546
0,0.0,0,0.0,13,399.5,0.0,0.005128205,0.0,1.0,May,3,2,5,1,Returning_Visitor,True,13,399.5,1.0,30.73076923076923,1.0,False,False,0.013926101591583789
0,0.0,0,0.0,8,201.0,0.0,0.0625,0.0,0.0,Mar,2,4,2,1,Returning_Visitor,False,8,201.0,1.0,25.125,1.0,False,False,0.0188625663865571
4,138.3333333,0,0.0,3,277.5,0.0,0.011111111,0.0,0.0,May,3,3,3,2,New_Visitor,False,7,415.8333333,0.4285714285714285,59.4047619,0.6673346693921711,False,False,0.05546419971928599
5,269.8,0,0.0,8,312.3333333,0.0,0.01,0.0,0.0,Nov,1,1,9,4,Returning_Visitor,False,13,582.1333333,0.6153846153846154,44.77948717692308,0.5365322949803328,False,False,0.09004842767784178
2,110.0,0,0.0,4,125.0,0.0,0.016666667,0.0,0.0,Mar,3,2,2,1,Returning_Visitor,False,6,235.0,0.6666666666666666,39.16666666666666,0.5319148936170213,False,False,0.03654900840897777
0,0.0,0,0.0,3,0.0,0.2,0.2,0.0,0.0,Nov,1,1,1,3,Returning_Visitor,False,3,0.0,1.0,0.0,0.0,False,False,0.05202892537798188
2,99.2,0,0.0,7,106.9666667,0.025,0.015,0.0,0.0,Oct,3,2,1,2,Returning_Visitor,True,9,206.1666667,0.7777777777777778,22.907407411111112,0.5188358933680136,False,False,0.06415701629752082
9,65.16666667,0,0.0,123,5969.573168,0.001538462,0.013923077,10.69237969,0.0,Nov,2,1,1,2,New_Visitor,False,132,6034.73983467,0.9318181818181818,45.71772602022728,0.9892014124129076,True,True,0.9312744168675543
1,19.0,0,0.0,40,1361.166667,0.005,0.0225,0.0,0.0,Mar,4,1,2,3,Returning_Visitor,True,41,1380.166667,0.975609756097561,33.66260163414634,0.986233546676432,False,False,0.022245249204888528
0,0.0,0,0.0,63,1320.189881,0.0,0.000468384,0.0,0.0,Nov,2,6,1,2,Returning_Visitor,False,63,1320.189881,1.0,20.955394936507936,1.0,False,False,0.21738848459562232
0,0.0,0,0.0,21,1535.0,0.01,0.048333333,0.0,0.0,Nov,2,2,7,3,Returning_Visitor,False,21,1535.0,1.0,73.0952380952381,1.0,False,False,0.1084408383181019
0,0.0,0,0.0,29,438.8666667,0.0,0.020689655,0.0,0.0,Mar,4,2,3,1,Returning_Visitor,True,29,438.8666667,1.0,15.133333334482758,1.0,False,False,0.01922388169658906
0,0.0,0,0.0,4,741.4,0.05,0.075,0.0,0.0,Oct,2,2,7,1,Returning_Visitor,False,4,741.4,1.0,185.35,1.0,False,False,0.02111845675897872
1,18.2,0,0.0,6,32.2,0.085714286,0.10952381,0.0,0.0,June,1,1,1,3,Returning_Visitor,False,7,50.400000000000006,0.8571428571428571,7.200000000000001,0.6388888888888888,False,False,0.02075498929284225
0,0.0,0,0.0,15,378.5,0.004444444,0.037777778,0.0,0.0,Nov,2,2,1,2,Returning_Visitor,False,15,378.5,1.0,25.23333333333333,1.0,False,False,0.3394856015034865
0,0.0,0,0.0,22,469.54,0.0,0.008695652,14.00979215,0.0,Oct,2,2,9,2,New_Visitor,False,22,469.54,1.0,21.34272727272728,1.0,True,True,0.9451465415448925
9,137.3222222,1,418.5,41,1933.244444,0.006079027,0.021222361,0.0,0.0,Dec,2,2,1,2,Returning_Visitor,False,51,2489.0666662,0.803921568627451,48.805228749019605,0.7766945217869312,False,False,0.07234156037073958
3,397.7,4,1093.3,66,4152.7631,0.014979592,0.017561939,6.282904602,0.0,Sep,3,2,8,4,Returning_Visitor,True,73,5643.7631,0.9041095890410958,77.31182328767123,0.7358145667028441,False,False,0.41456617301607673
3,65.0,0,0.0,29,386.2621212,0.0,0.000666667,0.0,0.0,Nov,8,2,9,2,Other,False,32,451.2621212,0.90625,14.1019412875,0.8559595477964084,False,False,0.22323572666055783
0,0.0,0,0.0,11,751.5,0.018181818,0.024242424,0.0,0.0,May,2,2,1,13,Returning_Visitor,False,11,751.5,1.0,68.31818181818181,1.0,False,False,0.01212289975496238
0,0.0,0,0.0,20,1055.333333,0.01,0.009285714,0.0,0.0,Nov,3,2,4,13,Returning_Visitor,False,20,1055.333333,1.0,52.766666650000005,1.0,False,False,0.07614685592218937
7,199.8333333,0,0.0,27,669.9333333,0.0,0.0,0.0,0.0,Aug,2,5,1,2,New_Visitor,True,34,869.7666666,0.7941176470588235,25.581372547058823,0.7702448932871072,False,False,0.07135580240859274
0,0.0,0,0.0,5,168.9,0.0,0.011428571,0.0,0.0,Dec,3,2,1,2,New_Visitor,False,5,168.9,1.0,33.78,1.0,False,False,0.06376284015689661
2,68.6,0,0.0,10,279.7666667,0.0,0.033333333,0.0,0.0,Oct,1,2,7,4,New_Visitor,False,12,348.3666667,0.8333333333333334,29.030555558333333,0.8030810448949305,False,False,0.05792507918867144
0,0.0,0,0.0,24,445.0,0.0,0.033333333,0.0,0.0,Dec,2,2,3,2,New_Visitor,False,24,445.0,1.0,18.541666666666668,1.0,False,False,0.054578866083577544
8,134.3733333,3,256.75,40,1773.610152,0.004255319,0.008355899,13.49047237,0.0,Nov,1,1,8,2,Returning_Visitor,True,51,2164.7334853,0.7843137254901961,42.44575461372549,0.8193203292894985,True,True,0.8317868409681675
5,215.5,0,0.0,61,1238.066667,0.004761905,0.020740741,0.0,0.6,May,3,2,3,13,Returning_Visitor,False,66,1453.566667,0.9242424242424242,22.02373737878788,0.8517439860912825,False,False,0.00857368437546365
0,0.0,0,0.0,96,2857.712454,0.002393617,0.019742908,0.0,0.0,Nov,3,2,1,6,Returning_Visitor,True,96,2857.712454,1.0,29.7678380625,1.0,False,False,0.17072046690398907
6,111.0,0,0.0,12,202.25,0.025,0.029166667,0.0,0.0,Mar,3,2,1,1,Returning_Visitor,True,18,313.25,0.6666666666666666,17.40277777777778,0.6456504389465283,False,False,0.031167662819337815
0,0.0,0,0.0,16,462.0,0.0125,0.05,0.0,0.0,May,1,1,1,6,Returning_Visitor,False,16,462.0,1.0,28.875,1.0,False,False,0.013002332056365007
0,0.0,0,0.0,10,123.0,0.0,0.02,0.0,0.0,May,2,2,3,3,Returning_Visitor,False,10,123.0,1.0,12.3,1.0,False,False,0.013663498131428212
0,0.0,0,0.0,2,17.0,0.1,0.15,0.0,0.6,May,1,1,5,2,Returning_Visitor,False,2,17.0,1.0,8.5,1.0,False,False,0.012272646703506253
2,62.5,0,0.0,43,1253.176407,0.0,0.01468254,41.53706414,0.0,Nov,3,2,9,2,Returning_Visitor,False,45,1315.676407,0.9555555555555556,29.23725348888889,0.952495917941926,False,True,0.8158207451884705
0,0.0,0,0.0,5,82.0,0.1,0.146666667,0.0,0.0,Mar,1,1,3,1,Returning_Visitor,False,5,82.0,1.0,16.4,1.0,False,False,0.011446181107865053
3,84.5,0,0.0,6,53.375,0.05,0.035,0.0,0.0,Nov,1,1,3,10,Returning_Visitor,True,9,137.875,0.6666666666666666,15.319444444444445,0.3871260199456029,False,False,0.15406679866388984
0,0.0,0,0.0,5,256.5,0.0,0.04,0.0,0.0,Dec,2,2,3,3,Returning_Visitor,False,5,256.5,1.0,51.3,1.0,False,False,0.020590713492342445
4,107.75,0,0.0,15,369.05,0.005555556,0.029365079,0.0,0.0,Nov,3,2,8,1,Returning_Visitor,False,19,476.8,0.7894736842105263,25.094736842105263,0.7740142617449665,False,False,0.11290666594015261
0,0.0,0,0.0,13,244.1666667,0.0,0.030769231,0.0,0.0,Mar,2,5,3,3,Returning_Visitor,False,13,244.1666667,1.0,18.782051284615385,1.0,False,False,0.0169335100300689
4,71.3,0,0.0,66,4415.333333,0.009950249,0.02453119,0.0,0.4,May,2,2,6,11,Returning_Visitor,False,70,4486.633333,0.9428571428571428,64.0947619,0.9841083514724558,False,False,0.023527413858552455
0,0.0,0,0.0,15,1069.7,0.0,0.046666667,0.0,0.0,Jul,3,2,6,1,Returning_Visitor,False,15,1069.7,1.0,71.31333333333333,1.0,False,False,0.033334420702841934
0,0.0,0,0.0,21,530.5833333,0.019047619,0.021428571,0.0,0.0,Nov,3,2,4,3,Returning_Visitor,False,21,530.5833333,1.0,25.26587301428572,1.0,False,False,0.0706787904512577
0,0.0,1,226.0,19,797.1666667,0.0,0.014035088,0.0,0.0,May,3,3,6,4,Returning_Visitor,True,20,1023.1666667,0.95,51.158333335,0.7791171200593218,False,False,0.019461992736178067
7,106.8285714,0,0.0,181,6842.002513,0.0,0.007218823,11.29607044,0.0,May,4,1,3,4,Returning_Visitor,True,188,6948.831084400001,0.9627659574468084,36.961867470212766,0.9846263968569005,False,False,0.26214067509164213
6,144.8333333,0,0.0,23,1007.233333,0.0,0.027586207,19.57059225,0.0,Oct,2,2,1,2,Returning_Visitor,False,29,1152.0666663,0.7931034482758621,39.72643676896551,0.8742838955968152,False,True,0.8343615102223283
0,0.0,0,0.0,12,329.2142857,0.016666667,0.028703704,0.0,0.0,Nov,3,2,1,2,Returning_Visitor,False,12,329.2142857,1.0,27.43452380833333,1.0,False,False,0.22642996248157748
0,0.0,0,0.0,5,103.5,0.0,0.04,0.0,0.0,Dec,1,1,4,2,Returning_Visitor,True,5,103.5,1.0,20.7,1.0,False,False,0.029694787792149367
0,0.0,0,0.0,6,117.0,0.083333333,0.088888889,0.0,0.0,May,3,2,4,3,Returning_Visitor,False,6,117.0,1.0,19.5,1.0,False,False,0.007950561777241058
0,0.0,0,0.0,25,1157.452381,0.012,0.027111111,15.3956,0.0,May,1,1,3,2,Returning_Visitor,False,25,1157.452381,1.0,46.29809524,1.0,False,True,0.8825538285394159
0,0.0,0,0.0,5,82.0,0.0,0.04,0.0,0.0,Nov,2,2,9,8,Returning_Visitor,False,5,82.0,1.0,16.4,1.0,False,False,0.09923072132926586
5,158.7,0,0.0,51,1364.266667,0.007692308,0.011987179,0.0,0.0,Nov,3,2,3,2,Returning_Visitor,True,56,1522.966667,0.9107142857142856,27.19583333928572,0.8957954869014871,False,False,0.25122641870817924
3,73.5,3,171.0,76,2208.788095,0.0,0.004756098,3.200304878,0.0,May,4,1,7,2,Returning_Visitor,True,82,2453.288095,0.926829268292683,29.9181475,0.9003378361887824,False,False,0.32100976544648135
3,77.0,5,243.0,127,2573.875,0.00025641,0.009196581,0.0,0.0,May,2,2,4,3,Returning_Visitor,False,135,2893.875,0.9407407407407408,21.43611111111111,0.8894216232560148,False,False,0.009898737144838833
3,53.5,0,0.0,26,1097.05,0.0,0.019605911,0.0,0.0,May,2,2,4,2,Returning_Visitor,False,29,1150.55,0.896551724137931,39.67413793103448,0.9535004997609838,False,False,0.01761741308512978
2,45.5,0,0.0,2,317.25,0.0,0.066666667,0.0,0.0,Dec,2,2,1,2,Returning_Visitor,False,4,362.75,0.5,90.6875,0.8745692625775328,False,False,0.07995129085573416
1,6.0,0,0.0,29,354.8333333,0.0,0.010344828,0.0,0.0,May,1,1,1,1,Returning_Visitor,True,30,360.8333333,0.9666666666666668,12.027777776666666,0.9833718244788334,False,False,0.017533052338149606
0,0.0,2,26.5,149,6001.171475,0.004,0.022010916,0.0,0.0,Nov,2,2,1,2,Returning_Visitor,False,151,6027.671475,0.9867549668874172,39.91835413907285,0.995603609103464,True,False,0.4889497027435467
0,0.0,0,0.0,7,459.6666667,0.028571429,0.057142857,0.0,0.0,Nov,2,2,1,3,Returning_Visitor,False,7,459.6666667,1.0,65.66666667142857,1.0,False,False,0.0855028118067572
0,0.0,0,0.0,6,254.5,0.0,0.033333333,0.0,0.0,Nov,2,2,1,2,New_Visitor,False,6,254.5,1.0,42.41666666666666,1.0,True,False,0.31994639755650534
0,0.0,0,0.0,3,13.25,0.066666667,0.133333333,0.0,0.0,Nov,1,1,1,1,Returning_Visitor,False,3,13.25,1.0,4.416666666666667,1.0,False,False,0.06139841687908576
5,75.5,0,0.0,24,1009.95,0.007407407,0.018518519,0.0,0.0,Nov,2,4,6,3,Returning_Visitor,False,29,1085.45,0.8275862068965517,37.429310344827584,0.930443594822424,False,False,0.1387013632061197
0,0.0,0,0.0,23,255.6388889,0.0,0.005454545,0.0,0.0,May,3,2,4,2,Returning_Visitor,False,23,255.6388889,1.0,11.1147343,1.0,False,False,0.013208688972991886
0,0.0,0,0.0,5,89.86666667,0.04,0.06,0.0,0.0,Jul,3,2,5,4,Returning_Visitor,True,5,89.86666667,1.0,17.973333334,1.0,False,False,0.03938909496588345
0,0.0,0,0.0,1,0.0,0.2,0.2,0.0,0.0,Nov,2,2,1,1,Returning_Visitor,False,1,0.0,1.0,0.0,0.0,False,False,0.05644115371068245
10,197.1666667,0,0.0,35,1078.727778,0.0,0.010452962,39.75577236,0.0,May,2,2,3,3,Returning_Visitor,False,45,1275.8944447,0.7777777777777778,28.35320988222222,0.8454678852792092,False,True,0.6242503786468451
2,167.4,0,0.0,8,191.15,0.0,0.02,0.0,0.0,Oct,1,1,6,2,New_Visitor,False,10,358.55,0.8,35.855000000000004,0.533119509134012,False,False,0.07527819455590344
3,223.3333333,2,19.75,37,1118.987027,0.003252033,0.018958927,0.0,0.0,Nov,2,2,1,2,Returning_Visitor,True,42,1362.0703603,0.8809523809523809,32.43024667380952,0.8215339380511443,False,False,0.2912802963344456
0,0.0,0,0.0,1,0.0,0.2,0.2,0.0,0.0,May,2,2,2,13,Returning_Visitor,False,1,0.0,1.0,0.0,0.0,False,False,0.008227818210875636
0,0.0,0,0.0,51,742.9603175,0.003921569,0.012121212,0.0,0.0,Nov,1,1,3,2,Returning_Visitor,True,51,742.9603175,1.0,14.567849362745095,1.0,False,False,0.2776333660036471
0,0.0,0,0.0,5,47.5,0.08,0.12,0.0,0.0,Dec,2,2,1,3,Returning_Visitor,False,5,47.5,1.0,9.5,1.0,False,False,0.01561023975213862
3,206.6666667,0,0.0,15,936.1666667,0.01875,0.09375,0.0,0.0,Mar,2,4,3,1,Returning_Visitor,False,18,1142.8333334,0.8333333333333334,63.49074074444444,0.819162899208449,False,False,0.018096658850394364
0,0.0,0,0.0,4,149.0,0.0,0.05,0.0,0.0,Mar,2,2,1,2,Returning_Visitor,False,4,149.0,1.0,37.25,1.0,False,False,0.0366954941714306
0,0.0,0,0.0,79,1562.866667,0.017721519,0.02124774,0.0,0.8,May,3,2,1,13,Returning_Visitor,False,79,1562.866667,1.0,19.78312236708861,1.0,False,False,0.012473336665334402
0,0.0,0,0.0,4,44.5,0.0,0.05,0.0,0.0,Dec,2,2,8,2,Returning_Visitor,False,4,44.5,1.0,11.125,1.0,False,False,0.03591295214233065
2,90.0,0,0.0,22,650.6666667,0.026086957,0.045217391,0.0,0.0,May,2,2,4,1,Returning_Visitor,False,24,740.6666667,0.9166666666666666,30.8611111125,0.878487848790347,False,False,0.012018586281759868
1,43.0,0,0.0,36,2362.5,0.0,0.016190476,0.0,0.6,May,2,5,1,4,Returning_Visitor,False,37,2405.5,0.972972972972973,65.01351351351352,0.982124298482644,False,False,0.02350535382865016
6,145.0,0,0.0,13,644.0,0.0,0.013333333,0.0,0.0,Mar,2,2,1,2,New_Visitor,False,19,789.0,0.6842105263157895,41.526315789473685,0.8162230671736375,False,False,0.07695362743664215
7,235.75,4,66.5,37,729.7916667,0.004545455,0.018181818,60.42298474,0.0,Nov,2,2,1,2,Returning_Visitor,False,48,1032.0416667,0.7708333333333334,21.50086805625,0.707133917406205,True,True,0.8555455154137351
0,0.0,0,0.0,22,987.6,0.009090909,0.015151515,0.0,0.0,Oct,2,2,1,4,Returning_Visitor,True,22,987.6,1.0,44.89090909090909,1.0,False,False,0.04474948520334495
12,331.3,0,0.0,206,9997.728571,0.001439737,0.010741385,26.02377063,0.0,May,2,2,1,1,Returning_Visitor,False,218,10329.028571,0.944954128440367,47.38086500458715,0.9679253477011224,False,False,0.3740866004027065
4,81.6,0,0.0,45,1096.42,0.041945289,0.072659574,0.0,0.0,Jul,3,2,6,13,Returning_Visitor,False,49,1178.02,0.9183673469387756,24.04122448979592,0.9307312269740752,False,False,0.02820698539409118
1,29.2,0,0.0,66,1364.873333,0.0171875,0.036488095,16.1347001,0.0,Jul,1,1,8,1,Returning_Visitor,True,67,1394.073333,0.9850746268656716,20.8070646716418,0.9790541865275032,False,True,0.6817932474912947
0,0.0,0,0.0,14,502.9166667,0.0,0.021428571,0.0,0.0,Dec,1,1,2,1,Returning_Visitor,False,14,502.9166667,1.0,35.92261905,1.0,False,False,0.02350539621648953
0,0.0,0,0.0,90,601.7901961,0.002222222,0.012763533,0.0,0.8,May,2,2,3,1,Returning_Visitor,False,90,601.7901961,1.0,6.6865577344444445,1.0,False,False,0.012395779762467394
1,4.0,1,10.0,274,5876.459165,0.002431163,0.013240553,0.0,0.0,Oct,2,2,9,2,Returning_Visitor,False,276,5890.459165,0.9927536231884058,21.34224335144928,0.9976232752646542,False,False,0.050223262341947905
7,122.875,0,0.0,22,250.0357143,0.0,0.03974359,0.0,0.0,Dec,2,2,1,2,New_Visitor,False,29,372.9107143,0.7586206896551724,12.85899014827586,0.6704975338918547,False,False,0.0782076574873088
0,0.0,0,0.0,70,1473.701515,0.008695652,0.032370528,0.0,0.0,Nov,1,1,1,2,Returning_Visitor,False,70,1473.701515,1.0,21.052878785714285,1.0,False,False,0.3269495082188457
1,17.0,0,0.0,21,602.9166667,0.026666667,0.0425,0.0,0.0,Nov,3,2,1,13,Returning_Visitor,False,22,619.9166667,0.9545454545454546,28.17803030454545,0.9725769592701936,False,False,0.09534465922035992
3,15.0,0,0.0,12,1138.25,0.030769231,0.048717949,0.0,0.0,Dec,1,1,1,3,Returning_Visitor,False,15,1153.25,0.8,76.88333333333334,0.9869932798612616,False,False,0.025447080706733422
0,0.0,0,0.0,9,444.0,0.0,0.044444444,0.0,0.0,Nov,2,2,6,13,Returning_Visitor,False,9,444.0,1.0,49.333333333333336,1.0,False,False,0.08330969462374965
0,0.0,0,0.0,17,532.75,0.013333333,0.046666667,0.0,0.0,Dec,1,1,3,1,Returning_Visitor,True,17,532.75,1.0,31.33823529411765,1.0,False,False,0.021547365525392832
0,0.0,0,0.0,5,17.0,0.0,0.04,0.0,0.0,May,4,2,3,1,Returning_Visitor,False,5,17.0,1.0,3.4,1.0,False,False,0.011308885925659894
2,227.6,0,0.0,115,5284.816825,0.0,0.002849003,0.0,0.0,Oct,2,2,4,4,Returning_Visitor,False,117,5512.416825,0.9829059829059827,47.11467371794872,0.9587113951601436,False,False,0.028924079873005226
0,0.0,6,97.16666667,81,3466.794048,0.018431373,0.022050322,0.0,0.0,Nov,3,2,1,13,Returning_Visitor,True,87,3563.96071467,0.9310344827586208,40.96506568586207,0.9727363249908896,False,False,0.14829218369671351
6,175.0,1,10.0,25,2877.5,0.007692308,0.037435897,0.0,0.0,May,2,2,7,1,Returning_Visitor,False,32,3062.5,0.78125,95.703125,0.939591836734694,False,False,0.016251596637318608
1,45.0,0,0.0,22,2905.5,0.01,0.04,0.0,0.0,May,2,2,1,2,Returning_Visitor,True,23,2950.5,0.9565217391304348,128.2826086956522,0.9847483477376716,False,False,0.02851545251612605
0,0.0,1,0.0,14,101.0,0.13125,0.16875,0.0,0.6,May,3,2,1,13,Returning_Visitor,False,15,101.0,0.9333333333333332,6.733333333333333,1.0,False,False,0.008819157748704544
4,462.0,0,0.0,51,1873.216667,0.0,0.00754717,0.0,0.6,Feb,2,2,9,3,Returning_Visitor,False,55,2335.216667,0.9272727272727272,42.458484854545446,0.802159685425027,False,False,0.03265963649960182
0,0.0,0,0.0,4,0.0,0.2,0.2,0.0,0.0,Mar,2,2,3,1,Returning_Visitor,False,4,0.0,1.0,0.0,0.0,False,False,0.012154074973289988
8,224.0,0,0.0,16,315.25,0.0,0.011111111,0.0,0.0,May,3,2,1,5,New_Visitor,False,24,539.25,0.6666666666666666,22.46875,0.5846082522021326,False,False,0.03242766616671184
5,69.5,4,116.0,84,2839.75,0.0,0.006593407,6.281494505,0.0,May,2,4,9,2,New_Visitor,False,93,3025.25,0.9032258064516128,32.52956989247312,0.938682753491447,False,False,0.3614723356441466
1,20.0,0,0.0,20,219.5,0.12,0.129761905,0.0,0.8,May,3,2,1,13,Returning_Visitor,False,21,239.5,0.9523809523809524,11.404761904761903,0.9164926931106472,False,False,0.008488694087326573
0,0.0,0,0.0,15,411.0833333,0.013333333,0.033333333,0.0,0.0,Nov,2,2,3,3,Returning_Visitor,False,15,411.0833333,1.0,27.405555553333333,1.0,False,False,0.10603876357621901
0,0.0,0,0.0,44,1112.0,0.0,0.006818182,0.0,0.0,Mar,4,1,4,3,Returning_Visitor,True,44,1112.0,1.0,25.27272727272728,1.0,False,False,0.015080476645061895
2,25.0,0,0.0,20,667.9166667,0.0,0.00952381,18.5847619,0.0,Mar,4,1,1,3,Returning_Visitor,False,22,692.9166667,0.9090909090909092,31.49621212272727,0.9639206253775624,False,True,0.8568769390238079
0,0.0,0,0.0,4,562.0,0.075,0.1,0.0,0.0,Dec,3,2,3,13,Returning_Visitor,False,4,562.0,1.0,140.5,1.0,False,False,0.012195139103721853
6,283.0166667,1,235.75,21,1338.933333,0.0,0.008695652,0.0,0.0,Dec,2,2,7,1,Returning_Visitor,False,28,1857.6999997,0.75,66.34642856071427,0.7207478781376027,False,False,0.036258558309988885
0,0.0,0,0.0,20,1066.166667,0.005,0.006428571,0.0,0.8,May,2,4,4,2,Returning_Visitor,False,20,1066.166667,1.0,53.30833335,1.0,False,False,0.01949170183616613
7,271.3333333,0,0.0,54,3510.416667,0.003571429,0.010714286,9.865125,0.0,May,2,2,4,6,Returning_Visitor,False,61,3781.7500003,0.8852459016393442,61.9959016442623,0.9282519116074632,True,False,0.2593021805048082
1,26.2,0,0.0,13,245.1666667,0.0,0.0,58.9241766,0.0,Aug,2,5,3,4,New_Visitor,False,14,271.3666667,0.9285714285714286,19.383333335714287,0.9034516644265508,True,True,0.9492239857238697
0,0.0,0,0.0,8,349.5,0.0,0.028571429,25.188,0.0,Mar,1,2,1,8,New_Visitor,False,8,349.5,1.0,43.6875,1.0,True,True,0.9349189858105301
1,4.0,0,0.0,18,631.6666667,0.0,0.027777778,56.32466667,0.0,May,2,2,1,3,Returning_Visitor,False,19,635.6666667,0.9473684210526316,33.45614035263158,0.9937073938126004,True,True,0.9359747114240696
5,218.8,0,0.0,5,71.4,0.0,0.02,11.21330466,0.0,Oct,2,4,7,2,New_Visitor,False,10,290.20000000000005,0.5,29.020000000000003,0.2460372157133011,True,True,0.9021684675760947
0,0.0,0,0.0,4,206.5,0.0,0.016666667,0.0,0.0,May,3,2,1,4,Returning_Visitor,False,4,206.5,1.0,51.625,1.0,False,False,0.015484571353945445
2,95.0,0,0.0,15,449.5,0.0125,0.04375,0.0,0.0,Mar,2,2,4,1,Returning_Visitor,False,17,544.5,0.8823529411764706,32.029411764705884,0.8255280073461891,False,False,0.017204135267068786
0,0.0,0,0.0,7,59.0,0.0,0.028571429,0.0,0.0,May,2,2,2,3,Returning_Visitor,False,7,59.0,1.0,8.428571428571429,1.0,False,False,0.013847739188606996
1,38.5,0,0.0,6,197.75,0.0,0.04,0.0,0.0,Dec,1,1,2,8,New_Visitor,True,7,236.25,0.8571428571428571,33.75,0.837037037037037,False,False,0.05779549277939935
5,249.1666667,0,0.0,22,1165.583333,0.0,0.001242236,0.0,0.0,Mar,2,2,8,2,New_Visitor,False,27,1414.7499997,0.8148148148148148,52.39814813703703,0.8238793661404233,False,False,0.042959235348942984
8,440.1041667,7,315.0,63,2162.224767,0.009230769,0.022481685,12.08192262,0.2,May,1,1,1,2,Returning_Visitor,False,78,2917.3289337,0.8076923076923077,37.40165299615385,0.7411659144852364,False,False,0.3811276567117231
2,12.1,0,0.0,4,38.3,0.00952381,0.066666667,0.0,0.0,Nov,1,2,1,5,Returning_Visitor,False,6,50.4,0.6666666666666666,8.4,0.7599206349206349,False,False,0.15369848347669177
0,0.0,0,0.0,2,22.0,0.0,0.05,0.0,0.0,Mar,1,1,3,15,Returning_Visitor,True,2,22.0,1.0,11.0,1.0,False,False,0.02249241192849587
1,0.0,0,0.0,23,440.5833333,0.025,0.036666667,0.0,0.0,Dec,1,1,8,2,Returning_Visitor,True,24,440.5833333,0.9583333333333334,18.3576388875,1.0,False,False,0.04447617810899238
0,0.0,1,41.0,21,459.6666667,0.0,0.00952381,18.27428571,0.0,May,2,2,1,4,Returning_Visitor,False,22,500.6666667,0.9545454545454546,22.75757575909091,0.9181091877551192,True,True,0.909149782640177
0,0.0,0,0.0,3,181.5,0.0,0.033333333,0.0,0.0,Dec,4,1,1,6,Returning_Visitor,True,3,181.5,1.0,60.5,1.0,False,False,0.02974327682651627
8,143.1666667,1,22.0,87,2531.060479,0.006896552,0.017705157,0.860484729,0.0,May,1,1,1,1,Returning_Visitor,False,96,2696.2271457,0.90625,28.085699434375,0.9387415607904508,False,False,0.17527457155096351
1,41.0,0,0.0,30,1018.0,0.0,0.003448276,54.21806897,0.0,May,2,2,1,2,Returning_Visitor,False,31,1059.0,0.967741935483871,34.16129032258065,0.9612842304060434,True,True,0.9423987491718158
0,0.0,2,499.0,12,755.0,0.0,0.015384615,71.488,0.0,May,2,5,2,2,New_Visitor,False,14,1254.0,0.8571428571428571,89.57142857142857,0.60207336523126,True,True,0.9312949991678775
4,54.5,0,0.0,3,21.0,0.0,0.033333333,0.0,0.0,Nov,1,1,2,2,New_Visitor,False,7,75.5,0.4285714285714285,10.785714285714286,0.2781456953642384,False,False,0.3423334118644292
0,0.0,0,0.0,2,4.0,0.0,0.1,0.0,0.0,Nov,2,2,2,2,Returning_Visitor,False,2,4.0,1.0,2.0,1.0,False,False,0.14650976416627084
0,0.0,0,0.0,12,640.375,0.023076923,0.041538462,0.0,0.0,Dec,1,1,5,1,Returning_Visitor,True,12,640.375,1.0,53.364583333333336,1.0,False,False,0.019296261659149813
0,0.0,0,0.0,4,43.2,0.0,0.05,0.0,0.0,Jul,3,2,4,3,Returning_Visitor,False,4,43.2,1.0,10.8,1.0,False,False,0.022447874383631834
0,0.0,0,0.0,30,1029.583333,0.003571429,0.009166667,0.0,0.0,Dec,3,2,1,2,Returning_Visitor,False,30,1029.583333,1.0,34.31944443333334,1.0,False,False,0.05076702375106447
1,108.8,0,0.0,15,387.4,0.0,0.004166667,0.0,0.0,June,2,2,1,2,New_Visitor,False,16,496.2,0.9375,31.0125,0.7807335751713018,False,False,0.0795800551463475
1,112.8,0,0.0,8,543.7333333,0.0,0.011111111,28.69843548,0.0,Oct,1,1,6,2,New_Visitor,True,9,656.5333333,0.8888888888888888,72.94814814444445,0.8281884646541526,True,True,0.9371325376652658
8,246.5333333,0,0.0,79,2150.433333,0.007228916,0.020883534,17.35448787,0.0,Nov,1,1,1,3,Returning_Visitor,False,87,2396.9666663,0.9080459770114944,27.55134099195402,0.8971477840029569,False,True,0.7813603787094968
0,0.0,0,0.0,11,1712.416667,0.018181818,0.036363636,0.0,0.0,Nov,3,2,1,10,Returning_Visitor,True,11,1712.416667,1.0,155.67424245454546,1.0,False,False,0.12748957824560098
0,0.0,0,0.0,18,191.0,0.0,0.033333333,0.0,0.0,Nov,4,1,3,1,Returning_Visitor,False,18,191.0,1.0,10.61111111111111,1.0,False,False,0.10256107642300248
4,209.0625,0,0.0,71,3401.050687,0.005128205,0.026238576,0.0,0.0,Nov,2,2,2,2,Returning_Visitor,False,75,3610.113187,0.9466666666666668,48.13484249333333,0.9420897658409068,False,False,0.33567233271314134
0,0.0,0,0.0,24,648.0678571,0.016666667,0.035648148,0.0,0.4,May,2,2,3,1,Returning_Visitor,False,24,648.0678571,1.0,27.002827379166664,1.0,False,False,0.013980957618199067
2,17.2,0,0.0,18,168.5285714,0.010526316,0.024561404,0.0,0.0,Oct,1,1,3,2,Returning_Visitor,False,20,185.7285714,0.9,9.28642857,0.9073917390827464,False,False,0.055804901647741365
0,0.0,0,0.0,14,253.1666667,0.014285714,0.04047619,0.0,0.6,May,3,2,8,13,Returning_Visitor,False,14,253.1666667,1.0,18.083333335714286,1.0,False,False,0.008395395224345997
6,228.0,5,89.33333333,18,513.4666667,0.0,0.003461538,0.0,0.0,Mar,1,1,3,3,New_Visitor,False,29,830.8000000300001,0.6206896551724138,28.64827586310345,0.6180388380855306,False,False,0.03851209324656545
0,0.0,0,0.0,6,143.5,0.0,0.016666667,0.0,0.0,Dec,1,1,8,10,Returning_Visitor,False,6,143.5,1.0,23.916666666666668,1.0,False,False,0.037540450206391074
0,0.0,0,0.0,15,383.4583333,0.0,0.029333333,0.0,0.0,Dec,2,2,2,2,Returning_Visitor,False,15,383.4583333,1.0,25.563888886666668,1.0,False,False,0.042203707344721654
0,0.0,0,0.0,5,116.0,0.0,0.04,0.0,0.0,Mar,2,5,1,1,Returning_Visitor,False,5,116.0,1.0,23.2,1.0,False,False,0.018545514179303075
0,0.0,0,0.0,3,5.0,0.1,0.166666667,0.0,0.0,May,1,1,3,6,Returning_Visitor,False,3,5.0,1.0,1.6666666666666667,1.0,False,False,0.009007790667250166
1,55.0,2,18.0,9,548.0,0.0,0.04,17.2704,0.0,May,2,4,3,4,Returning_Visitor,False,12,621.0,0.75,51.75,0.8824476650563607,True,True,0.8237652787569086
6,253.0,0,0.0,21,686.4,0.003846154,0.012179487,0.0,0.0,Mar,1,1,3,3,Returning_Visitor,False,27,939.4,0.7777777777777778,34.79259259259259,0.7306791569086651,False,False,0.028000850732773714
0,0.0,1,8.0,38,2370.729167,0.015384615,0.030433925,0.0,0.0,Nov,2,10,2,2,Returning_Visitor,False,39,2378.729167,0.9743589743589745,60.99305556410256,0.996636859668186,False,False,0.3123529150074777
5,216.25,2,107.0,39,1056.511364,0.02,0.031666667,0.0,0.0,Dec,3,2,1,1,Returning_Visitor,True,46,1379.761364,0.8478260869565217,29.99481226086957,0.7657203568428084,False,False,0.02047068146577004
0,0.0,0,0.0,23,1516.966667,0.0,0.024242424,0.0,0.2,May,1,1,8,1,Returning_Visitor,False,23,1516.966667,1.0,65.95507247826086,1.0,False,False,0.012336074728712523
5,20.0,0,0.0,72,3220.887143,0.024937343,0.061688596,0.975803268,0.0,Oct,4,1,2,1,Returning_Visitor,False,77,3240.887143,0.935064935064935,42.08944341558441,0.9938288502136836,False,False,0.36620979155664646
0,0.0,1,44.0,14,549.5,0.0,0.013333333,43.252,0.2,May,2,4,1,2,New_Visitor,False,15,593.5,0.9333333333333332,39.56666666666667,0.9258635214827295,True,True,0.9594332802668484
3,9.0,0,0.0,17,372.25,0.0,0.016666667,0.0,0.0,Nov,4,1,3,1,Returning_Visitor,False,20,381.25,0.85,19.0625,0.9763934426229508,False,False,0.12703256309829575
6,31.0,0,0.0,17,1494.25,0.020289855,0.031449275,0.0,0.0,Nov,1,1,3,7,Returning_Visitor,False,23,1525.25,0.7391304347826086,66.31521739130434,0.979675463038846,False,False,0.1310141088982017
